engine,other,window,n,overlap_share,ev_overlap,ev_no_overlap,n_overlap,table,daily_pnl_corr,group,win_rate,pf,payoff,ev,mfe_mean,mae_mean,ge20,ge30,ge40,stop_rate,median_hold,entry_dow_mean
MOMENTUM,S1,DISCOVERY,695.0,0.0,,-0.007933748842589931,0.0,ENTRY_OVERLAP,,,,,,,,,,,,,,
MOMENTUM,S1,STRICT_OOS,388.0,0.005154639175257732,-0.0236175,-0.013937371835751295,2.0,ENTRY_OVERLAP,,,,,,,,,,,,,,
MOMENTUM,S1,EXTENDED,730.0,0.0027397260273972603,-0.0236175,-0.015773102582692308,2.0,ENTRY_OVERLAP,,,,,,,,,,,,,,
MOMENTUM,S1,FULL_2023_2026,1083.0,0.0018467220683287165,-0.0236175,-0.010077503213876042,2.0,ENTRY_OVERLAP,,,,,,,,,,,,,,
MOMENTUM,S2,DISCOVERY,695.0,0.0,,-0.007933748842589931,0.0,ENTRY_OVERLAP,,,,,,,,,,,,,,
MOMENTUM,S2,STRICT_OOS,388.0,0.0,,-0.013987269403608246,0.0,ENTRY_OVERLAP,,,,,,,,,,,,,,
MOMENTUM,S2,EXTENDED,730.0,0.0,,-0.015794594082465755,0.0,ENTRY_OVERLAP,,,,,,,,,,,,,,
MOMENTUM,S2,FULL_2023_2026,1083.0,0.0,,-0.010102507824746075,0.0,ENTRY_OVERLAP,,,,,,,,,,,,,,
MOMENTUM,W1,DISCOVERY,695.0,0.0028776978417266188,0.034384,-0.008055877987878789,2.0,ENTRY_OVERLAP,,,,,,,,,,,,,,
MOMENTUM,W1,STRICT_OOS,388.0,0.0,,-0.013987269403608246,0.0,ENTRY_OVERLAP,,,,,,,,,,,,,,
MOMENTUM,W1,EXTENDED,730.0,0.0027397260273972603,0.034384,-0.015932447362912088,2.0,ENTRY_OVERLAP,,,,,,,,,,,,,,
MOMENTUM,W1,FULL_2023_2026,1083.0,0.0018467220683287165,0.034384,-0.01018481403718779,2.0,ENTRY_OVERLAP,,,,,,,,,,,,,,
MOMENTUM,W2,DISCOVERY,695.0,0.02446043165467626,0.02713634823529412,-0.008813087559882008,17.0,ENTRY_OVERLAP,,,,,,,,,,,,,,
MOMENTUM,W2,STRICT_OOS,388.0,0.005154639175257732,-0.06123546,-0.013742460125906733,2.0,ENTRY_OVERLAP,,,,,,,,,,,,,,
MOMENTUM,W2,EXTENDED,730.0,0.010958904109589041,-0.0382327125,-0.01554597227174515,8.0,ENTRY_OVERLAP,,,,,,,,,,,,,,
MOMENTUM,W2,FULL_2023_2026,1083.0,0.017543859649122806,0.017834052631578945,-0.01060137497575188,19.0,ENTRY_OVERLAP,,,,,,,,,,,,,,
MOMENTUM,W3,DISCOVERY,695.0,0.0,,-0.007933748842589931,0.0,ENTRY_OVERLAP,,,,,,,,,,,,,,
MOMENTUM,W3,STRICT_OOS,388.0,0.0,,-0.013987269403608246,0.0,ENTRY_OVERLAP,,,,,,,,,,,,,,
MOMENTUM,W3,EXTENDED,730.0,0.0,,-0.015794594082465755,0.0,ENTRY_OVERLAP,,,,,,,,,,,,,,
MOMENTUM,W3,FULL_2023_2026,1083.0,0.0,,-0.010102507824746075,0.0,ENTRY_OVERLAP,,,,,,,,,,,,,,
S1,MOMENTUM,PRE_2020_2022,59.0,0.0,,-0.04940556323215624,0.0,ENTRY_OVERLAP,,,,,,,,,,,,,,
S1,MOMENTUM,DISCOVERY,9.0,0.0,,-0.0434164534766684,0.0,ENTRY_OVERLAP,,,,,,,,,,,,,,
S1,MOMENTUM,STRICT_OOS,29.0,0.06896551724137931,0.17115254946351033,-0.05674627773063244,2.0,ENTRY_OVERLAP,,,,,,,,,,,,,,
S1,MOMENTUM,EXTENDED,30.0,0.06666666666666667,0.17115254946351033,-0.057114362572266944,2.0,ENTRY_OVERLAP,,,,,,,,,,,,,,
S1,MOMENTUM,FULL_2023_2026,38.0,0.05263157894736842,0.17115254946351033,-0.053413821667141426,2.0,ENTRY_OVERLAP,,,,,,,,,,,,,,
S1,S2,PRE_2020_2022,59.0,0.11864406779661017,-0.06052044326065294,-0.047909329382166306,7.0,ENTRY_OVERLAP,,,,,,,,,,,,,,
S1,S2,DISCOVERY,9.0,0.1111111111111111,-0.12225084064087592,-0.03356215508114246,1.0,ENTRY_OVERLAP,,,,,,,,,,,,,,
S1,S2,STRICT_OOS,29.0,0.10344827586206896,-0.017917238781872208,-0.04369587244055533,3.0,ENTRY_OVERLAP,,,,,,,,,,,,,,
S1,S2,EXTENDED,30.0,0.1,-0.017917238781872208,-0.04456093839817916,3.0,ENTRY_OVERLAP,,,,,,,,,,,,,,
S1,S2,FULL_2023_2026,38.0,0.10526315789473684,-0.04400063924662314,-0.0413114683559876,4.0,ENTRY_OVERLAP,,,,,,,,,,,,,,
S1,W1,PRE_2020_2022,59.0,0.0,,-0.04940556323215624,0.0,ENTRY_OVERLAP,,,,,,,,,,,,,,
S1,W1,DISCOVERY,9.0,0.0,,-0.0434164534766684,0.0,ENTRY_OVERLAP,,,,,,,,,,,,,,
S1,W1,STRICT_OOS,29.0,0.0,,-0.041029117234484665,0.0,ENTRY_OVERLAP,,,,,,,,,,,,,,
S1,W1,EXTENDED,30.0,0.0,,-0.04189656843654845,0.0,ENTRY_OVERLAP,,,,,,,,,,,,,,
S1,W1,FULL_2023_2026,38.0,0.0,,-0.0415945389760545,0.0,ENTRY_OVERLAP,,,,,,,,,,,,,,
S1,W2,PRE_2020_2022,59.0,0.0,,-0.04940556323215624,0.0,ENTRY_OVERLAP,,,,,,,,,,,,,,
S1,W2,DISCOVERY,9.0,0.0,,-0.0434164534766684,0.0,ENTRY_OVERLAP,,,,,,,,,,,,,,
S1,W2,STRICT_OOS,29.0,0.0,,-0.041029117234484665,0.0,ENTRY_OVERLAP,,,,,,,,,,,,,,
S1,W2,EXTENDED,30.0,0.0,,-0.04189656843654845,0.0,ENTRY_OVERLAP,,,,,,,,,,,,,,
S1,W2,FULL_2023_2026,38.0,0.0,,-0.0415945389760545,0.0,ENTRY_OVERLAP,,,,,,,,,,,,,,
S1,W3,PRE_2020_2022,59.0,0.0,,-0.04940556323215624,0.0,ENTRY_OVERLAP,,,,,,,,,,,,,,
S1,W3,DISCOVERY,9.0,0.0,,-0.0434164534766684,0.0,ENTRY_OVERLAP,,,,,,,,,,,,,,
S1,W3,STRICT_OOS,29.0,0.0,,-0.041029117234484665,0.0,ENTRY_OVERLAP,,,,,,,,,,,,,,
S1,W3,EXTENDED,30.0,0.0,,-0.04189656843654845,0.0,ENTRY_OVERLAP,,,,,,,,,,,,,,
S1,W3,FULL_2023_2026,38.0,0.0,,-0.0415945389760545,0.0,ENTRY_OVERLAP,,,,,,,,,,,,,,
S2,MOMENTUM,PRE_2020_2022,29.0,0.0,,-0.014399315203581686,0.0,ENTRY_OVERLAP,,,,,,,,,,,,,,
S2,MOMENTUM,DISCOVERY,4.0,0.0,,0.011385655967936281,0.0,ENTRY_OVERLAP,,,,,,,,,,,,,,
S2,MOMENTUM,STRICT_OOS,25.0,0.0,,-0.021423032233418057,0.0,ENTRY_OVERLAP,,,,,,,,,,,,,,
S2,MOMENTUM,EXTENDED,27.0,0.0,,-0.013740909612814801,0.0,ENTRY_OVERLAP,,,,,,,,,,,,,,
S2,MOMENTUM,FULL_2023_2026,29.0,0.0,,-0.016897695929782974,0.0,ENTRY_OVERLAP,,,,,,,,,,,,,,
S2,S1,PRE_2020_2022,29.0,0.2413793103448276,-0.04554547426638903,-0.004489173683597526,7.0,ENTRY_OVERLAP,,,,,,,,,,,,,,
S2,S1,DISCOVERY,4.0,0.25,-0.09339048908801134,0.04631103765325215,1.0,ENTRY_OVERLAP,,,,,,,,,,,,,,
S2,S1,STRICT_OOS,25.0,0.12,0.014003919488091566,-0.026253980195442096,3.0,ENTRY_OVERLAP,,,,,,,,,,,,,,
S2,S1,EXTENDED,27.0,0.1111111111111111,0.014003919488091566,-0.0172090132504281,3.0,ENTRY_OVERLAP,,,,,,,,,,,,,,
S2,S1,FULL_2023_2026,29.0,0.13793103448275862,-0.012844682655934157,-0.017546178053598788,4.0,ENTRY_OVERLAP,,,,,,,,,,,,,,
S2,W1,PRE_2020_2022,29.0,0.0,,-0.014399315203581686,0.0,ENTRY_OVERLAP,,,,,,,,,,,,,,
S2,W1,DISCOVERY,4.0,0.0,,0.011385655967936281,0.0,ENTRY_OVERLAP,,,,,,,,,,,,,,
S2,W1,STRICT_OOS,25.0,0.0,,-0.021423032233418057,0.0,ENTRY_OVERLAP,,,,,,,,,,,,,,
S2,W1,EXTENDED,27.0,0.0,,-0.013740909612814801,0.0,ENTRY_OVERLAP,,,,,,,,,,,,,,
S2,W1,FULL_2023_2026,29.0,0.0,,-0.016897695929782974,0.0,ENTRY_OVERLAP,,,,,,,,,,,,,,
S2,W2,PRE_2020_2022,29.0,0.0,,-0.014399315203581686,0.0,ENTRY_OVERLAP,,,,,,,,,,,,,,
S2,W2,DISCOVERY,4.0,0.0,,0.011385655967936281,0.0,ENTRY_OVERLAP,,,,,,,,,,,,,,
S2,W2,STRICT_OOS,25.0,0.0,,-0.021423032233418057,0.0,ENTRY_OVERLAP,,,,,,,,,,,,,,
S2,W2,EXTENDED,27.0,0.0,,-0.013740909612814801,0.0,ENTRY_OVERLAP,,,,,,,,,,,,,,
S2,W2,FULL_2023_2026,29.0,0.0,,-0.016897695929782974,0.0,ENTRY_OVERLAP,,,,,,,,,,,,,,
S2,W3,PRE_2020_2022,29.0,0.0,,-0.014399315203581686,0.0,ENTRY_OVERLAP,,,,,,,,,,,,,,
S2,W3,DISCOVERY,4.0,0.0,,0.011385655967936281,0.0,ENTRY_OVERLAP,,,,,,,,,,,,,,
S2,W3,STRICT_OOS,25.0,0.0,,-0.021423032233418057,0.0,ENTRY_OVERLAP,,,,,,,,,,,,,,
S2,W3,EXTENDED,27.0,0.0,,-0.013740909612814801,0.0,ENTRY_OVERLAP,,,,,,,,,,,,,,
S2,W3,FULL_2023_2026,29.0,0.0,,-0.016897695929782974,0.0,ENTRY_OVERLAP,,,,,,,,,,,,,,
W1,MOMENTUM,PRE_2020_2022,23.0,0.0,,0.08639929915277891,0.0,ENTRY_OVERLAP,,,,,,,,,,,,,,
W1,MOMENTUM,DISCOVERY,33.0,0.06060606060606061,-0.20717066085710284,-0.01070781221550943,2.0,ENTRY_OVERLAP,,,,,,,,,,,,,,
W1,MOMENTUM,STRICT_OOS,9.0,0.0,,0.7469091823803768,0.0,ENTRY_OVERLAP,,,,,,,,,,,,,,
W1,MOMENTUM,EXTENDED,24.0,0.08333333333333333,-0.20717066085710284,0.2981673830466425,2.0,ENTRY_OVERLAP,,,,,,,,,,,,,,
W1,MOMENTUM,FULL_2023_2026,42.0,0.047619047619047616,-0.20717066085710284,0.15975601156856498,2.0,ENTRY_OVERLAP,,,,,,,,,,,,,,
W1,S1,PRE_2020_2022,23.0,0.0,,0.08639929915277891,0.0,ENTRY_OVERLAP,,,,,,,,,,,,,,
W1,S1,DISCOVERY,33.0,0.0,,-0.022614651527121145,0.0,ENTRY_OVERLAP,,,,,,,,,,,,,,
W1,S1,STRICT_OOS,9.0,0.0,,0.7469091823803768,0.0,ENTRY_OVERLAP,,,,,,,,,,,,,,
W1,S1,EXTENDED,24.0,0.0,,0.25605587938799707,0.0,ENTRY_OVERLAP,,,,,,,,,,,,,,
W1,S1,FULL_2023_2026,42.0,0.0,,0.1422833128816284,0.0,ENTRY_OVERLAP,,,,,,,,,,,,,,
W1,S2,PRE_2020_2022,23.0,0.0,,0.08639929915277891,0.0,ENTRY_OVERLAP,,,,,,,,,,,,,,
W1,S2,DISCOVERY,33.0,0.0,,-0.022614651527121145,0.0,ENTRY_OVERLAP,,,,,,,,,,,,,,
W1,S2,STRICT_OOS,9.0,0.0,,0.7469091823803768,0.0,ENTRY_OVERLAP,,,,,,,,,,,,,,
W1,S2,EXTENDED,24.0,0.0,,0.25605587938799707,0.0,ENTRY_OVERLAP,,,,,,,,,,,,,,
W1,S2,FULL_2023_2026,42.0,0.0,,0.1422833128816284,0.0,ENTRY_OVERLAP,,,,,,,,,,,,,,
W1,W2,PRE_2020_2022,23.0,0.0,,0.08639929915277891,0.0,ENTRY_OVERLAP,,,,,,,,,,,,,,
W1,W2,DISCOVERY,33.0,0.0,,-0.022614651527121145,0.0,ENTRY_OVERLAP,,,,,,,,,,,,,,
W1,W2,STRICT_OOS,9.0,0.0,,0.7469091823803768,0.0,ENTRY_OVERLAP,,,,,,,,,,,,,,
W1,W2,EXTENDED,24.0,0.0,,0.25605587938799707,0.0,ENTRY_OVERLAP,,,,,,,,,,,,,,
W1,W2,FULL_2023_2026,42.0,0.0,,0.1422833128816284,0.0,ENTRY_OVERLAP,,,,,,,,,,,,,,
W1,W3,PRE_2020_2022,23.0,0.0,,0.08639929915277891,0.0,ENTRY_OVERLAP,,,,,,,,,,,,,,
W1,W3,DISCOVERY,33.0,0.0,,-0.022614651527121145,0.0,ENTRY_OVERLAP,,,,,,,,,,,,,,
W1,W3,STRICT_OOS,9.0,0.0,,0.7469091823803768,0.0,ENTRY_OVERLAP,,,,,,,,,,,,,,
W1,W3,EXTENDED,24.0,0.0,,0.25605587938799707,0.0,ENTRY_OVERLAP,,,,,,,,,,,,,,
W1,W3,FULL_2023_2026,42.0,0.0,,0.1422833128816284,0.0,ENTRY_OVERLAP,,,,,,,,,,,,,,
W2,MOMENTUM,PRE_2020_2022,166.0,0.0,,0.027512914846314948,0.0,ENTRY_OVERLAP,,,,,,,,,,,,,,
W2,MOMENTUM,DISCOVERY,205.0,0.08780487804878048,0.19052978334704257,0.04494627863876982,18.0,ENTRY_OVERLAP,,,,,,,,,,,,,,
W2,MOMENTUM,STRICT_OOS,34.0,0.029411764705882353,0.08394113997964564,0.07469427133435849,1.0,ENTRY_OVERLAP,,,,,,,,,,,,,,
W2,MOMENTUM,EXTENDED,117.0,0.06837606837606838,-0.018435567617760686,0.004463158449092591,8.0,ENTRY_OVERLAP,,,,,,,,,,,,,,
W2,MOMENTUM,FULL_2023_2026,239.0,0.0794979079497908,0.1849198547487585,0.049408477543108134,19.0,ENTRY_OVERLAP,,,,,,,,,,,,,,
W2,S1,PRE_2020_2022,166.0,0.0,,0.027512914846314948,0.0,ENTRY_OVERLAP,,,,,,,,,,,,,,
W2,S1,DISCOVERY,205.0,0.0,,0.057729220515593774,0.0,ENTRY_OVERLAP,,,,,,,,,,,,,,
W2,S1,STRICT_OOS,34.0,0.0,,0.07496623805921987,0.0,ENTRY_OVERLAP,,,,,,,,,,,,,,
W2,S1,EXTENDED,117.0,0.0,,0.002897433589820575,0.0,ENTRY_OVERLAP,,,,,,,,,,,,,,
W2,S1,FULL_2023_2026,239.0,0.0,,0.0601813485343523,0.0,ENTRY_OVERLAP,,,,,,,,,,,,,,
W2,S2,PRE_2020_2022,166.0,0.0,,0.027512914846314948,0.0,ENTRY_OVERLAP,,,,,,,,,,,,,,
W2,S2,DISCOVERY,205.0,0.0,,0.057729220515593774,0.0,ENTRY_OVERLAP,,,,,,,,,,,,,,
W2,S2,STRICT_OOS,34.0,0.0,,0.07496623805921987,0.0,ENTRY_OVERLAP,,,,,,,,,,,,,,
W2,S2,EXTENDED,117.0,0.0,,0.002897433589820575,0.0,ENTRY_OVERLAP,,,,,,,,,,,,,,
W2,S2,FULL_2023_2026,239.0,0.0,,0.0601813485343523,0.0,ENTRY_OVERLAP,,,,,,,,,,,,,,
W2,W1,PRE_2020_2022,166.0,0.0,,0.027512914846314948,0.0,ENTRY_OVERLAP,,,,,,,,,,,,,,
W2,W1,DISCOVERY,205.0,0.0,,0.057729220515593774,0.0,ENTRY_OVERLAP,,,,,,,,,,,,,,
W2,W1,STRICT_OOS,34.0,0.0,,0.07496623805921987,0.0,ENTRY_OVERLAP,,,,,,,,,,,,,,
W2,W1,EXTENDED,117.0,0.0,,0.002897433589820575,0.0,ENTRY_OVERLAP,,,,,,,,,,,,,,
W2,W1,FULL_2023_2026,239.0,0.0,,0.0601813485343523,0.0,ENTRY_OVERLAP,,,,,,,,,,,,,,
W2,W3,PRE_2020_2022,166.0,0.0,,0.027512914846314948,0.0,ENTRY_OVERLAP,,,,,,,,,,,,,,
W2,W3,DISCOVERY,205.0,0.0,,0.057729220515593774,0.0,ENTRY_OVERLAP,,,,,,,,,,,,,,
W2,W3,STRICT_OOS,34.0,0.0,,0.07496623805921987,0.0,ENTRY_OVERLAP,,,,,,,,,,,,,,
W2,W3,EXTENDED,117.0,0.0,,0.002897433589820575,0.0,ENTRY_OVERLAP,,,,,,,,,,,,,,
W2,W3,FULL_2023_2026,239.0,0.0,,0.0601813485343523,0.0,ENTRY_OVERLAP,,,,,,,,,,,,,,
MOMENTUM,S1,PRE_2020_2022,,,,,,PNL_CORRELATION,,,,,,,,,,,,,,
MOMENTUM,S2,PRE_2020_2022,,,,,,PNL_CORRELATION,,,,,,,,,,,,,,
MOMENTUM,W1,PRE_2020_2022,,,,,,PNL_CORRELATION,,,,,,,,,,,,,,
MOMENTUM,W2,PRE_2020_2022,,,,,,PNL_CORRELATION,,,,,,,,,,,,,,
MOMENTUM,W3,PRE_2020_2022,,,,,,PNL_CORRELATION,,,,,,,,,,,,,,
S1,S2,PRE_2020_2022,,,,,,PNL_CORRELATION,0.28527983205973656,,,,,,,,,,,,,
S1,W1,PRE_2020_2022,,,,,,PNL_CORRELATION,0.15383260119923242,,,,,,,,,,,,,
S1,W2,PRE_2020_2022,,,,,,PNL_CORRELATION,-0.03751621367526165,,,,,,,,,,,,,
S1,W3,PRE_2020_2022,,,,,,PNL_CORRELATION,-0.12452594953823429,,,,,,,,,,,,,
S2,W1,PRE_2020_2022,,,,,,PNL_CORRELATION,0.062520159074106,,,,,,,,,,,,,
S2,W2,PRE_2020_2022,,,,,,PNL_CORRELATION,-0.035689660713958085,,,,,,,,,,,,,
S2,W3,PRE_2020_2022,,,,,,PNL_CORRELATION,-0.05226345365760734,,,,,,,,,,,,,
W1,W2,PRE_2020_2022,,,,,,PNL_CORRELATION,0.5744320407736794,,,,,,,,,,,,,
W1,W3,PRE_2020_2022,,,,,,PNL_CORRELATION,0.6104304263120668,,,,,,,,,,,,,
W2,W3,PRE_2020_2022,,,,,,PNL_CORRELATION,0.7296352475199124,,,,,,,,,,,,,
MOMENTUM,S1,DISCOVERY,,,,,,PNL_CORRELATION,-0.061773302404308575,,,,,,,,,,,,,
MOMENTUM,S2,DISCOVERY,,,,,,PNL_CORRELATION,-0.11158795368756104,,,,,,,,,,,,,
MOMENTUM,W1,DISCOVERY,,,,,,PNL_CORRELATION,0.016305623468660522,,,,,,,,,,,,,
MOMENTUM,W2,DISCOVERY,,,,,,PNL_CORRELATION,0.10591664327866829,,,,,,,,,,,,,
MOMENTUM,W3,DISCOVERY,,,,,,PNL_CORRELATION,,,,,,,,,,,,,,
S1,S2,DISCOVERY,,,,,,PNL_CORRELATION,0.5570881784281302,,,,,,,,,,,,,
S1,W1,DISCOVERY,,,,,,PNL_CORRELATION,-0.12834569288648426,,,,,,,,,,,,,
S1,W2,DISCOVERY,,,,,,PNL_CORRELATION,-0.24855551850061927,,,,,,,,,,,,,
S1,W3,DISCOVERY,,,,,,PNL_CORRELATION,,,,,,,,,,,,,,
S2,W1,DISCOVERY,,,,,,PNL_CORRELATION,-0.10445165319585784,,,,,,,,,,,,,
S2,W2,DISCOVERY,,,,,,PNL_CORRELATION,-0.27050147613806574,,,,,,,,,,,,,
S2,W3,DISCOVERY,,,,,,PNL_CORRELATION,,,,,,,,,,,,,,
W1,W2,DISCOVERY,,,,,,PNL_CORRELATION,0.2453234533485284,,,,,,,,,,,,,
W1,W3,DISCOVERY,,,,,,PNL_CORRELATION,,,,,,,,,,,,,,
W2,W3,DISCOVERY,,,,,,PNL_CORRELATION,,,,,,,,,,,,,,
MOMENTUM,S1,STRICT_OOS,,,,,,PNL_CORRELATION,0.14040670224492788,,,,,,,,,,,,,
MOMENTUM,S2,STRICT_OOS,,,,,,PNL_CORRELATION,0.14161765687789218,,,,,,,,,,,,,
MOMENTUM,W1,STRICT_OOS,,,,,,PNL_CORRELATION,0.033054798609238094,,,,,,,,,,,,,
MOMENTUM,W2,STRICT_OOS,,,,,,PNL_CORRELATION,-0.2811145108638327,,,,,,,,,,,,,
MOMENTUM,W3,STRICT_OOS,,,,,,PNL_CORRELATION,,,,,,,,,,,,,,
S1,S2,STRICT_OOS,,,,,,PNL_CORRELATION,0.43071612843819024,,,,,,,,,,,,,
S1,W1,STRICT_OOS,,,,,,PNL_CORRELATION,0.4048402590966756,,,,,,,,,,,,,
S1,W2,STRICT_OOS,,,,,,PNL_CORRELATION,0.11756330990152554,,,,,,,,,,,,,
S1,W3,STRICT_OOS,,,,,,PNL_CORRELATION,,,,,,,,,,,,,,
S2,W1,STRICT_OOS,,,,,,PNL_CORRELATION,0.2788680597247618,,,,,,,,,,,,,
S2,W2,STRICT_OOS,,,,,,PNL_CORRELATION,0.05358952646622825,,,,,,,,,,,,,
S2,W3,STRICT_OOS,,,,,,PNL_CORRELATION,,,,,,,,,,,,,,
W1,W2,STRICT_OOS,,,,,,PNL_CORRELATION,0.22559898554302446,,,,,,,,,,,,,
W1,W3,STRICT_OOS,,,,,,PNL_CORRELATION,,,,,,,,,,,,,,
W2,W3,STRICT_OOS,,,,,,PNL_CORRELATION,,,,,,,,,,,,,,
MOMENTUM,S1,EXTENDED,,,,,,PNL_CORRELATION,0.10702165056419197,,,,,,,,,,,,,
MOMENTUM,S2,EXTENDED,,,,,,PNL_CORRELATION,0.09443248514329151,,,,,,,,,,,,,
MOMENTUM,W1,EXTENDED,,,,,,PNL_CORRELATION,0.018191046784147038,,,,,,,,,,,,,
MOMENTUM,W2,EXTENDED,,,,,,PNL_CORRELATION,0.14457085103234393,,,,,,,,,,,,,
MOMENTUM,W3,EXTENDED,,,,,,PNL_CORRELATION,,,,,,,,,,,,,,
S1,S2,EXTENDED,,,,,,PNL_CORRELATION,0.43389103988779293,,,,,,,,,,,,,
S1,W1,EXTENDED,,,,,,PNL_CORRELATION,0.2598178893913616,,,,,,,,,,,,,
S1,W2,EXTENDED,,,,,,PNL_CORRELATION,0.12685180260291068,,,,,,,,,,,,,
S1,W3,EXTENDED,,,,,,PNL_CORRELATION,,,,,,,,,,,,,,
S2,W1,EXTENDED,,,,,,PNL_CORRELATION,0.18920142187485228,,,,,,,,,,,,,
S2,W2,EXTENDED,,,,,,PNL_CORRELATION,0.04249236877042704,,,,,,,,,,,,,
S2,W3,EXTENDED,,,,,,PNL_CORRELATION,,,,,,,,,,,,,,
W1,W2,EXTENDED,,,,,,PNL_CORRELATION,-0.06950430721917554,,,,,,,,,,,,,
W1,W3,EXTENDED,,,,,,PNL_CORRELATION,,,,,,,,,,,,,,
W2,W3,EXTENDED,,,,,,PNL_CORRELATION,,,,,,,,,,,,,,
MOMENTUM,S1,FULL_2023_2026,,,,,,PNL_CORRELATION,0.07555259624299893,,,,,,,,,,,,,
MOMENTUM,S2,FULL_2023_2026,,,,,,PNL_CORRELATION,0.07210889562470857,,,,,,,,,,,,,
MOMENTUM,W1,FULL_2023_2026,,,,,,PNL_CORRELATION,-0.11752579212681748,,,,,,,,,,,,,
MOMENTUM,W2,FULL_2023_2026,,,,,,PNL_CORRELATION,0.08926000347495702,,,,,,,,,,,,,
MOMENTUM,W3,FULL_2023_2026,,,,,,PNL_CORRELATION,,,,,,,,,,,,,,
S1,S2,FULL_2023_2026,,,,,,PNL_CORRELATION,0.4419387559353972,,,,,,,,,,,,,
S1,W1,FULL_2023_2026,,,,,,PNL_CORRELATION,0.2231764308468832,,,,,,,,,,,,,
S1,W2,FULL_2023_2026,,,,,,PNL_CORRELATION,-0.003207733133853992,,,,,,,,,,,,,
S1,W3,FULL_2023_2026,,,,,,PNL_CORRELATION,,,,,,,,,,,,,,
S2,W1,FULL_2023_2026,,,,,,PNL_CORRELATION,0.1624203454144285,,,,,,,,,,,,,
S2,W2,FULL_2023_2026,,,,,,PNL_CORRELATION,-0.009547893367510734,,,,,,,,,,,,,
S2,W3,FULL_2023_2026,,,,,,PNL_CORRELATION,,,,,,,,,,,,,,
W1,W2,FULL_2023_2026,,,,,,PNL_CORRELATION,-0.07039189105046306,,,,,,,,,,,,,
W1,W3,FULL_2023_2026,,,,,,PNL_CORRELATION,,,,,,,,,,,,,,
W2,W3,FULL_2023_2026,,,,,,PNL_CORRELATION,,,,,,,,,,,,,,
MOMENTUM,,DISCOVERY,19.0,,,,,PART36_CLASS,,BOTH,0.21052631578947367,1.9154383935216535,7.1828939757062,0.027899258947368426,0.15368923736842108,-0.023452285789473684,0.10526315789473684,0.10526315789473684,0.05263157894736842,0.0,6.0,2.0
MOMENTUM,,STRICT_OOS,2.0,,,,,PART36_CLASS,,BOTH,0.0,0.0,,-0.06123546,0.015989875,-0.0563473,0.0,0.0,0.0,0.0,2.5,2.0
MOMENTUM,,EXTENDED,10.0,,,,,PART36_CLASS,,BOTH,0.1,0.3071461113090143,2.764315001781129,-0.02370937,0.06340285500000001,-0.027634017,0.0,0.0,0.0,0.0,5.5,2.2
MOMENTUM,,FULL_2023_2026,21.0,,,,,PART36_CLASS,,BOTH,0.19047619047619047,1.58104348947623,6.719434830273978,0.019410238095238095,0.1405750123809524,-0.026585144285714287,0.09523809523809523,0.09523809523809523,0.047619047619047616,0.0,5.0,2.0
MOMENTUM,,DISCOVERY,676.0,,,,,PART36_CLASS,,MOMENTUM_ONLY,0.14792899408284024,0.756489148879414,4.357377497545424,-0.00894088959408284,0.09705713612795856,-0.03395081964497041,0.047337278106508875,0.03254437869822485,0.016272189349112426,0.0,6.0,1.7884615384615385
MOMENTUM,,STRICT_OOS,386.0,,,,,PART36_CLASS,,MOMENTUM_ONLY,0.18911917098445596,0.6217307078960609,2.6657768708420146,-0.013742460125906733,0.09565159602901553,-0.028303208005181348,0.03626943005181347,0.018134715025906734,0.012953367875647668,0.0,5.0,1.8445595854922279
MOMENTUM,,EXTENDED,720.0,,,,,PART36_CLASS,,MOMENTUM_ONLY,0.15555555555555556,0.5779147477759682,3.137251487926684,-0.015684666639166664,0.09135481416208333,-0.03112840327777778,0.034722222222222224,0.020833333333333332,0.0125,0.0,5.0,1.7541666666666667
MOMENTUM,,FULL_2023_2026,1062.0,,,,,PART36_CLASS,,MOMENTUM_ONLY,0.16290018832391714,0.7078388285032313,3.6373914366437727,-0.010686093196045196,0.09654627127090395,-0.031898109576271184,0.04331450094161959,0.027306967984934087,0.015065913370998116,0.0,5.0,1.8088512241054613
WEINSTEIN,,DISCOVERY,20.0,,,,,PART36_CLASS,,BOTH,0.55,4.367964478874906,3.5737891190794686,0.15075973892662803,0.4342111753454289,-0.06775603267640766,0.2,0.15,0.15,0.15,9.5,1.2
WEINSTEIN,,STRICT_OOS,1.0,,,,,PART36_CLASS,,BOTH,1.0,inf,,0.08394113997964564,0.10156115631249563,-0.044967260703487666,0.0,0.0,0.0,0.0,4.0,2.0
WEINSTEIN,,EXTENDED,10.0,,,,,PART36_CLASS,,BOTH,0.4,0.3111223314491226,0.46668349717368396,-0.05618258626562912,0.1310965822645549,-0.07350224315561828,0.0,0.0,0.0,0.3,8.0,1.5
WEINSTEIN,,FULL_2023_2026,21.0,,,,,PART36_CLASS,,BOTH,0.5714285714285714,4.461726507046533,3.3462948802849004,0.14757790088153364,0.41837069824862255,-0.06667085305864957,0.19047619047619047,0.14285714285714285,0.14285714285714285,0.14285714285714285,9.0,1.2380952380952381
WEINSTEIN,,PRE_2020_2022,189.0,,,,,PART36_CLASS,,WEINSTEIN_ONLY,0.30687830687830686,1.7130996362445703,3.8692422818627366,0.03467898277778939,0.2600114139659082,-0.06471767897456136,0.09523809523809523,0.07407407407407407,0.06878306878306878,0.19047619047619047,6.0,1.5026455026455026
WEINSTEIN,,DISCOVERY,218.0,,,,,PART36_CLASS,,WEINSTEIN_ONLY,0.3486238532110092,1.828152738014864,3.4157590631330352,0.03703216480169341,0.2197423078761775,-0.061956255776087,0.11467889908256881,0.10091743119266056,0.0779816513761468,0.16055045871559634,6.0,1.6926605504587156
WEINSTEIN,,STRICT_OOS,42.0,,,,,PART36_CLASS,,WEINSTEIN_ONLY,0.42857142857142855,5.001677348661188,6.66890313154825,0.21874032370136243,0.5314828878413607,-0.07220199065182775,0.19047619047619047,0.19047619047619047,0.14285714285714285,0.21428571428571427,6.0,1.5952380952380953
WEINSTEIN,,EXTENDED,131.0,,,,,PART36_CLASS,,WEINSTEIN_ONLY,0.2900763358778626,2.018827936339415,4.940815738935937,0.053787532045627695,0.2554331211663698,-0.06673478854394042,0.08396946564885496,0.08396946564885496,0.061068702290076333,0.183206106870229,6.0,1.6259541984732824
WEINSTEIN,,FULL_2023_2026,260.0,,,,,PART36_CLASS,,WEINSTEIN_ONLY,0.36153846153846153,2.433084275829363,4.296723295613556,0.06638502123933226,0.27010040156286097,-0.06361133602524513,0.12692307692307692,0.11538461538461539,0.08846153846153847,0.16923076923076924,6.0,1.676923076923077
