engine,window,subset,threshold,n,trades_per_year,win_rate,pf,payoff,ev,median_ret,avg_winner,avg_loser,avg_r,median_r,mfe_mean,mae_mean,mfe_mae_ratio,stop_rate,first_exit_stop_rate,stop_dist_pct_med,stop_dist_atr_med,median_hold,ge10,ge20,ge30,ge40,n_ge20,n_ge40,top1pct_share,top5pct_share,pnl_ex_top5,pnl_per_100_slot_days,total_pnl_slots,table,analysis,family,group_var,group,ret_s40,r_s40,stop_hit,mfe40,mae40,up20_before_stop,feature,bin,x_lo,x_hi,x_med
MOMENTUM,PRE_2020_2022,ALL,0.7992223546151203,0,,,,,,,,,,,,,,,,,,,,,,,,,,,,,,STRATEGY_FILTER,,,,,,,,,,,,,,,
MOMENTUM,PRE_2020_2022,HRR_TOP_TERCILE,0.7992223546151203,0,,,,,,,,,,,,,,,,,,,,,,,,,,,,,,STRATEGY_FILTER,,,,,,,,,,,,,,,
MOMENTUM,PRE_2020_2022,HRR_BOTTOM_2_TERCILES,0.7992223546151203,0,,,,,,,,,,,,,,,,,,,,,,,,,,,,,,STRATEGY_FILTER,,,,,,,,,,,,,,,
MOMENTUM,DISCOVERY,ALL,0.7992223546151203,695,349.65392561983475,0.14964028776978416,0.7829106142215924,4.449040125047703,-0.007933748842589931,-0.03681356,0.19120687533076924,-0.04297710741116751,-0.11554208213582785,-0.5592115560488289,0.09860535184532374,-0.03366380936690647,2.929120432290074,0.0,0.0,0.0644262,,6.0,0.07625899280575539,0.04892086330935252,0.034532374100719423,0.017266187050359712,34.0,12.0,0.7288171969479702,1.7222256311933968,3.2541481185999963,0.24274363754669723,8.479642118600001,STRATEGY_FILTER,,,,,,,,,,,,,,,
MOMENTUM,DISCOVERY,HRR_TOP_TERCILE,0.7992223546151203,232,116.71900826446281,0.12931034482758622,0.5227850414726999,3.520085945916179,-0.020233899205172413,-0.044855599999999995,0.17141760248000001,-0.04869699351485148,-0.28812321706272276,-0.6100416846929902,0.09079029206465516,-0.03626192323275862,2.503736260260907,0.0,0.0,0.067652,,5.0,0.0603448275862069,0.03879310344827586,0.02586206896551724,0.017241379310344827,9.0,4.0,3.3617461617812343,8.259890953240719,-2.0705756964,0.04899913474985946,0.4358473035999999,STRATEGY_FILTER,,,,,,,,,,,,,,,
MOMENTUM,DISCOVERY,HRR_BOTTOM_2_TERCILES,0.7992223546151203,463,233.25620689655173,0.15982721382289417,0.9473297050121602,4.979881827699058,-0.0017703905615550754,-0.03436248,0.1992295535135135,-0.04000688377892032,-0.029065141956476654,-0.5144709638745826,0.10252132132505398,-0.03236194669546436,3.1679590319399016,0.0,0.0,0.0629935,,6.0,0.08423326133909287,0.05399568034557235,0.038876889848812095,0.017278617710583154,25.0,8.0,0.5861538127759913,1.3290703263668466,3.328893815,0.30893114987998077,8.043794815,STRATEGY_FILTER,,,,,,,,,,,,,,,
MOMENTUM,STRICT_OOS,ALL,0.7992223546151203,388,233.47116968698518,0.18814432989690721,0.6163479083972375,2.659583440344244,-0.013987269403608246,-0.031716560000000005,0.1194346005808219,-0.04490725832063492,-0.3274543649263627,-0.593831930486876,0.09524096860103093,-0.028447765180412372,3.3479244501993017,0.0,0.0,0.06021855,,5.0,0.06958762886597938,0.03608247422680412,0.01804123711340206,0.01288659793814433,14.0,5.0,3.9517051997012427,8.7752851790802,-2.0967911683999993,0.036228014079027364,0.5959508316000001,STRATEGY_FILTER,,,,,,,,,,,,,,,
MOMENTUM,STRICT_OOS,HRR_TOP_TERCILE,0.7992223546151203,97,58.367792421746294,0.2268041237113402,0.8489353063095639,2.8940976351462404,-0.006143869896907217,-0.03645384,0.1522308545454545,-0.052600455733333336,-0.14752278720485476,-0.6861025321718841,0.1468193047010309,-0.030037909587628867,4.887800340190735,0.0,0.0,0.0664072,,4.0,0.10309278350515463,0.061855670103092786,0.030927835051546393,0.020618556701030927,6.0,2.0,0.5223365719526035,1.5963505951251977,-0.7475906699999999,0.2598154051813471,1.2536093299999997,STRATEGY_FILTER,,,,,,,,,,,,,,,
MOMENTUM,STRICT_OOS,HRR_BOTTOM_2_TERCILES,0.7992223546151203,291,178.63487394957983,0.17525773195876287,0.5263971658028881,2.4771631331900617,-0.016601735905841925,-0.0312304,0.10528719690980393,-0.04250313412916666,-0.38743155750019875,-0.5795344980972831,0.07804818990103092,-0.027917717044673537,2.7956508684481367,0.0,0.0,0.0584145,,5.0,0.058419243986254296,0.027491408934707903,0.013745704467353952,0.010309278350515464,8.0,3.0,,,-2.5482794984000003,-0.05657277405591395,-0.6576584983999997,STRATEGY_FILTER,,,,,,,,,,,,,,,
MOMENTUM,EXTENDED,ALL,0.7992223546151203,730,274.03134635149024,0.1547945205479452,0.5744953494469659,3.136846288573256,-0.015794594082465755,-0.035224939999999996,0.13776379317522122,-0.04391792918800649,-0.28963630299057264,-0.5703244765014908,0.09097191061191781,-0.031080534972602738,2.926973769663517,0.0,0.0,0.06379765000000001,,5.0,0.06712328767123288,0.03424657534246575,0.02054794520547945,0.012328767123287671,25.0,9.0,2.6872378284841183,6.795909045936826,-1.6421292538000003,0.05094638117607641,1.5204947462000005,STRATEGY_FILTER,,,,,,,,,,,,,,,
MOMENTUM,EXTENDED,HRR_TOP_TERCILE,0.7992223546151203,200,75.07708119218911,0.16,0.5598383971680361,2.939151585132189,-0.018955390667999998,-0.044832,0.150682662075,-0.05126740071428572,-0.2845463269997643,-0.6472139581003113,0.11879457556,-0.033130698,3.585634554394236,0.0,0.0,0.0693233,,4.5,0.08,0.04,0.02,0.015,8.0,3.0,2.4326505017552793,6.684326433465871,-1.7941116284,0.06351295588005214,0.4871443715999999,STRATEGY_FILTER,,,,,,,,,,,,,,,
MOMENTUM,EXTENDED,HRR_BOTTOM_2_TERCILES,0.7992223546151203,530,201.43860561914673,0.15283018867924528,0.5813248348405149,3.222405565967792,-0.014601840653962264,-0.03406476,0.13266004249876542,-0.041168015565701564,-0.29155704864748144,-0.5478594597780126,0.0804727917635849,-0.03030688854716981,2.655264054518055,0.0,0.0,0.06177825,,5.0,0.062264150943396226,0.03207547169811321,0.020754716981132074,0.011320754716981131,17.0,6.0,2.6936526742707776,6.783176522012942,-1.7501366254000006,0.046599791413754234,1.0333503746000001,STRATEGY_FILTER,,,,,,,,,,,,,,,
MOMENTUM,FULL_2023_2026,ALL,0.7992223546151203,1083,296.30393258426966,0.1634349030470914,0.7233292474133132,3.7024649613359415,-0.010102507824746075,-0.0353298,0.16160588065988699,-0.04364818636975718,-0.191462641436592,-0.5687145246843859,0.09740001417331486,-0.03179508808864266,3.0633667031136973,0.0,0.0,0.0632662,,5.0,0.07386888273314866,0.0443213296398892,0.028624192059095107,0.01569713758079409,48.0,17.0,0.9404488551695028,2.199966118969671,3.7695389501999994,0.17662809225319906,9.0755929502,STRATEGY_FILTER,,,,,,,,,,,,,,,
MOMENTUM,FULL_2023_2026,HRR_TOP_TERCILE,0.7992223546151203,329,90.0129213483146,0.1580547112462006,0.6161452291121402,3.282158239693516,-0.016079696035258363,-0.0443104,0.1633001322,-0.04975388761732852,-0.24666959488578297,-0.6180806331124877,0.10730948424012159,-0.034426879696048636,3.1170261489727196,0.0,0.0,0.0673562,,5.0,0.0729483282674772,0.04559270516717325,0.02735562310030395,0.0182370820668693,15.0,6.0,1.2548496113111476,3.334054208895203,-1.3456703664000003,0.1231382386005831,1.6894566335999999,STRATEGY_FILTER,,,,,,,,,,,,,,,
MOMENTUM,FULL_2023_2026,HRR_BOTTOM_2_TERCILES,0.7992223546151203,754,208.16213151927437,0.16578249336870027,0.7806660067092253,3.9283113457608216,-0.007494424374801063,-0.03304382,0.16090107201920004,-0.04095934814149444,-0.1673736657273296,-0.5369989550814904,0.09307612073567641,-0.030646733395225462,3.0370649796619755,0.0,0.0,0.0616912,,5.0,0.07427055702917772,0.04376657824933687,0.029177718832891247,0.014588859416445624,33.0,11.0,0.8548679213798411,1.9405622081177494,2.4024753165999986,0.19611380860537678,7.386136316600002,STRATEGY_FILTER,,,,,,,,,,,,,,,
W1,PRE_2020_2022,ALL,0.6754184674819596,23,11.587241379310345,0.43478260869565216,2.720145037342074,3.536188548544696,0.08639929915277891,-0.024561649126761006,0.31424259312566016,-0.08886477313405289,0.5263332667243329,-0.2684635122302014,0.4000346680331948,-0.07530499382853195,5.312193092320892,0.21739130434782608,0.21739130434782608,0.15211970074812958,5.0257732870390495,8.0,0.17391304347826086,0.17391304347826086,0.13043478260869565,0.13043478260869565,4.0,3.0,0.5005076449827597,0.5005076449827597,-1.0113430282532925,0.12014412820519439,1.987183880513915,STRATEGY_FILTER,,,,,,,,,,,,,,,
W1,PRE_2020_2022,HRR_TOP_TERCILE,0.6754184674819596,9,6.190677966101695,0.4444444444444444,0.5207377266318637,0.6509221582898296,-0.016277798380567903,-0.003571218196103616,0.039794585213897865,-0.06113570525614052,-0.0841910873628191,-0.02392692615392764,0.11946207089041955,-0.06568776695689704,1.8186349822000814,0.1111111111111111,0.1111111111111111,0.1492552019899721,4.566789627075195,5.0,0.0,0.0,0.0,0.0,0.0,0.0,,,-0.30210730808459896,-0.04109402115711392,-0.14650018542511112,STRATEGY_FILTER,,,,,,,,,,,,,,,
W1,PRE_2020_2022,HRR_BOTTOM_2_TERCILES,0.6754184674819596,14,7.053103448275862,0.42857142857142855,3.5115062081911463,4.682008277588195,0.15240600470993043,-0.05213431840382404,0.4972079317335018,-0.10619544055774811,0.9188132086375023,-0.418152146258613,0.5804027661964074,-0.0814874968174401,7.1225990349993005,0.2857142857142857,0.2857142857142857,0.15211970074812958,5.045967698207025,12.0,0.2857142857142857,0.2857142857142857,0.21428571428571427,0.21428571428571427,4.0,3.0,0.4661424528874669,0.4661424528874669,-0.842036482763564,0.16444578542882665,2.133684065939026,STRATEGY_FILTER,,,,,,,,,,,,,,,
W1,DISCOVERY,ALL,0.6754184674819596,33,17.96311475409836,0.36363636363636365,0.6405794833274587,1.1210140958230528,-0.022614651527121145,-0.024180608394572752,0.11083903972348401,-0.09887390367032411,-0.18635804044824722,-0.26392617477691466,0.20851260076591657,-0.0781086075396734,2.6695214181101306,0.21212121212121213,0.21212121212121213,0.1521197007481296,4.670187950134277,37.0,0.18181818181818182,0.030303030303030304,0.030303030303030304,0.030303030303030304,1.0,1.0,,,-1.8450971041786963,-0.03081905845116654,-0.7462835003949978,STRATEGY_FILTER,,,,,,,,,,,,,,,
W1,DISCOVERY,HRR_TOP_TERCILE,0.6754184674819596,11,7.454081632653061,0.6363636363636364,2.2031994543781894,1.2589711167875368,0.05265622427863068,0.01067202710054255,0.15151671605468936,-0.12034963632947207,0.33919329646638424,0.07015545684127152,0.3671703262855008,-0.08206144621683474,4.4743340900343105,0.18181818181818182,0.18181818181818182,0.15211970074812964,4.523044586181641,147.0,0.36363636363636365,0.09090909090909091,0.09090909090909091,0.09090909090909091,1.0,1.0,0.9754072510579599,0.9754072510579599,-0.46278255696907655,0.04728314016856633,0.5792184670649375,STRATEGY_FILTER,,,,,,,,,,,,,,,
W1,DISCOVERY,HRR_BOTTOM_2_TERCILES,0.6754184674819596,22,11.975409836065573,0.22727272727272727,0.16894001977338666,0.5743960672295145,-0.06025008942999707,-0.03316730486547594,0.053890292859796504,-0.09382079010346578,-0.449133708905563,-0.3207193338047959,0.12918373800612448,-0.07613218820109278,1.6968346905372438,0.22727272727272727,0.22727272727272727,0.15211970074812958,4.751322031021118,7.5,0.09090909090909091,0.0,0.0,0.0,0.0,0.0,,,-1.594953431758918,-0.11078161031842337,-1.3255019674599355,STRATEGY_FILTER,,,,,,,,,,,,,,,
W1,STRICT_OOS,ALL,0.6754184674819596,9,10.67288961038961,0.3333333333333333,9.89665223977688,19.793304479553765,0.7469091823803768,-0.0654389808897648,2.492589425828807,-0.12593093934383826,4.7255703282358645,-0.4301808415868147,1.1682936930368117,-0.09128136883210326,12.798818729216164,0.3333333333333333,0.3333333333333333,0.15211970074812967,3.8002398014068604,18.0,0.3333333333333333,0.3333333333333333,0.3333333333333333,0.2222222222222222,3.0,2.0,0.8510164170990757,0.8510164170990757,-0.6588034300184482,1.1074435982575606,6.722182641423392,STRATEGY_FILTER,,,,,,,,,,,,,,,
W1,STRICT_OOS,HRR_TOP_TERCILE,0.6754184674819596,5,6.68956043956044,0.2,2.065205737526237,8.260822950104949,0.14035223871152316,-0.15873940149625926,1.360564623576064,-0.16470085750461205,0.9703017745572335,-1.0389827586206895,0.41101133558374486,-0.11505067857551207,3.5724373004369783,0.6,0.6,0.15211970074812964,3.8002398014068604,12.0,0.2,0.2,0.2,0.2,1.0,1.0,1.938785780784784,1.938785780784784,0.0,0.2658186339233393,0.7017611935576158,STRATEGY_FILTER,,,,,,,,,,,,,,,
W1,STRICT_OOS,HRR_BOTTOM_2_TERCILES,0.6754184674819596,4,4.7435064935064934,0.5,63.205871243444854,63.205871243444854,1.505105361966444,0.18258632108290257,3.0586018269551785,-0.04839110302229066,9.419656020334154,1.2002805697417034,2.114896639853146,-0.06156973165284224,34.34961600576533,0.0,0.0,0.1521197007481297,3.353271717473439,60.5,0.5,0.5,0.5,0.25,2.0,1.0,0.9502138406967678,0.9502138406967678,0.0,1.7552249119142205,6.020421447865776,STRATEGY_FILTER,,,,,,,,,,,,,,,
W1,EXTENDED,ALL,0.6754184674819596,24,10.087456846950518,0.25,3.9502057189066777,11.850617156720034,0.25605587938799707,-0.0590223754228582,1.3713937202901068,-0.11572340091270619,1.6009426290941813,-0.42352188292686316,0.607329396019817,-0.09206774501457117,6.596549051176365,0.2916666666666667,0.2916666666666667,0.15211970074812967,4.0491077627423415,24.0,0.20833333333333334,0.16666666666666666,0.16666666666666666,0.125,4.0,3.0,0.9308983323390899,0.9308983323390899,-2.0763199383162445,0.390056560159437,6.14534110531193,STRATEGY_FILTER,,,,,,,,,,,,,,,
W1,EXTENDED,HRR_TOP_TERCILE,0.6754184674819596,10,4.348214285714286,0.3,2.1810582657645137,5.0891359534505325,0.11395783570248712,-0.10858371028022357,0.7014857965726055,-0.13783986181327787,0.7567226943078593,-0.7138043905306501,0.42759665553541576,-0.10301621993271412,4.150770197301978,0.4,0.4,0.15211970074812964,3.709169839755689,33.5,0.3,0.2,0.2,0.2,2.0,2.0,1.193919325677725,1.193919325677725,-0.8175428315147075,0.1547289011574842,1.1395783570248712,STRATEGY_FILTER,,,,,,,,,,,,,,,
W1,EXTENDED,HRR_BOTTOM_2_TERCILES,0.6754184674819596,14,6.153429602888086,0.21428571428571427,5.476857076943976,20.081809282127914,0.35755448202050416,-0.03603185215319204,2.041301644007608,-0.10164928943052422,2.203956868227268,-0.23686512644967234,0.7357099249372465,-0.08424740578732623,8.73273091392831,0.21428571428571427,0.21428571428571427,0.15211970074812967,4.577228546142578,12.0,0.14285714285714285,0.14285714285714285,0.14285714285714285,0.07142857142857142,2.0,1.0,1.142820400057378,1.142820400057378,-1.086575346799606,0.5966344157672298,5.005762748287058,STRATEGY_FILTER,,,,,,,,,,,,,,,
W1,FULL_2023_2026,ALL,0.6754184674819596,42,12.050667714061273,0.35714285714285715,3.1101803631905476,5.598324653742986,0.1422833128816284,-0.031629279367268885,0.5871891169445486,-0.10488657826443838,0.8661980385554909,-0.2769757108444996,0.4141799776811085,-0.08093134210233695,5.117670940849858,0.23809523809523808,0.23809523809523808,0.15211970074812964,4.593639373779297,24.0,0.21428571428571427,0.09523809523809523,0.09523809523809523,0.07142857142857142,4.0,3.0,0.9572932292838634,1.1849685282585252,-2.2457619025997797,0.1973220782905198,5.975899141028393,STRATEGY_FILTER,,,,,,,,,,,,,,,
W1,FULL_2023_2026,HRR_TOP_TERCILE,0.6754184674819596,16,4.853820598006644,0.5,2.123467322747525,2.123467322747525,0.08006122878890957,-0.02718133588223281,0.3026477044948612,-0.14252524691704205,0.5364146958697746,-0.1743937115201727,0.38087064169120205,-0.0923705813289214,4.123289430592235,0.3125,0.3125,0.15211970074812964,4.165014028549194,42.0,0.3125,0.125,0.125,0.125,2.0,2.0,1.0621282018754559,1.0621282018754559,-1.057804909067604,0.08602952724127289,1.2809796606225532,STRATEGY_FILTER,,,,,,,,,,,,,,,
W1,FULL_2023_2026,HRR_BOTTOM_2_TERCILES,0.6754184674819596,26,7.459937156323645,0.2692307692307692,3.7752087119838578,10.246995075384756,0.18057382616945541,-0.031629279367268885,0.9123793026013342,-0.08903871777913155,1.0691416340543933,-0.2769757108444996,0.4346780305979739,-0.07389181027059268,5.882627980099254,0.19230769230769232,0.19230769230769232,0.1521197007481296,4.7092602252960205,12.0,0.15384615384615385,0.07692307692307693,0.07692307692307693,0.038461538461538464,2.0,1.0,1.2184847494115543,1.2184847494115543,-1.6750445027783973,0.3049639155833609,4.694919480405841,STRATEGY_FILTER,,,,,,,,,,,,,,,
W2,PRE_2020_2022,ALL,0.6693551336917957,166,82.49183673469389,0.2891566265060241,1.5683298816427622,3.8554776257051246,0.027512914846314948,-0.02638582598176536,0.2625671443865149,-0.06810236496664775,0.1821264601410597,-0.19808168387054886,0.2406106016553805,-0.06325076185624014,3.8040743635982395,0.18674698795180722,0.18674698795180722,0.15211970074812958,5.083710193634033,6.0,0.1566265060240964,0.08433734939759036,0.06626506024096386,0.060240963855421686,14.0,10.0,0.6231202626850282,1.7550709609124078,-1.4560051369919726,0.05128165129674693,4.567143864488282,STRATEGY_FILTER,,,,,,,,,,,,,,,
W2,PRE_2020_2022,HRR_TOP_TERCILE,0.6693551336917957,65,32.61160714285714,0.3230769230769231,1.6138987115801482,3.381502062358406,0.02557409296537177,-0.02575899701745393,0.2081008501600607,-0.061540950241184285,0.1709046196899611,-0.1986849697995441,0.19408756504900876,-0.05679580607382366,3.417286917219418,0.1076923076923077,0.1076923076923077,0.15211970074812964,4.80031681060791,6.0,0.15384615384615385,0.046153846153846156,0.03076923076923077,0.03076923076923077,3.0,2.0,0.9053206926731548,1.7840828937563733,-1.65832794026404,0.05949592135823783,1.662316042749165,STRATEGY_FILTER,,,,,,,,,,,,,,,
W2,PRE_2020_2022,HRR_BOTTOM_2_TERCILES,0.6693551336917957,101,50.190816326530616,0.26732673267326734,1.545172047638223,4.23491598241587,0.028760671502367486,-0.027052410247619337,0.3049298176737571,-0.0720037466953017,0.1893484366689944,-0.1974783979415536,0.2705511697683921,-0.06740494132017155,4.013818044633876,0.2376237623762376,0.2376237623762376,0.15211970074812955,5.209304332733154,7.0,0.15841584158415842,0.10891089108910891,0.0891089108910891,0.07920792079207921,11.0,8.0,0.46162831520047054,1.6534268414814242,-1.8980924686063552,0.04752663320908239,2.904827821739116,STRATEGY_FILTER,,,,,,,,,,,,,,,
W2,DISCOVERY,ALL,0.6693551336917957,205,108.20267341040463,0.36585365853658536,2.3813846568827297,4.127733405263398,0.057729220515593774,-0.014634394792715163,0.2720214895245997,-0.06590093468190965,0.412964768839591,-0.1345718778241275,0.24247380877385383,-0.05992195299466291,4.046493758229982,0.15121951219512195,0.15121951219512195,0.15211970074812953,4.936376571655273,6.0,0.15609756097560976,0.13658536585365855,0.11707317073170732,0.09268292682926829,28.0,19.0,0.3044112352078856,0.9409963273852219,4.721417666088607,0.1030968743418131,11.834490205696724,STRATEGY_FILTER,,,,,,,,,,,,,,,
W2,DISCOVERY,HRR_TOP_TERCILE,0.6693551336917957,69,37.11671575846834,0.3188405797101449,1.9501423117463619,4.166213120549046,0.0310612848885347,-0.014634394792715163,0.19995095072955726,-0.04799345231364608,0.2140573899902731,-0.1170644164858205,0.17279116838675412,-0.04875569570234189,3.544020158006984,0.057971014492753624,0.057971014492753624,0.1521197007481296,4.876533031463623,6.0,0.10144927536231885,0.10144927536231885,0.10144927536231885,0.057971014492753624,7.0,4.0,0.4723152407027684,0.9983217059710087,-0.8117538790044824,0.07496427622626423,2.143228657308894,STRATEGY_FILTER,,,,,,,,,,,,,,,
W2,DISCOVERY,HRR_BOTTOM_2_TERCILES,0.6693551336917957,136,75.37784522003035,0.3897058823529412,2.535509813174377,3.970704047046666,0.07125927609108698,-0.014665244825828757,0.3019375622319758,-0.07604131626393844,0.5138810125204949,-0.14372784138842032,0.2778275013231911,-0.0655871864738552,4.236002735594408,0.19852941176470587,0.19852941176470587,0.14752601634284737,4.940348890096578,6.5,0.18382352941176472,0.15441176470588236,0.125,0.11029411764705882,21.0,15.0,0.19783789101870772,0.901421833614886,2.6760336083675913,0.11242762817155255,9.69126154838783,STRATEGY_FILTER,,,,,,,,,,,,,,,
W2,STRICT_OOS,ALL,0.6693551336917957,34,37.51812688821752,0.47058823529411764,2.6548569339562538,2.986714050700786,0.07496623805921987,-0.007690063960243073,0.2555673211295057,-0.0855680580032564,0.4811674622831223,-0.05055271554192577,0.3502705649505393,-0.06635054554680365,5.279090956433185,0.17647058823529413,0.17647058823529413,0.15211970074812967,4.2176244258880615,6.0,0.17647058823529413,0.14705882352941177,0.14705882352941177,0.11764705882352941,5.0,4.0,0.4571119893279812,0.8093621262710001,-0.9577970432791982,0.21436939394562454,2.548852094013476,STRATEGY_FILTER,,,,,,,,,,,,,,,
W2,STRICT_OOS,HRR_TOP_TERCILE,0.6693551336917957,14,15.495454545454546,0.35714285714285715,2.719536417597997,4.895165551676395,0.06096774513864685,-0.01838420135554691,0.2699862615401779,-0.05515365286220373,0.41283965490206775,-0.12525297135000935,0.18837969799060478,-0.05307247464599802,3.5494802013120323,0.07142857142857142,0.07142857142857142,0.15211970074812964,5.074477434158325,4.0,0.07142857142857142,0.07142857142857142,0.07142857142857142,0.07142857142857142,1.0,1.0,1.3650201999055989,1.3650201999055989,-0.4963828757598336,0.23068876538947455,0.8535484319410559,STRATEGY_FILTER,,,,,,,,,,,,,,,
W2,STRICT_OOS,HRR_BOTTOM_2_TERCILES,0.6693551336917957,20,23.640776699029125,0.55,2.624099613484065,2.1469905928505986,0.084765183103621,0.016110868572870644,0.2490132573064728,-0.11598246314430906,0.5289969274498605,0.11333573001183152,0.4635941718224935,-0.07564519517736759,6.128534280802504,0.25,0.25,0.15211970074812967,4.204194398209194,19.0,0.25,0.2,0.2,0.15,4.0,3.0,0.5296004009489325,0.5296004009489325,-0.777256867284619,0.20699678413582662,1.69530366207242,STRATEGY_FILTER,,,,,,,,,,,,,,,
W2,EXTENDED,ALL,0.6693551336917957,117,43.830000000000005,0.3076923076923077,1.0600158930371923,2.385035759333683,0.002897433589820575,-0.021140332840035744,0.16631941759261087,-0.06973455930030845,0.0071515997410660104,-0.1771494185440745,0.1726222153073879,-0.06211669957660403,2.778998505780324,0.17094017094017094,0.17094017094017094,0.1521197007481296,4.488511562347412,6.0,0.07692307692307693,0.05982905982905983,0.05982905982905983,0.042735042735042736,7.0,5.0,3.4369079030426763,12.69188742237606,-3.5743028456135395,0.011861432120679048,0.33899973000900724,STRATEGY_FILTER,,,,,,,,,,,,,,,
W2,EXTENDED,HRR_TOP_TERCILE,0.6693551336917957,56,20.97846153846154,0.26785714285714285,0.9907878216556537,2.70815337919212,-0.0003657531184790246,-0.018221207701886673,0.14685986622381578,-0.054228784585172246,-0.0033579613781782314,-0.13677178701742715,0.11151099317120218,-0.05036376082680335,2.214111721217145,0.08928571428571429,0.08928571428571429,0.1521197007481296,4.733936786651611,5.5,0.03571428571428571,0.03571428571428571,0.03571428571428571,0.017857142857142856,2.0,1.0,,,-1.8201865162733126,-0.0017240887739752003,-0.02048217463482538,STRATEGY_FILTER,,,,,,,,,,,,,,,
W2,EXTENDED,HRR_BOTTOM_2_TERCILES,0.6693551336917957,61,24.838628762541806,0.3442622950819672,1.1049545695901435,2.1046753706478927,0.005893145977767745,-0.024711002176400595,0.1802190971417502,-0.08562797838332306,0.01679972142430664,-0.24074499636010632,0.22872432087503383,-0.07290628269117513,3.1372374565288257,0.2459016393442623,0.2459016393442623,0.1521197007481296,4.266047477722168,6.0,0.11475409836065574,0.08196721311475409,0.08196721311475409,0.06557377049180328,5.0,4.0,2.4975763385177974,6.425496094339721,-2.6944139198718338,0.0215258625535229,0.35948190464383245,STRATEGY_FILTER,,,,,,,,,,,,,,,
W2,FULL_2023_2026,ALL,0.6693551336917957,239,66.94382668711657,0.3807531380753138,2.4230581908619895,3.940797936786532,0.0601813485343523,-0.014612482497980025,0.2691284489276601,-0.06829288211288424,0.42266724405749917,-0.13277710229972034,0.2578089121630057,-0.060836480805427695,4.237735463159871,0.15481171548117154,0.15481171548117154,0.15211970074812955,4.8848676681518555,6.0,0.1589958158995816,0.13807531380753138,0.12133891213389121,0.09623430962343096,33.0,23.0,0.2504669433921731,0.9193381109956329,7.0375081083279625,0.11354075070816388,14.3833422997102,STRATEGY_FILTER,,,,,,,,,,,,,,,
W2,FULL_2023_2026,HRR_TOP_TERCILE,0.6693551336917957,83,23.482378001549186,0.3253012048192771,2.0889154339142353,4.33256534441471,0.03610574806325242,-0.014634394792715163,0.21292045273152407,-0.04914419883037856,0.24758692865009385,-0.1170644164858205,0.1754205589223434,-0.04948382709042847,3.545007919492034,0.060240963855421686,0.060240963855421686,0.1521197007481296,4.876533031463623,6.0,0.0963855421686747,0.0963855421686747,0.0963855421686747,0.060240963855421686,8.0,5.0,0.38878796003105476,1.1027655518665849,-0.7340724643930641,0.09280820963920566,2.996777089249951,STRATEGY_FILTER,,,,,,,,,,,,,,,
W2,FULL_2023_2026,HRR_BOTTOM_2_TERCILES,0.6693551336917957,156,44.445397815912635,0.41025641025641024,2.548082261420887,3.662868250792525,0.07299080263115543,-0.014374865934772437,0.29284119732290503,-0.07994860237180078,0.515818950331952,-0.13861704256297316,0.301643741130794,-0.06687667476917729,4.5104476586479185,0.20512820512820512,0.20512820512820512,0.15055128274896712,4.887524843215942,8.0,0.19230769230769232,0.16025641025641027,0.1346153846153846,0.11538461538461539,25.0,18.0,0.3163861722112904,0.8460627130386009,4.371337270440011,0.12063317311643446,11.386565210460247,STRATEGY_FILTER,,,,,,,,,,,,,,,
W3,PRE_2020_2022,ALL,0.6220013528030875,0,,,,,,,,,,,,,,,,,,,,,,,,,,,,,,STRATEGY_FILTER,,,,,,,,,,,,,,,
W3,PRE_2020_2022,HRR_TOP_TERCILE,0.6220013528030875,0,,,,,,,,,,,,,,,,,,,,,,,,,,,,,,STRATEGY_FILTER,,,,,,,,,,,,,,,
W3,PRE_2020_2022,HRR_BOTTOM_2_TERCILES,0.6220013528030875,0,,,,,,,,,,,,,,,,,,,,,,,,,,,,,,STRATEGY_FILTER,,,,,,,,,,,,,,,
W3,DISCOVERY,ALL,0.6220013528030875,0,,,,,,,,,,,,,,,,,,,,,,,,,,,,,,STRATEGY_FILTER,,,,,,,,,,,,,,,
W3,DISCOVERY,HRR_TOP_TERCILE,0.6220013528030875,0,,,,,,,,,,,,,,,,,,,,,,,,,,,,,,STRATEGY_FILTER,,,,,,,,,,,,,,,
W3,DISCOVERY,HRR_BOTTOM_2_TERCILES,0.6220013528030875,0,,,,,,,,,,,,,,,,,,,,,,,,,,,,,,STRATEGY_FILTER,,,,,,,,,,,,,,,
W3,STRICT_OOS,ALL,0.6220013528030875,0,,,,,,,,,,,,,,,,,,,,,,,,,,,,,,STRATEGY_FILTER,,,,,,,,,,,,,,,
W3,STRICT_OOS,HRR_TOP_TERCILE,0.6220013528030875,0,,,,,,,,,,,,,,,,,,,,,,,,,,,,,,STRATEGY_FILTER,,,,,,,,,,,,,,,
W3,STRICT_OOS,HRR_BOTTOM_2_TERCILES,0.6220013528030875,0,,,,,,,,,,,,,,,,,,,,,,,,,,,,,,STRATEGY_FILTER,,,,,,,,,,,,,,,
W3,EXTENDED,ALL,0.6220013528030875,0,,,,,,,,,,,,,,,,,,,,,,,,,,,,,,STRATEGY_FILTER,,,,,,,,,,,,,,,
W3,EXTENDED,HRR_TOP_TERCILE,0.6220013528030875,0,,,,,,,,,,,,,,,,,,,,,,,,,,,,,,STRATEGY_FILTER,,,,,,,,,,,,,,,
W3,EXTENDED,HRR_BOTTOM_2_TERCILES,0.6220013528030875,0,,,,,,,,,,,,,,,,,,,,,,,,,,,,,,STRATEGY_FILTER,,,,,,,,,,,,,,,
W3,FULL_2023_2026,ALL,0.6220013528030875,0,,,,,,,,,,,,,,,,,,,,,,,,,,,,,,STRATEGY_FILTER,,,,,,,,,,,,,,,
W3,FULL_2023_2026,HRR_TOP_TERCILE,0.6220013528030875,0,,,,,,,,,,,,,,,,,,,,,,,,,,,,,,STRATEGY_FILTER,,,,,,,,,,,,,,,
W3,FULL_2023_2026,HRR_BOTTOM_2_TERCILES,0.6220013528030875,0,,,,,,,,,,,,,,,,,,,,,,,,,,,,,,STRATEGY_FILTER,,,,,,,,,,,,,,,
,PRE_2020_2022,,,2845,,,,3.326120138168335,,,,,,,,,,,,,,,,0.20386643707752228,,,,,,,,,,EVENT_PANEL,GROUP,STAGE2,HIGH_RR_STAGE2_SETUP,HIGH_RR_STAGE2_SETUP,0.03889325633645058,1.2018942832946777,0.5940245985984802,0.23223848640918732,-0.13450342416763306,0.3001757562160492,,,,,
,PRE_2020_2022,,,47458,,,,2.502683639526367,,,,,,,,,,,,,,,,0.14501243829727173,,,,,,,,,,EVENT_PANEL,GROUP,STAGE2,HIGH_RR_STAGE2_SETUP,OTHER_STAGE2,0.018666276708245277,0.34645676612854004,0.5006532073020935,0.18630404770374298,-0.13302960991859436,0.2552362084388733,,,,,
,DISCOVERY,,,2020,,,,2.5817997455596924,,,,,,,,,,,,,,,,0.17623762786388397,,,,,,,,,,EVENT_PANEL,GROUP,STAGE2,HIGH_RR_STAGE2_SETUP,HIGH_RR_STAGE2_SETUP,0.027958879247307777,0.3585495352745056,0.5232673287391663,0.21655240654945374,-0.11788880079984665,0.3202970325946808,,,,,
,DISCOVERY,,,44500,,,,2.426457166671753,,,,,,,,,,,,,,,,0.13476404547691345,,,,,,,,,,EVENT_PANEL,GROUP,STAGE2,HIGH_RR_STAGE2_SETUP,OTHER_STAGE2,0.02186223305761814,0.27941229939460754,0.44786515831947327,0.1734597086906433,-0.10693475604057312,0.25026965141296387,,,,,
,STRICT_OOS,,,1805,,,,3.751121759414673,,,,,,,,,,,,,,,,0.24764542281627655,,,,,,,,,,EVENT_PANEL,GROUP,STAGE2,HIGH_RR_STAGE2_SETUP,HIGH_RR_STAGE2_SETUP,0.0625661090016365,0.660625159740448,0.5872576236724854,0.28983935713768005,-0.14710034430027008,0.36620497703552246,,,,,
,STRICT_OOS,,,23526,,,,3.2949485778808594,,,,,,,,,,,,,,,,0.22600527107715607,,,,,,,,,,EVENT_PANEL,GROUP,STAGE2,HIGH_RR_STAGE2_SETUP,OTHER_STAGE2,0.05446663498878479,0.5421701669692993,0.4935815632343292,0.2674286961555481,-0.14533765614032745,0.3428972065448761,,,,,
,PRE_2020_2022,,,19391,,,,1.8962664604187012,,,,,,,,,,,,,,,,0.17203857004642487,,,,,,,,,,EVENT_PANEL,GROUP,ALL,hrr_top,HRR_TOP_TERCILE,0.027080625295639038,0.34962862730026245,0.3247382938861847,0.21869929134845734,-0.14464010298252106,0.3341240882873535,,,,,
,PRE_2020_2022,,,40528,,,,2.8551037311553955,,,,,,,,,,,,,,,,0.12359356135129929,,,,,,,,,,EVENT_PANEL,GROUP,ALL,hrr_top,REST,0.014651915058493614,0.3727204501628876,0.5914676189422607,0.16122406721115112,-0.12111468613147736,0.20015791058540344,,,,,
,DISCOVERY,,,18274,,,,1.7945365905761719,,,,,,,,,,,,,,,,0.17330633103847504,,,,,,,,,,EVENT_PANEL,GROUP,ALL,hrr_top,HRR_TOP_TERCILE,0.03425944969058037,0.26286518573760986,0.2490423619747162,0.20639480650424957,-0.11761940270662308,0.3460654616355896,,,,,
,DISCOVERY,,,36546,,,,2.7561967372894287,,,,,,,,,,,,,,,,0.10583921521902084,,,,,,,,,,EVENT_PANEL,GROUP,ALL,hrr_top,REST,0.01319435890763998,0.26823294162750244,0.5615662336349487,0.14873865246772766,-0.09768901765346527,0.18450719118118286,,,,,
,STRICT_OOS,,,11321,,,,2.244171619415283,,,,,,,,,,,,,,,,0.24591466784477234,,,,,,,,,,EVENT_PANEL,GROUP,ALL,hrr_top,HRR_TOP_TERCILE,0.06722111254930496,0.4193356931209564,0.30686333775520325,0.2921404242515564,-0.1545766144990921,0.431057333946228,,,,,
,STRICT_OOS,,,23543,,,,4.00563907623291,,,,,,,,,,,,,,,,0.17788727581501007,,,,,,,,,,EVENT_PANEL,GROUP,ALL,hrr_top,REST,0.03616268187761307,0.501725971698761,0.6044684052467346,0.21808505058288574,-0.12567289173603058,0.2481841742992401,,,,,
,PRE_2020_2022,,,5208,,,0.9940087199211121,3.6572020053863525,,,,,,,,,,,,,,,,0.095238097012043,,,,,,,,,,SCORE_DECILES,,HIGH_RR_SCORE,,,-0.0002289814583491534,0.81388920545578,0.7355991005897522,0.13662584125995636,-0.1367313116788864,0.14842550456523895,hrr_score,0.0,-inf,0.18633607062303498,0.1441071051206264
,PRE_2020_2022,,,6112,,,1.2877168655395508,3.1606931686401367,,,,,,,,,,,,,,,,0.10863874107599258,,,,,,,,,,SCORE_DECILES,,HIGH_RR_SCORE,,,0.010916651226580143,0.27512267231941223,0.6456151604652405,0.14636875689029694,-0.11576753109693527,0.16786649823188782,hrr_score,1.0,0.18633607062303498,0.2667673659790415,0.2282200785029097
,PRE_2020_2022,,,6389,,,1.3301957845687866,2.8357949256896973,,,,,,,,,,,,,,,,0.109876349568367,,,,,,,,,,SCORE_DECILES,,HIGH_RR_SCORE,,,0.013164631091058254,0.3273826837539673,0.6000939011573792,0.15020756423473358,-0.11319732666015625,0.1859445869922638,hrr_score,2.0,0.2667673659790415,0.34439879931414136,0.30502793296089387
,PRE_2020_2022,,,6165,,,1.3624486923217773,2.8205673694610596,,,,,,,,,,,,,,,,0.12278994172811508,,,,,,,,,,SCORE_DECILES,,HIGH_RR_SCORE,,,0.015631496906280518,0.27625977993011475,0.5782644152641296,0.16087284684181213,-0.11523880809545517,0.1964314728975296,hrr_score,3.0,0.34439879931414136,0.41978450411970214,0.38163599297488693
,PRE_2020_2022,,,6318,,,1.3300918340682983,2.605983257293701,,,,,,,,,,,,,,,,0.1320037990808487,,,,,,,,,,SCORE_DECILES,,HIGH_RR_SCORE,,,0.01563345454633236,0.3221149444580078,0.5555555820465088,0.16534116864204407,-0.12022443115711212,0.21272554993629456,hrr_score,4.0,0.41978450411970214,0.49612484230500287,0.45861944762558104
,PRE_2020_2022,,,6215,,,1.448050856590271,2.56964373588562,,,,,,,,,,,,,,,,0.14658086001873016,,,,,,,,,,SCORE_DECILES,,HIGH_RR_SCORE,,,0.02273283340036869,0.35580500960350037,0.5298471450805664,0.18306386470794678,-0.12485028803348541,0.24263878166675568,hrr_score,5.0,0.49612484230500287,0.5704260557416467,0.5340508806262231
,PRE_2020_2022,,,6124,,,1.443830132484436,2.2917068004608154,,,,,,,,,,,,,,,,0.15382103621959686,,,,,,,,,,SCORE_DECILES,,HIGH_RR_SCORE,,,0.024796292185783386,0.2781979739665985,0.4766492545604706,0.19218508899211884,-0.12645351886749268,0.25979751348495483,hrr_score,6.0,0.5704260557416467,0.6478224596664425,0.6082938818503556
,PRE_2020_2022,,,5898,,,1.3256773948669434,1.9389760494232178,,,,,,,,,,,,,,,,0.15988470613956451,,,,,,,,,,SCORE_DECILES,,HIGH_RR_SCORE,,,0.020249277353286743,0.7161017656326294,0.4157341420650482,0.19435153901576996,-0.13310782611370087,0.2919633686542511,hrr_score,7.0,0.6478224596664425,0.7300671943875469,0.6875411975004381
,PRE_2020_2022,,,5746,,,1.3524792194366455,1.888282060623169,,,,,,,,,,,,,,,,0.16742081940174103,,,,,,,,,,SCORE_DECILES,,HIGH_RR_SCORE,,,0.02491980977356434,0.1941917985677719,0.311521053314209,0.21157920360565186,-0.14224016666412354,0.3254437744617462,hrr_score,8.0,0.7300671943875469,0.8235498139345633,0.7741721854304635
,PRE_2020_2022,,,5744,,,1.4610110521316528,1.7555651664733887,,,,,,,,,,,,,,,,0.19742339849472046,,,,,,,,,,SCORE_DECILES,,HIGH_RR_SCORE,,,0.03802184388041496,0.15331816673278809,0.19637882709503174,0.2604365944862366,-0.16497458517551422,0.41051530838012695,hrr_score,9.0,0.8235498139345633,inf,0.8832989678819645
,DISCOVERY,,,5482,,,1.178183674812317,3.9114956855773926,,,,,,,,,,,,,,,,0.0888361930847168,,,,,,,,,,SCORE_DECILES,,HIGH_RR_SCORE,,,0.005647251382470131,0.1060173287987709,0.7117840051651001,0.1325874626636505,-0.10323476791381836,0.12951476871967316,hrr_score,0.0,-inf,0.18633607062303498,0.13968817503969255
,DISCOVERY,,,5482,,,1.2287026643753052,2.9837729930877686,,,,,,,,,,,,,,,,0.08573513478040695,,,,,,,,,,SCORE_DECILES,,HIGH_RR_SCORE,,,0.007588460110127926,0.18418751657009125,0.6333454847335815,0.13563163578510284,-0.09359095245599747,0.15432323515415192,hrr_score,1.0,0.18633607062303498,0.2667673659790415,0.22785340995984749
,DISCOVERY,,,5482,,,1.305200219154358,2.830700159072876,,,,,,,,,,,,,,,,0.09503830969333649,,,,,,,,,,SCORE_DECILES,,HIGH_RR_SCORE,,,0.010806344449520111,0.28915783762931824,0.5773440599441528,0.14107580482959747,-0.09173284471035004,0.1654505580663681,hrr_score,2.0,0.2667673659790415,0.34439879931414136,0.3049331606068492
,DISCOVERY,,,5482,,,1.3496366739273071,2.5754075050354004,,,,,,,,,,,,,,,,0.10251732915639877,,,,,,,,,,SCORE_DECILES,,HIGH_RR_SCORE,,,0.013098823837935925,0.30473339557647705,0.5366654396057129,0.14634709060192108,-0.0951061025261879,0.18314483761787415,hrr_score,3.0,0.34439879931414136,0.41978450411970214,0.3827238985841962
,DISCOVERY,,,5482,,,1.4183464050292969,2.5486814975738525,,,,,,,,,,,,,,,,0.1156512200832367,,,,,,,,,,SCORE_DECILES,,HIGH_RR_SCORE,,,0.01672193594276905,0.32959410548210144,0.5248084664344788,0.15502730011940002,-0.09810790419578552,0.19974461197853088,hrr_score,4.0,0.41978450411970214,0.49612484230500287,0.4579307465508057
,DISCOVERY,,,5482,,,1.4457006454467773,2.4109082221984863,,,,,,,,,,,,,,,,0.12987960875034332,,,,,,,,,,SCORE_DECILES,,HIGH_RR_SCORE,,,0.019583996385335922,0.3461501896381378,0.4841298758983612,0.1674007922410965,-0.10184713453054428,0.22820138931274414,hrr_score,5.0,0.49612484230500287,0.5704260557416467,0.5325020595796977
,DISCOVERY,,,5482,,,1.455785870552063,2.056810140609741,,,,,,,,,,,,,,,,0.13352790474891663,,,,,,,,,,SCORE_DECILES,,HIGH_RR_SCORE,,,0.021559830754995346,0.3280967175960541,0.4036847949028015,0.17081864178180695,-0.10229869931936264,0.2542867660522461,hrr_score,6.0,0.5704260557416467,0.6478224596664425,0.6092149070508748
,DISCOVERY,,,5482,,,1.6242735385894775,1.9388588666915894,,,,,,,,,,,,,,,,0.15851879119873047,,,,,,,,,,SCORE_DECILES,,HIGH_RR_SCORE,,,0.032156359404325485,0.3437601625919342,0.3225100338459015,0.18572057783603668,-0.1051495224237442,0.2967894971370697,hrr_score,7.0,0.6478224596664425,0.7300671943875469,0.688496434678022
,DISCOVERY,,,5482,,,1.5682343244552612,1.7112362384796143,,,,,,,,,,,,,,,,0.17128784954547882,,,,,,,,,,SCORE_DECILES,,HIGH_RR_SCORE,,,0.0331614725291729,0.24119791388511658,0.24297702312469482,0.20287063717842102,-0.11396630853414536,0.35315579175949097,hrr_score,8.0,0.7300671943875469,0.8235498139345633,0.7748252848357486
,DISCOVERY,,,5482,,,1.5781384706497192,1.67914879322052,,,,,,,,,,,,,,,,0.20229843258857727,,,,,,,,,,SCORE_DECILES,,HIGH_RR_SCORE,,,0.0418386310338974,0.1915409415960312,0.13662897050380707,0.2421007752418518,-0.13829295337200165,0.41900765895843506,hrr_score,9.0,0.8235498139345633,inf,0.8814050084987026
,STRICT_OOS,,,3016,,,1.8072752952575684,6.244042873382568,,,,,,,,,,,,,,,,0.14920423924922943,,,,,,,,,,SCORE_DECILES,,HIGH_RR_SCORE,,,0.028397100046277046,0.613319456577301,0.7493368983268738,0.19940322637557983,-0.12687450647354126,0.1906498670578003,hrr_score,0.0,-inf,0.18633607062303498,0.14507215201094625
,STRICT_OOS,,,3756,,,1.8815696239471436,5.0199689865112305,,,,,,,,,,,,,,,,0.1602768898010254,,,,,,,,,,SCORE_DECILES,,HIGH_RR_SCORE,,,0.03382931277155876,0.43406248092651367,0.6719914674758911,0.20827211439609528,-0.11728901416063309,0.21379126608371735,hrr_score,1.0,0.18633607062303498,0.2667673659790415,0.22737948844645
,STRICT_OOS,,,3885,,,1.6845135688781738,3.9688713550567627,,,,,,,,,,,,,,,,0.16756756603717804,,,,,,,,,,SCORE_DECILES,,HIGH_RR_SCORE,,,0.028712762519717216,0.37129878997802734,0.6190476417541504,0.20208410918712616,-0.11743895709514618,0.22625482082366943,hrr_score,2.0,0.2667673659790415,0.34439879931414136,0.3056119035512618
,STRICT_OOS,,,3530,,,1.7707303762435913,3.770650863647461,,,,,,,,,,,,,,,,0.18640226125717163,,,,,,,,,,SCORE_DECILES,,HIGH_RR_SCORE,,,0.03533472493290901,0.5388115048408508,0.5915014147758484,0.220344677567482,-0.12211911380290985,0.25184136629104614,hrr_score,3.0,0.34439879931414136,0.41978450411970214,0.38145078125965703
,STRICT_OOS,,,3688,,,1.9418352842330933,3.842888832092285,,,,,,,,,,,,,,,,0.19821041822433472,,,,,,,,,,SCORE_DECILES,,HIGH_RR_SCORE,,,0.04762779548764229,0.6001250743865967,0.5561279654502869,0.2369236797094345,-0.12690095603466034,0.27494576573371887,hrr_score,4.0,0.41978450411970214,0.49612484230500287,0.4576988519891541
,STRICT_OOS,,,3401,,,1.6334055662155151,3.06246280670166,,,,,,,,,,,,,,,,0.18759188055992126,,,,,,,,,,SCORE_DECILES,,HIGH_RR_SCORE,,,0.03494870662689209,0.47791463136672974,0.5295501351356506,0.22461707890033722,-0.13767220079898834,0.2837400734424591,hrr_score,5.0,0.49612484230500287,0.5704260557416467,0.5319737888585359
,STRICT_OOS,,,3332,,,1.8021923303604126,2.8248705863952637,,,,,,,,,,,,,,,,0.20318126678466797,,,,,,,,,,SCORE_DECILES,,HIGH_RR_SCORE,,,0.047675445675849915,0.5424850583076477,0.46998798847198486,0.24851487576961517,-0.13787196576595306,0.3289315700531006,hrr_score,6.0,0.5704260557416467,0.6478224596664425,0.6076652155511215
,STRICT_OOS,,,3247,,,1.833984136581421,2.3983869552612305,,,,,,,,,,,,,,,,0.21157991886138916,,,,,,,,,,SCORE_DECILES,,HIGH_RR_SCORE,,,0.05464692413806915,0.4415625035762787,0.3834308683872223,0.2605021595954895,-0.1412014365196228,0.3729596436023712,hrr_score,7.0,0.6478224596664425,0.7300671943875469,0.6883426490514906
,STRICT_OOS,,,3278,,,1.7720036506652832,2.1237895488739014,,,,,,,,,,,,,,,,0.23550945520401,,,,,,,,,,SCORE_DECILES,,HIGH_RR_SCORE,,,0.060484033077955246,0.39589476585388184,0.30536913871765137,0.2821758985519409,-0.15220876038074493,0.42098841071128845,hrr_score,8.0,0.7300671943875469,0.8235498139345633,0.7744467470426959
,STRICT_OOS,,,3731,,,1.973994255065918,2.11765718460083,,,,,,,,,,,,,,,,0.29643526673316956,,,,,,,,,,SCORE_DECILES,,HIGH_RR_SCORE,,,0.08960797637701035,0.3637411892414093,0.20477083325386047,0.337320476770401,-0.17290590703487396,0.5121951103210449,hrr_score,9.0,0.8235498139345633,inf,0.8885650224215246
