engine,window,n,trades_per_year,win_rate,pf,payoff,ev,median_ret,avg_winner,avg_loser,avg_r,median_r,mfe_mean,mae_mean,mfe_mae_ratio,stop_rate,first_exit_stop_rate,stop_dist_pct_med,stop_dist_atr_med,median_hold,ge10,ge20,ge30,ge40,n_ge20,n_ge40,top1pct_share,top5pct_share,pnl_ex_top5,pnl_per_100_slot_days,total_pnl_slots,portfolio_oos_cagr,portfolio_oos_calmar,portfolio_oos_mdd,verdict
MOMENTUM,PRE_2020_2022,0,,,,,,,,,,,,,,,,,,,,,,,,,,,,,,0.0035081217579553403,0.01611160133403464,-0.21773886314730717,
MOMENTUM,DISCOVERY,695,347.73801369863014,0.14964028776978416,0.7829106142215924,4.449040125047703,-0.007933748842589931,-0.03681356,0.19120687533076924,-0.04297710741116751,-0.11554208213582785,-0.5592115560488289,0.09860535184532374,-0.03366380936690647,2.929120432290074,0.0,0.0,0.0644262,,6.0,0.07625899280575539,0.04892086330935252,0.034532374100719423,0.017266187050359712,34.0,12.0,0.7288171969479702,1.7222256311933968,3.2541481185999963,0.24274363754669723,8.479642118600001,0.0035081217579553403,0.01611160133403464,-0.21773886314730717,
MOMENTUM,STRICT_OOS,388,232.32295081967212,0.18814432989690721,0.6163479083972375,2.659583440344244,-0.013987269403608246,-0.031716560000000005,0.1194346005808219,-0.04490725832063492,-0.3274543649263627,-0.593831930486876,0.09524096860103093,-0.028447765180412372,3.3479244501993017,0.0,0.0,0.06021855,,5.0,0.06958762886597938,0.03608247422680412,0.01804123711340206,0.01288659793814433,14.0,5.0,3.9517051997012427,8.7752851790802,-2.0967911683999993,0.036228014079027364,0.5959508316000001,0.0035081217579553403,0.01611160133403464,-0.21773886314730717,
MOMENTUM,EXTENDED,730,273.1890368852459,0.1547945205479452,0.5744953494469659,3.136846288573256,-0.015794594082465755,-0.035224939999999996,0.13776379317522122,-0.04391792918800649,-0.28963630299057264,-0.5703244765014908,0.09097191061191781,-0.031080534972602738,2.926973769663517,0.0,0.0,0.06379765000000001,,5.0,0.06712328767123288,0.03424657534246575,0.02054794520547945,0.012328767123287671,25.0,9.0,2.6872378284841183,6.795909045936826,-1.6421292538000003,0.05094638117607641,1.5204947462000005,0.0035081217579553403,0.01611160133403464,-0.21773886314730717,
MOMENTUM,FULL_2023_2026,1083,294.9781879194631,0.1634349030470914,0.7233292474133132,3.7024649613359415,-0.010102507824746075,-0.0353298,0.16160588065988699,-0.04364818636975718,-0.191462641436592,-0.5687145246843859,0.09740001417331486,-0.03179508808864266,3.0633667031136973,0.0,0.0,0.0632662,,5.0,0.07386888273314866,0.0443213296398892,0.028624192059095107,0.01569713758079409,48.0,17.0,0.9404488551695028,2.199966118969671,3.7695389501999994,0.17662809225319906,9.0755929502,0.0035081217579553403,0.01611160133403464,-0.21773886314730717,
MOMENTUM,Y2023,353,353.0,0.1813031161473088,1.0473202680190252,4.72930558527341,0.0016686620566572251,-0.0358269,0.203702066375,-0.043072299453287194,0.011559378207617294,-0.5552135246229138,0.11069325949858358,-0.03327277583569405,3.32684174128433,0.0,0.0,0.0626785,,6.0,0.08781869688385269,0.06515580736543909,0.0453257790368272,0.0226628895184136,23.0,8.0,0.5889003530946028,1.217069818514301,2.698695204,0.35078807679628554,7.555098204,0.0035081217579553403,0.01611160133403464,-0.21773886314730717,
MOMENTUM,Y2024,342,342.0,0.11695906432748537,0.528783741776645,3.9923172504136697,-0.01784500921520468,-0.037128919999999996,0.17121456966,-0.0428860130397351,-0.2467316011452903,-0.5598411656634712,0.08612865184064326,-0.03406742,2.528182405378607,0.0,0.0,0.06702369999999999,,5.0,0.06432748538011696,0.03216374269005848,0.023391812865497075,0.011695906432748537,11.0,4.0,1.8721760780274783,5.513689419723751,-1.5662160853999998,0.06902156883911909,0.9245439146000001,0.0035081217579553403,0.01611160133403464,-0.21773886314730717,
MOMENTUM,Y2025,286,286.0,0.19230769230769232,0.7339588430238384,3.0826271407001213,-0.009476216309790208,-0.0314338,0.13594435822545456,-0.04410016262770563,-0.2599872005114318,-0.5478594597780126,0.10536691147272725,-0.028635306153846157,3.679615328945064,0.0,0.0,0.06149435,,5.5,0.08041958041958042,0.045454545454545456,0.024475524475524476,0.017482517482517484,13.0,5.0,1.4700413943480612,3.468507864295754,-1.4301353774000005,0.08900998396898131,1.2626066226,0.0035081217579553403,0.01611160133403464,-0.21773886314730717,
MOMENTUM,Y2026,102,152.23880597014926,0.17647058823529413,0.31368939289215103,1.463883833496705,-0.02663590847058823,-0.03205068,0.06898811888888888,-0.047126771476190474,-0.5166270024035219,-0.7043809014335847,0.06684861898039215,-0.027921915000000005,2.3941273003800827,0.0,0.0,0.0584947,,3.0,0.0392156862745098,0.00980392156862745,0.0,0.0,1.0,0.0,,,-1.436016491,-0.29432926754966887,-0.666655791,0.0035081217579553403,0.01611160133403464,-0.21773886314730717,
WEINSTEIN_LONG_TEXTBOOK,PRE_2020_2022,189,63.04315068493151,0.30687830687830686,1.7130996362445703,3.8692422818627366,0.03467898277778939,-0.02577269572845536,0.2714767045139537,-0.07016275661684825,0.22401406094219878,-0.1986849697995441,0.2600114139659082,-0.06471767897456136,4.017625756759774,0.19047619047619047,0.19047619047619047,0.15211970074812958,5.066162109375,6.0,0.15873015873015872,0.09523809523809523,0.07407407407407407,0.06878306878306878,18.0,13.0,0.4341985929419371,1.46086409122389,0.43864912597586425,0.062067497585248065,6.554327745002196,0.40547562685638394,1.4101853366645851,-0.2875335718746216,
WEINSTEIN_LONG_TEXTBOOK,DISCOVERY,238,119.08150684931506,0.36554621848739494,2.0417845941151764,3.5437870541539276,0.046589103803788764,-0.015874919016365948,0.2497894274830665,-0.07048657937566265,0.32986538771984875,-0.14372784138842032,0.23776490178115664,-0.06244363198619798,3.8076725234962345,0.15966386554621848,0.15966386554621848,0.15211970074812955,4.887524843215942,6.0,0.15966386554621848,0.12184873949579832,0.10504201680672269,0.08403361344537816,29.0,20.0,0.3248994068490116,1.1209030727268845,3.975134165693609,0.07976840189418888,11.088206705301726,0.40547562685638394,1.4101853366645851,-0.2875335718746216,
WEINSTEIN_LONG_TEXTBOOK,STRICT_OOS,43,25.747131147540983,0.4418604651162791,5.038240093449533,6.364092749620463,0.21560545896364808,-0.027686704595285157,0.6087813376609743,-0.09565877833840186,1.3695308528313703,-0.19080494361085024,0.5214847080383638,-0.07156862483907565,7.286498926183629,0.20930232558139536,0.20930232558139536,0.15211970074812967,4.196963310241699,6.0,0.20930232558139536,0.18604651162790697,0.18604651162790697,0.13953488372093023,8.0,6.0,0.6170495473092591,0.7638038916086661,-0.5728205617806896,0.5162046066501597,9.271034735436867,0.40547562685638394,1.4101853366645851,-0.2875335718746216,
WEINSTEIN_LONG_TEXTBOOK,EXTENDED,141,52.76664959016394,0.2978723404255319,1.8386889511259434,4.33405252765401,0.04598823287461658,-0.027686704595285157,0.3384728894065388,-0.07809616686619893,0.278435179205426,-0.20980407812243002,0.24661492691801418,-0.0672147498639176,3.6690596545744594,0.19148936170212766,0.19148936170212766,0.15211970074812964,4.425345420837402,6.0,0.09929078014184398,0.07801418439716312,0.07801418439716312,0.05673758865248227,11.0,8.0,0.882231198494148,1.7150836161759566,-3.3722134636261822,0.14625782869788964,6.484340835320937,0.40547562685638394,1.4101853366645851,-0.2875335718746216,
WEINSTEIN_LONG_TEXTBOOK,FULL_2023_2026,281,76.53635346756153,0.37722419928825623,2.5734441859215753,4.248610684304488,0.07245281651508396,-0.016447755468994293,0.31413703402438964,-0.07393876666198117,0.4889601030216119,-0.1473538090515915,0.2811810998916901,-0.06383998320567748,4.404467009112306,0.16725978647686832,0.16725978647686832,0.15211970074812958,4.815471172332764,6.0,0.16725978647686832,0.13167259786476868,0.11743772241992882,0.09252669039145907,37.0,26.0,0.457936490183068,0.9973066633590819,8.10954524954577,0.12970561233866526,20.359241440738593,0.40547562685638394,1.4101853366645851,-0.2875335718746216,
WEINSTEIN_LONG_TEXTBOOK,Y2020,75,75.0,0.30666666666666664,2.515526906863093,5.68727822421221,0.07342399649874082,-0.03334056032940851,0.39740814399036867,-0.06987668412255615,0.48495896922208404,-0.2418588988457952,0.32472802055724065,-0.06604108978210267,4.917060297288475,0.21333333333333335,0.21333333333333335,0.15211970074812955,5.267645835876465,7.0,0.17333333333333334,0.13333333333333333,0.10666666666666667,0.10666666666666667,10.0,8.0,0.2732856074356527,0.8917716383190016,-0.3060791929528894,0.10749169895384661,5.5067997374055615,0.40547562685638394,1.4101853366645851,-0.2875335718746216,
WEINSTEIN_LONG_TEXTBOOK,Y2021,108,108.0,0.3148148148148148,1.3214953582289846,2.876195779674849,0.01470837348871213,-0.023454602869443505,0.19204385838308585,-0.06677009254383796,0.08832444023004281,-0.1806454125715791,0.22489990818705524,-0.06169150347791508,3.6455572568038823,0.1574074074074074,0.1574074074074074,0.1521197007481296,4.831878662109375,6.0,0.1574074074074074,0.07407407407407407,0.05555555555555555,0.046296296296296294,8.0,5.0,0.7456041697374489,2.2907537144130194,-2.0503678730611514,0.030005748711388554,1.58850433678091,0.40547562685638394,1.4101853366645851,-0.2875335718746216,
WEINSTEIN_LONG_TEXTBOOK,Y2022,6,6.0,0.16666666666666666,0.12285491875300024,0.6142745937650012,-0.09016272153071246,-0.13623084855715656,0.07577036500591755,-0.12334933883803845,-0.5953841197375603,-0.9150607413557692,0.08306093559360699,-0.1026462028199286,0.8091963785481681,0.5,0.5,0.15167684059835101,5.159223318099976,6.5,0.0,0.0,0.0,0.0,0.0,0.0,,,-0.15873940149625926,-0.3783051253036886,-0.5409763291842747,0.40547562685638394,1.4101853366645851,-0.2875335718746216,
WEINSTEIN_LONG_TEXTBOOK,Y2023,140,140.0,0.45714285714285713,3.6642723342152714,4.351323396880635,0.0991064328958404,-0.007659687193617867,0.2981666289298542,-0.06852320586964487,0.7009887762936275,-0.05766916036854856,0.31599417410089237,-0.06044111107130709,5.228133111717444,0.14285714285714285,0.14285714285714285,0.14988978923259408,5.227647066116333,11.5,0.2357142857142857,0.18571428571428572,0.15714285714285714,0.12857142857142856,26.0,18.0,0.13818468330469388,0.6407270117411415,6.761828065809542,0.12319009682515898,13.874900605417656,0.40547562685638394,1.4101853366645851,-0.2875335718746216,
WEINSTEIN_LONG_TEXTBOOK,Y2024,98,98.0,0.23469387755102042,0.48733578827221463,1.589138440018091,-0.028435652041999302,-0.028313167878060923,0.1151746060659182,-0.07247613119509401,-0.20031088167126399,-0.2284318435779975,0.12600879846724847,-0.0653043761503278,1.929561323381786,0.1836734693877551,0.1836734693877551,0.1521197007481296,4.5340611934661865,6.0,0.05102040816326531,0.030612244897959183,0.030612244897959183,0.02040816326530612,3.0,2.0,,,-4.740704452597264,-0.10565664076268935,-2.7866939001159317,0.40547562685638394,1.4101853366645851,-0.2875335718746216,
WEINSTEIN_LONG_TEXTBOOK,Y2025,8,8.0,0.625,26.629581498130726,15.977748898878437,1.009232202640458,0.07125770383700031,1.6777757338074182,-0.1050070159711416,6.403225799388433,0.6306542986679264,1.4161607551316164,-0.06895003412648992,20.538942048000255,0.125,0.125,0.1521197007481296,4.138730525970459,17.0,0.375,0.375,0.375,0.375,3.0,3.0,0.7085445464907231,0.7085445464907231,-0.31502104791342483,1.1484861480972497,8.073857621123665,0.40547562685638394,1.4101853366645851,-0.2875335718746216,
WEINSTEIN_LONG_TEXTBOOK,Y2026,35,52.23880597014925,0.4,1.604393871437305,2.406590807155957,0.034205060408948613,-0.031343225154816516,0.22699762475153004,-0.09432331581943904,0.21897200790404245,-0.2060431686406791,0.3169873258456204,-0.07216715985909526,4.3924040583629855,0.22857142857142856,0.22857142857142856,0.15211970074812967,4.196963310241699,6.0,0.17142857142857143,0.14285714285714285,0.14285714285714285,0.08571428571428572,5.0,3.0,0.7499587892463327,1.3343823706243487,-1.5408770391028035,0.10953130048611176,1.1971771143132015,0.40547562685638394,1.4101853366645851,-0.2875335718746216,
HYBRID_A,PRE_2020_2022,0,,,,,,,,,,,,,,,,,,,,,,,,,,,,,,0.02457662124549942,0.1844915318496937,-0.1332127333926748,REJECT
HYBRID_A,DISCOVERY,496,248.16986301369863,0.16532258064516128,0.8789068406037066,4.4374077074382265,-0.004595616462903226,-0.03771032,0.2017598911512195,-0.04546796338164251,-0.07092508159454837,-0.5714356654860931,0.10927054761290324,-0.034306593608870964,3.1851179647473997,0.0,0.0,0.06586615,,5.0,0.0846774193548387,0.056451612903225805,0.04032258064516129,0.020161290322580645,28.0,10.0,0.6325832438253384,1.4565092473222192,3.0350694135999996,0.3170128912443635,8.260563413600002,0.02457662124549942,0.1844915318496937,-0.1332127333926748,REJECT
HYBRID_A,STRICT_OOS,178,106.58114754098361,0.1853932584269663,0.6184224812604412,2.717310902508,-0.015160558595505616,-0.035683610000000004,0.1325329164848485,-0.04877355637241378,-0.32420095860422016,-0.6009860454527918,0.12113068767415731,-0.028760468314606737,4.211707763209057,0.0,0.0,0.0643746,,4.0,0.07303370786516854,0.03932584269662921,0.016853932584269662,0.011235955056179775,7.0,2.0,2.4055673560359345,5.554508609466728,-1.5177568750000003,0.058386850845410634,0.4834431250000001,0.02457662124549942,0.1844915318496937,-0.1332127333926748,REJECT
HYBRID_A,EXTENDED,394,147.44723360655738,0.1598984771573604,0.6019719061710246,3.1627412848033196,-0.01612905054213198,-0.038002140000000004,0.15255518460952378,-0.04823511342598188,-0.26724056712333655,-0.5959762954383947,0.10927896612690355,-0.03232279291878173,3.380863974270153,0.0,0.0,0.0671532,,5.0,0.07868020304568528,0.03807106598984772,0.02284263959390863,0.01015228426395939,15.0,4.0,1.30726625444211,3.4410858938818305,-0.9711991833999996,0.1124603552076202,1.8890528166,0.02457662124549942,0.1844915318496937,-0.1332127333926748,REJECT
HYBRID_A,FULL_2023_2026,674,183.57829977628634,0.17062314540059348,0.8077686154051298,3.9264578783605875,-0.007385764385163205,-0.037393579999999996,0.18189475929043478,-0.04632540700178891,-0.13781396306001065,-0.5744194046417259,0.11240275077448071,-0.03284188989614243,3.4225420988237163,0.0,0.0,0.06554385,,5.0,0.08160237388724036,0.05192878338278932,0.03412462908011869,0.017804154302670624,35.0,12.0,0.7331360025522566,1.694262228030306,3.4762755385999995,0.25464889810265745,8.7440065386,0.02457662124549942,0.1844915318496937,-0.1332127333926748,REJECT
HYBRID_A,Y2023,280,280.0,0.18571428571428572,1.138653537751922,4.992557819373812,0.004917288278571427,-0.0354398,0.21744078246153847,-0.0435529823245614,0.044307758371955,-0.5572125403358714,0.11679836202857144,-0.0335723335,3.4790063678049497,0.0,0.0,0.06294335,,6.0,0.08571428571428572,0.07142857142857142,0.05,0.02857142857142857,20.0,8.0,0.5596873670622864,1.1622737837645756,1.9985507219999996,0.3908183421892816,6.854953721999999,0.02457662124549942,0.1844915318496937,-0.1332127333926748,REJECT
HYBRID_A,Y2024,216,216.0,0.1388888888888889,0.5888905388363608,3.6511213407854366,-0.016927159646296295,-0.041135,0.1745796795466667,-0.04781535951612903,-0.22030098525483055,-0.5959762954383947,0.09951226966666667,-0.035258412268518516,2.822369564142826,0.0,0.0,0.06953685,,5.0,0.08333333333333333,0.037037037037037035,0.027777777777777776,0.009259259259259259,8.0,2.0,0.9295183490893342,2.71419870167321,-1.0268933084,0.16502608648077485,1.4056096915999998,0.02457662124549942,0.1844915318496937,-0.1332127333926748,REJECT
HYBRID_A,Y2025,121,121.0,0.19008264462809918,0.73975603597338,3.152003979364837,-0.01015063350413223,-0.03645384,0.15179537304347826,-0.04815836973469389,-0.2483858791699117,-0.5742756657176353,0.1382035776033058,-0.028516199669421486,4.846493544211796,0.0,0.0,0.0655332,,5.0,0.08264462809917356,0.049586776859504134,0.024793388429752067,0.01652892561983471,6.0,2.0,0.9185116705685566,2.9257568938129888,-1.211209056,0.10418691180124225,0.7128989440000001,0.02457662124549942,0.1844915318496937,-0.1332127333926748,REJECT
HYBRID_A,Y2026,57,85.07462686567163,0.17543859649122806,0.3750215179045424,1.7626011341513494,-0.02579566273684211,-0.0331675,0.0882292664,-0.05005628595744681,-0.4851417412630152,-0.7584779963618403,0.08488823712280702,-0.029279003508771932,2.8992870982571066,0.0,0.0,0.0619781,,3.0,0.05263157894736842,0.017543859649122806,0.0,0.0,1.0,0.0,,,-0.8496664190000001,-0.1596214393043479,-0.22945581900000012,0.02457662124549942,0.1844915318496937,-0.1332127333926748,REJECT
HYBRID_B,PRE_2020_2022,52,17.345205479452055,0.3269230769230769,1.938177751909359,3.990365959813387,0.04967404956857213,-0.027479926061666212,0.31390082914054707,-0.07866467193781568,0.30823618037589384,-0.1831140662325841,0.3041282735438331,-0.0680075590986332,4.471977491542487,0.21153846153846154,0.21153846153846154,0.15211970074812964,5.019492507090692,6.0,0.21153846153846154,0.11538461538461539,0.09615384615384616,0.09615384615384616,6.0,5.0,0.4222923711236251,1.1543873520472523,-1.6088763449585275,0.07976070951260616,2.583050577565751,0.05489368266739114,0.49265104557149714,-0.1114250810199987,WATCH
HYBRID_B,DISCOVERY,70,35.023972602739725,0.2571428571428571,1.5567171152575612,4.497182777410733,0.03492312501016869,-0.030980482906424738,0.3797639716050211,-0.0844448603495879,0.23248823761617524,-0.2232302226890734,0.28054300819089495,-0.07795485064851164,3.598788348089167,0.2571428571428571,0.2571428571428571,0.1521197007481296,4.705327033996582,14.0,0.2,0.14285714285714285,0.11428571428571428,0.08571428571428572,10.0,6.0,0.6893725391893188,1.6856113851047045,-2.1847849667877646,0.0516068978406546,2.4446187507118085,0.05489368266739114,0.49265104557149714,-0.1114250810199987,WATCH
HYBRID_B,STRICT_OOS,12,7.185245901639344,0.4166666666666667,2.586989567322754,3.6217853942518556,0.08116617772374658,-0.02021246163531259,0.31754621602715516,-0.08767670677868808,0.5697095654694745,-0.13287208386492377,0.20280543399275527,-0.06820087225799876,2.973648683341726,0.16666666666666666,0.16666666666666666,0.15211970074812967,3.5701597929000854,4.5,0.08333333333333333,0.08333333333333333,0.08333333333333333,0.08333333333333333,1.0,1.0,1.396892011890735,1.396892011890735,-0.6137369474508167,0.34175232725788035,0.973994132684959,0.05489368266739114,0.49265104557149714,-0.1114250810199987,WATCH
HYBRID_B,EXTENDED,48,17.963114754098363,0.1875,0.7102358462222764,3.0776886669631978,-0.020764870310400002,-0.03751861076003931,0.27144752115272996,-0.08819849910958387,-0.13642804521978438,-0.2466387363077995,0.15581354393562344,-0.07643236375575295,2.03858073045524,0.2708333333333333,0.2708333333333333,0.15211970074812967,4.447433233261108,6.0,0.0625,0.041666666666666664,0.041666666666666664,0.041666666666666664,2.0,2.0,,,-3.2647882624641866,-0.06852621346849089,-0.9967137748992001,0.05489368266739114,0.49265104557149714,-0.1114250810199987,WATCH
HYBRID_B,FULL_2023_2026,82,22.334451901565995,0.2804878048780488,1.6830573217945552,4.317407912429512,0.041690401017033744,-0.03069442869397237,0.36623837256635455,-0.08482829975643029,0.2818377002288531,-0.20792362338155457,0.2691667778204355,-0.07652743917672927,3.5172583940622,0.24390243902439024,0.24390243902439024,0.15211970074812964,4.622852087020874,10.0,0.18292682926829268,0.13414634146341464,0.10975609756097561,0.08536585365853659,11.0,7.0,0.492963986566837,1.438088516301869,-2.062628938619561,0.0680727376223968,3.4186128833967673,0.05489368266739114,0.49265104557149714,-0.1114250810199987,WATCH
HYBRID_B,Y2020,24,24.0,0.4166666666666667,2.967305468308717,4.154227655632203,0.10398544983106006,-0.03203082767842901,0.3764213729433824,-0.09061163810631302,0.6774029431616029,-0.21056330982049237,0.40055839822187256,-0.07427479193297563,5.392925214564451,0.25,0.25,0.15211970074812964,5.263998031616211,16.0,0.2916666666666667,0.20833333333333334,0.16666666666666666,0.16666666666666666,5.0,4.0,0.43708140373832044,0.43708140373832044,-0.9462301819099241,0.11440067824641034,2.4956507959454415,0.05489368266739114,0.49265104557149714,-0.1114250810199987,WATCH
HYBRID_B,Y2021,24,24.0,0.25,1.2695681738614797,3.808704521584439,0.013238193707473464,-0.023865783305467844,0.2493883334915931,-0.06547851955389976,0.05223915803821209,-0.17120470963503748,0.24107548165050816,-0.05857493788251502,4.115676266427091,0.16666666666666666,0.16666666666666666,0.15211970074812964,4.7094128131866455,6.0,0.16666666666666666,0.041666666666666664,0.041666666666666664,0.041666666666666664,1.0,1.0,3.130464605423697,3.130464605423697,-1.1720217748671087,0.034347745835606826,0.31771664897936314,0.05489368266739114,0.49265104557149714,-0.1114250810199987,WATCH
HYBRID_B,Y2022,4,4.0,0.25,0.24754500349616257,0.7426350104884877,-0.05757921683976344,-0.07367391543435603,0.07577036500591755,-0.10202907745499044,-0.3707822623122701,-0.4843154112979801,0.10386427683554594,-0.08699988938928754,1.1938437803155981,0.25,0.25,0.15211970074812958,5.159223318099976,9.0,0.0,0.0,0.0,0.0,0.0,0.0,,,0.0,-0.17448247527201044,-0.23031686735905377,0.05489368266739114,0.49265104557149714,-0.1114250810199987,WATCH
HYBRID_B,Y2023,34,34.0,0.4117647058823529,3.821063859734603,5.458662656763719,0.12986254877341083,-0.017292745611728274,0.42717534847511324,-0.07825641101778086,0.872330517332812,-0.12008214962421221,0.42919487271664086,-0.07666166330046055,5.598559361208935,0.20588235294117646,0.20588235294117646,0.15211970074812958,4.75690221786499,34.5,0.35294117647058826,0.2647058823529412,0.20588235294117646,0.14705882352941177,9.0,5.0,0.3816825267869125,0.6109474572209829,-0.07521017947694353,0.12376528824936142,4.415326658295968,0.05489368266739114,0.49265104557149714,-0.1114250810199987,WATCH
HYBRID_B,Y2024,36,36.0,0.1111111111111111,0.30265224448320494,2.4212179558656395,-0.05474188632178221,-0.039265116372374446,0.21382415255969855,-0.0883126411819673,-0.37180724878287064,-0.258119863365937,0.1401495805832462,-0.07917619425500436,1.7700974630311685,0.3055555555555556,0.3055555555555556,0.15211970074812964,4.59746527671814,8.0,0.05555555555555555,0.027777777777777776,0.027777777777777776,0.027777777777777776,1.0,1.0,,,-2.819747733597956,-0.16850858551382297,-1.9707079075841596,0.05489368266739114,0.49265104557149714,-0.1114250810199987,WATCH
HYBRID_B,Y2025,3,3.0,0.6666666666666666,10.899530719924824,5.449765359962412,0.43603424301621474,0.07967595786752452,0.7201202907217943,-0.1321378523949444,2.9207246946093903,0.6867784240965445,0.6054726720237844,-0.07675892446823074,7.8879775377048125,0.0,0.0,0.1521197007481296,3.8002398014068604,6.0,0.3333333333333333,0.3333333333333333,0.3333333333333333,0.3333333333333333,1.0,1.0,1.0401053322207914,1.0401053322207914,0.0,0.5788065172781612,1.3081027290486442,0.05489368266739114,0.49265104557149714,-0.1114250810199987,WATCH
HYBRID_B,Y2026,9,13.432835820895521,0.3333333333333333,0.30625161094847175,0.6125032218969435,-0.0371231773737428,-0.031343225154816516,0.04916349956406235,-0.08026651584264538,-0.2139621442438307,-0.2060431686406791,0.06858302131574555,-0.06534818818792143,1.0495014967901133,0.2222222222222222,0.2222222222222222,0.15211970074812967,3.3400797843933105,4.0,0.0,0.0,0.0,0.0,0.0,0.0,,,-0.4411741717852471,-0.566285756548619,-0.33410859636368523,0.05489368266739114,0.49265104557149714,-0.1114250810199987,WATCH
HYBRID_C,PRE_2020_2022,3,1.0006849315068493,0.6666666666666666,6.453978840377675,3.2269894201888376,0.15856018939645322,0.27948011136887896,0.2814488662061223,-0.087217164222885,0.8609947937169219,1.8044068247383356,0.8319903771771552,-0.07054821884052598,11.793215914605396,0.3333333333333333,0.3333333333333333,0.1521196906077487,6.593283496019849,398.0,0.6666666666666666,0.6666666666666666,0.0,0.0,2.0,0.0,0.5958150069534528,0.5958150069534528,0.0,0.08236892955659908,0.47568056818935966,0.0,,0.0,REJECT
HYBRID_C,DISCOVERY,0,,,,,,,,,,,,,,,,,,,,,,,,,,,,,,0.0,,0.0,REJECT
HYBRID_C,STRICT_OOS,0,,,,,,,,,,,,,,,,,,,,,,,,,,,,,,0.0,,0.0,REJECT
HYBRID_C,EXTENDED,0,,,,,,,,,,,,,,,,,,,,,,,,,,,,,,0.0,,0.0,REJECT
HYBRID_C,FULL_2023_2026,0,,,,,,,,,,,,,,,,,,,,,,,,,,,,,,0.0,,0.0,REJECT
HYBRID_C,Y2022,3,3.0,0.6666666666666666,6.453978840377675,3.2269894201888376,0.15856018939645322,0.27948011136887896,0.2814488662061223,-0.087217164222885,0.8609947937169219,1.8044068247383356,0.8319903771771552,-0.07054821884052598,11.793215914605396,0.3333333333333333,0.3333333333333333,0.1521196906077487,6.593283496019849,398.0,0.6666666666666666,0.6666666666666666,0.0,0.0,2.0,0.0,0.5958150069534528,0.5958150069534528,0.0,0.08236892955659908,0.47568056818935966,0.0,,0.0,REJECT
HYBRID_C_ALT,PRE_2020_2022,0,,,,,,,,,,,,,,,,,,,,,,,,,,,,,,0.0,,0.0,REJECT
HYBRID_C_ALT,DISCOVERY,0,,,,,,,,,,,,,,,,,,,,,,,,,,,,,,0.0,,0.0,REJECT
HYBRID_C_ALT,STRICT_OOS,0,,,,,,,,,,,,,,,,,,,,,,,,,,,,,,0.0,,0.0,REJECT
HYBRID_C_ALT,EXTENDED,0,,,,,,,,,,,,,,,,,,,,,,,,,,,,,,0.0,,0.0,REJECT
HYBRID_C_ALT,FULL_2023_2026,0,,,,,,,,,,,,,,,,,,,,,,,,,,,,,,0.0,,0.0,REJECT
HYBRID_D,PRE_2020_2022,0,,,,,,,,,,,,,,,,,,,,,,,,,,,,,,0.37490398850940077,1.463213412784332,-0.25621962267007947,WATCH
HYBRID_D,DISCOVERY,695,347.73801369863014,0.24316546762589927,1.0949917468997186,3.4080808217115504,0.004997094988644313,-0.05713734658094665,0.23688669911360186,-0.0695073595686139,0.08914687588103438,-1.0869530568500145,,,,0.0,0.0,0.0644262,,13.0,0.12949640287769784,0.0920863309352518,0.06474820143884892,0.04316546762589928,64.0,30.0,0.48168039984110883,1.3141275863875668,11.99414805815601,0.15795543587089694,19.139460164476585,0.37490398850940077,1.463213412784332,-0.25621962267007947,WATCH
HYBRID_D,STRICT_OOS,388,232.32295081967212,0.25257731958762886,1.8054684762102196,5.342712837764935,0.039373560722915195,-0.049748665991126144,0.34942317339152196,-0.0654018256271657,0.5613479867237949,-1.100701717297984,,,,0.0,0.0,0.06021855,,11.5,0.12371134020618557,0.08762886597938144,0.07731958762886598,0.05412371134020619,34.0,21.0,0.6039629867806444,1.1503325341740063,7.362525542653634,0.37853924548919166,21.478316789056734,0.37490398850940077,1.463213412784332,-0.25621962267007947,WATCH
HYBRID_D,EXTENDED,730,273.1890368852459,0.23013698630136986,1.2886871568230158,4.310965369848422,0.015255123892417663,-0.05381317442666927,0.2959029905900264,-0.06863961205989244,0.20212711891587876,-1.0946624541936465,,,,0.0,0.0,0.06379765000000001,,12.0,0.11232876712328767,0.07945205479452055,0.06438356164383562,0.04657534246575343,58.0,34.0,0.6286490158212565,1.370053509331821,12.009428840150086,0.24034195611025347,26.203281764920384,0.37490398850940077,1.463213412784332,-0.25621962267007947,WATCH
HYBRID_D,FULL_2023_2026,1083,294.9781879194631,0.24653739612188366,1.3376697339840509,4.088159187007435,0.017312947901753365,-0.05453119766181729,0.2781922215077448,-0.06804828500608942,0.25831957302507047,-1.0907464371612154,,,,0.0,0.0,0.0632662,,13.0,0.12742382271468145,0.0904893813481071,0.06925207756232687,0.04709141274238227,98.0,51.0,0.5509645100878195,1.229451159788673,25.664972232212065,0.22830519337605149,40.61777695353332,0.37490398850940077,1.463213412784332,-0.25621962267007947,WATCH
HYBRID_D,Y2023,353,353.0,0.2804532577903683,1.4491334189845264,3.717978670929997,0.021568504634940516,-0.05579490926198027,0.248137583065085,-0.06673991569806856,0.3745249313811893,-1.0829712492890462,,,,0.0,0.0,0.0626785,,15.0,0.15864022662889518,0.11331444759206799,0.07932011331444759,0.04815864022662889,40.0,17.0,0.4097463150788208,0.9729497014592616,7.6407846939658,0.20925448484594517,14.414495188612932,0.37490398850940077,1.463213412784332,-0.25621962267007947,WATCH
HYBRID_D,Y2024,342,342.0,0.2046783625730994,0.7888359751680107,3.065191217795699,-0.012107313213526918,-0.060401144997656635,0.22097473466793272,-0.0720916637712555,-0.2054100059656168,-1.0893783576192368,,,,0.0,0.0,0.06702369999999999,,12.0,0.09941520467836257,0.07017543859649122,0.049707602339181284,0.038011695906432746,24.0,13.0,0.7011303902643172,2.309154255599359,-0.33765498693666984,0.09036941715336431,4.724964975863653,0.37490398850940077,1.463213412784332,-0.25621962267007947,WATCH
HYBRID_D,Y2025,286,286.0,0.2762237762237762,2.1299576803903966,5.581028352415343,0.054313611203085574,-0.049820885861332424,0.3706435246615044,-0.06641133161437861,0.819268532810991,-1.0970934489478883,,,,0.0,0.0,0.06149435,,18.0,0.13286713286713286,0.0944055944055944,0.08041958041958042,0.055944055944055944,27.0,16.0,0.5903354935158261,1.0823700221569594,5.496208917925779,0.414920459720207,19.532380641328746,0.37490398850940077,1.463213412784332,-0.25621962267007947,WATCH
HYBRID_D,Y2026,102,152.23880597014926,0.18627450980392157,0.9508081309911806,4.153530256435157,-0.002517169054817418,-0.04933266938853486,0.2611911865321213,-0.0628841420205022,-0.16184099544226402,-1.1092726130009134,,,,0.0,0.0,0.0584947,,5.5,0.09803921568627451,0.06862745098039216,0.06862745098039216,0.049019607843137254,7.0,5.0,0.5877288876096282,1.8004298147359181,-1.5575853102138417,0.20133845294650704,1.9459361477279904,0.37490398850940077,1.463213412784332,-0.25621962267007947,WATCH
HYBRID_D_ALT,PRE_2020_2022,0,,,,,,,,,,,,,,,,,,,,,,,,,,,,,,0.04987549947972569,0.19090940275128143,-0.261252189577608,WATCH
HYBRID_D_ALT,DISCOVERY,695,347.73801369863014,0.25323741007194245,1.6839828218410087,4.965835707587974,0.029157066544477372,-0.04876433915211958,0.28347086385793596,-0.057084221176464285,0.49225085704719734,-1.0666596358611713,0.17642877941487126,-0.04062068635487685,4.3433234454367975,0.5107913669064749,0.5107913669064749,0.06442550455137223,1.8340837955474854,10.0,0.15251798561151078,0.11942446043165468,0.08345323741007195,0.058992805755395686,83.0,41.0,0.48556603852045854,1.411803783708039,12.707983518752926,0.13121907173743297,20.264161248411774,0.04987549947972569,0.19090940275128143,-0.261252189577608,WATCH
HYBRID_D_ALT,STRICT_OOS,388,232.32295081967212,0.22164948453608246,1.7621388070527797,6.18797581081325,0.030309460123523393,-0.03717032596725733,0.3161677108655137,-0.05109388280300365,0.29668887320807197,-1.0600094460370335,0.1744868755899106,-0.03300268933033503,5.28705021107258,0.48195876288659795,0.48195876288659795,0.06021854721534096,1.652700960636139,6.0,0.11855670103092783,0.09020618556701031,0.06701030927835051,0.05670103092783505,35.0,22.0,0.6788544922182286,1.6531562012832763,2.686788278568212,0.17916012382582386,11.760070527927077,0.04987549947972569,0.19090940275128143,-0.261252189577608,WATCH
HYBRID_D_ALT,EXTENDED,730,273.1890368852459,0.2191780821917808,1.5481470120634617,5.515273730476082,0.02303379375998846,-0.04249693490183875,0.2968133968499022,-0.053816621142443476,0.26417039392719677,-1.06697056048068,0.16704461091879638,-0.03670391375582127,4.551138933850153,0.5013698630136987,0.5013698630136987,0.0637980946068292,1.7471319437026978,6.0,0.12191780821917808,0.09178082191780822,0.0684931506849315,0.0547945205479452,67.0,40.0,0.6916960415261104,1.9178241067670048,7.467439921931437,0.12845431203049332,16.814669444791576,0.04987549947972569,0.19090940275128143,-0.261252189577608,WATCH
HYBRID_D_ALT,FULL_2023_2026,1083,294.9781879194631,0.24192059095106186,1.7107483125144292,5.360780017459337,0.029569927771319338,-0.04502368897840086,0.29420341669248434,-0.054880710593291186,0.42218802257851723,-1.0653204473802722,0.17573306502513464,-0.03789143164987019,4.637804838016372,0.5004616805170822,0.5004616805170822,0.06326620423730588,1.7559263706207275,8.0,0.14035087719298245,0.10895660203139428,0.07756232686980609,0.05817174515235457,118.0,63.0,0.5565462220138598,1.5004342143330012,21.530308442847357,0.1455183885869898,32.024231776338844,0.04987549947972569,0.19090940275128143,-0.261252189577608,WATCH
HYBRID_D_ALT,Y2023,353,353.0,0.28895184135977336,2.0575717304766505,5.063240238721955,0.043086578842910124,-0.0469708812469996,0.2901093301710447,-0.05729716870876209,0.7489666880614179,-1.0315327100880496,0.19370068966430448,-0.040347205198469904,4.800845280645367,0.4985835694050991,0.4985835694050991,0.06267902161968177,1.8056470155715942,11.0,0.17847025495750707,0.14447592067988668,0.09631728045325778,0.06515580736543909,51.0,23.0,0.4071336688394545,1.0353394672374496,8.02484895993995,0.17056815444148563,15.209562331547273,0.04987549947972569,0.19090940275128143,-0.261252189577608,WATCH
HYBRID_D_ALT,Y2024,342,342.0,0.21637426900584794,1.3315551755493882,4.822389014151838,0.014779528996679827,-0.04957022063554938,0.27432054542635376,-0.05688478151002118,0.227278084099771,-1.0724128238060748,0.1586013398884095,-0.04090296368882905,3.877502400436692,0.5233918128654971,0.5233918128654971,0.06702369040816161,1.8574174642562866,8.0,0.12573099415204678,0.0935672514619883,0.07017543859649122,0.05263157894736842,32.0,18.0,0.7215732935163087,2.5277638842410752,-0.4625608696259764,0.07745324727037238,5.054598916864501,0.04987549947972569,0.19090940275128143,-0.261252189577608,WATCH
HYBRID_D_ALT,Y2025,286,286.0,0.23076923076923078,1.9010750260510334,6.336916753503445,0.03553968007401067,-0.03569734439493937,0.32491810763060053,-0.051273848192966306,0.35654692359304124,-0.8003203156532468,0.18663259187221728,-0.03303653110032679,5.649279317657269,0.45104895104895104,0.45104895104895104,0.06149448847385211,1.6465291380882263,6.0,0.1258741258741259,0.10139860139860139,0.06993006993006994,0.055944055944055944,29.0,16.0,0.6454485223797151,1.485697520966254,1.4717968189825879,0.19002334083318473,10.164348501167051,0.04987549947972569,0.19090940275128143,-0.261252189577608,WATCH
HYBRID_D_ALT,Y2026,102,152.23880597014926,0.19607843137254902,1.3845015103713159,5.676456192522394,0.015644333595686524,-0.03906715354470968,0.28729140154072697,-0.050611048829933086,0.12885159467766813,-1.08433666259159,0.14043123973952126,-0.032907799661534586,4.26741505612328,0.5686274509803921,0.5686274509803921,0.058494697889998455,1.6987560391426086,4.0,0.09803921568627451,0.058823529411764705,0.058823529411764705,0.058823529411764705,6.0,6.0,0.8104106476032007,2.7198259330684067,-2.7443641235903704,0.13133514623539308,1.5957220267600256,0.04987549947972569,0.19090940275128143,-0.261252189577608,WATCH
