strategy,set,policy,n,fill_rate,median_entry_time,entry_vs_open,fwd_15m,fwd_60m,fwd_eod,fwd_next,mfe_eod,mae_eod,mfe_mae,utility,daily_stop_hit,stop_dist_daily_atr,stop_dist_micro_atr,micro_stop_hit,stop_dist_lod_atr,lod_stop_hit,baseline_policy,note
MOMENTUM_INTRADAY_TRIGGER,TRAIN,OPEN,684.0,1.0,09:00:08,-5.02866278111469e-05,-0.001389233861118555,-0.001094501931220293,-0.0041841380298137665,-0.0013731525978073478,0.022203383967280388,-0.023894451558589935,0.9292275905609131,-0.001691067242063582,0.05409356579184532,1.7580580711364746,,,,,OPEN,
MOMENTUM_INTRADAY_TRIGGER,TRAIN,A_BREAKOUT_IMMEDIATE,525.0,0.7675438596491229,09:00:19,0.004601824562996626,-0.0010374000994488597,-0.0007954496541060507,-0.004334535915404558,-0.001766594243235886,0.02192934788763523,-0.02379755862057209,0.9214956760406494,-0.0018682085210457444,0.024761904031038284,1.9145299196243286,0.30042916536331177,0.5981308221817017,0.5146881341934204,0.48876404762268066,OPEN,
MOMENTUM_INTRADAY_TRIGGER,TRAIN,B_BREAKOUT_HOLD_60S,467.0,0.6827485380116959,09:02:08,0.006674464326351881,-0.000595226651057601,-0.0007292739464901388,-0.0039430647157132626,-0.0011691933032125235,0.021473536267876625,-0.023561295121908188,0.9113903045654297,-0.002087760716676712,0.014989293180406094,1.991111159324646,0.3333333134651184,0.6707317233085632,0.3036876320838928,0.6959314942359924,OPEN,
MOMENTUM_INTRADAY_TRIGGER,TRAIN,C_BREAKOUT_RETEST_HOLD,403.0,0.5891812865497076,09:02:24,0.004539244808256626,-0.00046279982780106366,-0.0002785129763651639,-0.002940008183941245,-0.0007180951652117074,0.021449532359838486,-0.02280411869287491,0.9405990242958069,-0.001354588195681572,0.022332506254315376,1.9465240240097046,0.25766870379447937,0.7103448510169983,0.37333330512046814,0.6558704376220703,OPEN,
MOMENTUM_INTRADAY_TRIGGER,TRAIN,D_BREAKOUT_MICRO_HL,433.0,0.6330409356725146,09:06:11,0.009131780825555325,-0.0005781589425168931,-0.0010211124317720532,-0.004251455422490835,-0.0011415141634643078,0.020622191950678825,-0.02326544187963009,0.886387288570404,-0.002643251558765769,0.01847575046122074,1.9912277460098267,0.33980780839920044,0.668067216873169,0.46153849363327026,0.581986129283905,OPEN,
MOMENTUM_INTRADAY_TRIGGER,TRAIN,E_BREAKOUT_VWAP_RECLAIM,488.0,0.7134502923976608,09:03:11,0.00421591941267252,-0.0007829213282093406,-0.0009532580152153969,-0.0046691554598510265,-0.0023156218230724335,0.02034008875489235,-0.022859370335936546,0.8897921442985535,-0.0025192832108587027,0.02049180306494236,1.9403345584869385,0.22857144474983215,0.7671957612037659,0.3192216157913208,0.6693121790885925,OPEN,
MOMENTUM_INTRADAY_TRIGGER,TRAIN,F_BREAKOUT_REL_STRENGTH,521.0,0.7616959064327485,09:08:19,0.004160563461482525,-0.0006046433700248599,-0.0004150209715589881,-0.0037569645792245865,-0.001208971138112247,0.01971348375082016,-0.021652324125170708,0.9104557633399963,-0.001938838162459433,0.02303262986242771,1.9164732694625854,0.31111112236976624,0.6948176622390747,0.36087608337402344,0.6333973407745361,OPEN,
MOMENTUM_INTRADAY_TRIGGER,TRAIN,VWAP_RECLAIM_ANY,668.0,0.9766081871345029,09:02:15,0.0005806616391055286,-0.0012501917080953717,-0.0012066407361999154,-0.004228063393384218,-0.0015692326705902815,0.020422369241714478,-0.022590739652514458,0.904015064239502,-0.0021683722734451294,0.05089820176362991,1.7644984722137451,0.2448979616165161,0.7711442708969116,0.25789475440979004,0.7576375007629395,OPEN,
MOMENTUM_INTRADAY_TRIGGER,TRAIN,MICRO_HL_ANY,673.0,0.9839181286549707,09:05:03,-0.0010391805553808808,-0.00032436102628707886,-0.00021512285456992686,-0.0030214209109544754,-0.00024298232165165246,0.02024354413151741,-0.02116246335208416,0.9565778970718384,-0.0009189179982058704,0.05200594291090965,1.7294118404388428,0.23333333432674408,0.759878396987915,0.2766798436641693,0.7429420351982117,OPEN,
MOMENTUM_INTRADAY_TRIGGER,TRAIN,LEARNED,602.0,0.8801169590643275,09:03:08,-0.004648768808692694,0.0007291477522812784,0.0022610798478126526,0.0009957865113392472,0.004443846642971039,0.022486479952931404,-0.018573088571429253,1.2107023000717163,0.003913389518857002,0.06146179512143135,1.5768804550170898,0.0,0.90625,0.03733360022306442,0.8463414907455444,OPEN,
MOMENTUM_INTRADAY_TRIGGER,TEST,OPEN,380.0,1.0,09:00:09,-3.2635423849569634e-05,-0.0006868635537102818,0.0005842050304636359,-0.0004877994360867888,0.0016285579185932875,0.024646800011396408,-0.022990334779024124,1.0720504522323608,0.0016564667457714677,0.11578947305679321,1.514430284500122,,,,,OPEN,
MOMENTUM_INTRADAY_TRIGGER,TEST,A_BREAKOUT_IMMEDIATE,281.0,0.7394736842105263,09:00:24,0.006242303177714348,-0.0017014981713145971,0.0003103477065451443,0.0006186867831274867,0.003581225173547864,0.023561157286167145,-0.021951749920845032,1.0733156204223633,0.0016094062011688948,0.02846975065767765,1.7936770915985107,0.3660130798816681,0.6521739363670349,0.5134252309799194,0.5,OPEN,
MOMENTUM_INTRADAY_TRIGGER,TEST,B_BREAKOUT_HOLD_60S,266.0,0.7,09:02:14,0.009196765720844269,-0.003073743311688304,-0.0012004653690382838,-0.0015743017429485917,0.0017456647474318743,0.02133863791823387,-0.023260999470949173,0.9173569083213806,-0.0019223591079935431,0.02631578966975212,1.9100821018218994,0.3199999928474426,0.7216494679450989,0.358002245426178,0.6842105388641357,OPEN,
MOMENTUM_INTRADAY_TRIGGER,TEST,C_BREAKOUT_RETEST_HOLD,226.0,0.5947368421052631,09:03:04,0.006245659198611975,-0.0014435752527788281,0.0004097282071597874,0.0002212411054642871,0.00175867963116616,0.021760139614343643,-0.021566297858953476,1.0089881420135498,0.00019383931066840887,0.03097345121204853,1.8290261030197144,0.2763157784938812,0.7752808928489685,0.3991061747074127,0.6282051205635071,OPEN,
MOMENTUM_INTRADAY_TRIGGER,TEST,D_BREAKOUT_MICRO_HL,234.0,0.6157894736842106,09:06:51,0.010935557074844837,-0.0025909841060638428,0.000639574253000319,-7.022477802820504e-05,0.003514853771775961,0.021982258185744286,-0.02184423990547657,1.0063183307647705,0.00013801761087961495,0.021367521956562996,1.952222228050232,0.32131147384643555,0.6015037298202515,0.4582787752151489,0.5384615659713745,OPEN,
MOMENTUM_INTRADAY_TRIGGER,TEST,E_BREAKOUT_VWAP_RECLAIM,259.0,0.6815789473684211,09:03:53,0.005700071342289448,-0.0010762549936771393,0.0011619208380579948,0.0013304256135597825,0.004164420999586582,0.022197889164090157,-0.02011314406991005,1.1036509275436401,0.00208474462851882,0.0308880303055048,1.7771133184432983,0.2229299247264862,0.7130434513092041,0.36415255069732666,0.5863636136054993,OPEN,
MOMENTUM_INTRADAY_TRIGGER,TEST,F_BREAKOUT_REL_STRENGTH,279.0,0.7342105263157894,09:08:23,0.006168249994516373,-0.0006864675669930875,0.00041295934352092445,0.0007745586917735636,0.003708105767145753,0.02173285372555256,-0.020196862518787384,1.0760509967803955,0.0015359889948740602,0.02867383509874344,1.7637795209884644,0.3146067261695862,0.6559139490127563,0.3835616409778595,0.5770609378814697,OPEN,
MOMENTUM_INTRADAY_TRIGGER,TEST,VWAP_RECLAIM_ANY,370.0,0.9736842105263158,09:02:11,0.001093009952455759,-0.0006710032466799021,0.00040181545773521066,-0.0009026799816638231,0.0009379205876030028,0.022451214492321014,-0.021935205906629562,1.0235241651535034,0.0005160110886208713,0.11081080883741379,1.5305101871490479,0.24155409634113312,0.7247706651687622,0.24137930572032928,0.7247386574745178,OPEN,
MOMENTUM_INTRADAY_TRIGGER,TEST,MICRO_HL_ANY,376.0,0.9894736842105263,09:05:01,0.0006567303207702935,-0.00044340704334899783,1.1634399015747476e-05,-0.001098580309189856,0.0010103107197210193,0.021807868033647537,-0.021627897396683693,1.0083212852478027,0.00017997369286604226,0.1143617033958435,1.5569567680358887,0.22281324863433838,0.7021276354789734,0.25421571731567383,0.686170220375061,OPEN,
MOMENTUM_INTRADAY_TRIGGER,TEST,LEARNED,329.0,0.8657894736842106,09:02:22,-0.0011780571658164263,0.00028200700762681663,-0.0002931169292423874,-0.0005884271813556552,0.0006491906242445111,0.021872712299227715,-0.02146976627409458,1.018768072128296,0.0004029487899970263,0.13069908320903778,1.444126009941101,0.0,0.9291338324546814,0.08187133818864822,0.8009049892425537,OPEN,
WEINSTEIN_BREAKOUT_TRIGGER,TRAIN,OPEN,234.0,1.0,09:00:10,3.531829861458391e-05,0.007487448398023844,0.016902873292565346,0.02265123650431633,0.02778865583240986,0.04337536543607712,-0.011891765519976616,3.647512674331665,0.03148360177874565,0.0,4.06728982925415,,,,,A_BREAKOUT_IMMEDIATE,
WEINSTEIN_BREAKOUT_TRIGGER,TRAIN,A_BREAKOUT_IMMEDIATE,231.0,0.9871794871794872,09:17:35,0.02203747071325779,0.0008509397157467902,0.0018550314707681537,0.0006388322217389941,0.005901373457163572,0.02112356387078762,-0.018605414777994156,1.1353449821472168,0.002518151421099901,0.0,4.896461009979248,0.48069554567337036,0.4466666579246521,1.0625255107879639,0.18390804529190063,A_BREAKOUT_IMMEDIATE,
WEINSTEIN_BREAKOUT_TRIGGER,TRAIN,B_BREAKOUT_HOLD_60S,215.0,0.9188034188034188,09:23:03,0.023852521553635597,0.0005241782055236399,0.0022363446187227964,0.0006176545866765082,0.006409799214452505,0.01952992007136345,-0.017537368461489677,1.1136175394058228,0.0019925525411963463,0.0,4.9790730476379395,0.46606987714767456,0.4610389471054077,0.9692307710647583,0.2837209403514862,A_BREAKOUT_IMMEDIATE,
WEINSTEIN_BREAKOUT_TRIGGER,TRAIN,C_BREAKOUT_RETEST_HOLD,188.0,0.8034188034188035,09:23:48,0.022947823628783226,0.0010169807355850935,0.003023827215656638,0.0019654296338558197,0.00953670870512724,0.02017125114798546,-0.01727473735809326,1.1676733493804932,0.0028965140227228403,0.0,5.004007339477539,0.4631043076515198,0.43609023094177246,1.0418604612350464,0.2269938588142395,A_BREAKOUT_IMMEDIATE,
WEINSTEIN_BREAKOUT_TRIGGER,TRAIN,D_BREAKOUT_MICRO_HL,199.0,0.8504273504273504,09:24:03,0.025889255106449127,0.0007557877106592059,0.00281877676025033,0.0009319250821135938,0.007089016959071159,0.02003825455904007,-0.0176395270973444,1.1359859704971313,0.002398726064711809,0.0,4.9790730476379395,0.4647807478904724,0.4675324559211731,1.0431373119354248,0.25628140568733215,A_BREAKOUT_IMMEDIATE,
WEINSTEIN_BREAKOUT_TRIGGER,TRAIN,E_BREAKOUT_VWAP_RECLAIM,157.0,0.6709401709401709,09:18:08,0.017601042985916138,0.00019446677470114082,0.0025697422679513693,0.0005845209234394133,0.004279059823602438,0.019264405593276024,-0.017611229792237282,1.0938705205917358,0.001653175102546811,0.0,4.600412368774414,0.2240000069141388,0.6756756901741028,0.7460129261016846,0.3309859037399292,A_BREAKOUT_IMMEDIATE,
WEINSTEIN_BREAKOUT_TRIGGER,TRAIN,F_BREAKOUT_REL_STRENGTH,225.0,0.9615384615384616,09:21:27,0.021376727148890495,0.0016401923494413495,0.002975945360958576,0.0016878420719876885,0.006714474409818649,0.020212309435009956,-0.0168109480291605,1.2023301124572754,0.003401360474526882,0.0,4.875144004821777,0.48275864124298096,0.4977777898311615,0.949999988079071,0.2933333218097687,A_BREAKOUT_IMMEDIATE,
WEINSTEIN_BREAKOUT_TRIGGER,TRAIN,VWAP_RECLAIM_ANY,223.0,0.9529914529914529,09:02:33,0.004646872170269489,0.0048856306821107864,0.015169693157076836,0.01993921771645546,0.02426617033779621,0.038747090846300125,-0.01174504216760397,3.2990167140960693,0.027002044022083282,0.0,4.179015636444092,0.22782665491104126,0.44117647409439087,0.2518746256828308,0.47252747416496277,A_BREAKOUT_IMMEDIATE,
WEINSTEIN_BREAKOUT_TRIGGER,TRAIN,MICRO_HL_ANY,231.0,0.9871794871794872,09:04:22,0.006669267080724239,0.0038771380204707384,0.011780593544244766,0.016253121197223663,0.021365677937865257,0.03567517176270485,-0.013593066483736038,2.6245124340057373,0.02208210714161396,0.0,4.34315824508667,0.28768473863601685,0.44999998807907104,0.3684210479259491,0.4502164423465729,A_BREAKOUT_IMMEDIATE,
WEINSTEIN_BREAKOUT_TRIGGER,TRAIN,LEARNED,181.0,0.7735042735042735,09:21:08,0.014613818377256393,0.004466405604034662,0.007317451294511557,0.008472134359180927,0.013305921107530594,0.024002309888601303,-0.012237071059644222,1.9614423513412476,0.011765237897634506,0.0,4.728387355804443,0.33230164647102356,0.597122311592102,0.8257431983947754,0.3109756112098694,A_BREAKOUT_IMMEDIATE,
WEINSTEIN_BREAKOUT_TRIGGER,TEST,OPEN,43.0,1.0,09:00:09,0.0005857002106495202,0.009471025317907333,0.020641745999455452,0.023538868874311447,0.03214539587497711,0.0452745221555233,-0.020529620349407196,2.205326795578003,0.024744903668761253,0.0,3.502753734588623,,,,,A_BREAKOUT_IMMEDIATE,
WEINSTEIN_BREAKOUT_TRIGGER,TEST,A_BREAKOUT_IMMEDIATE,43.0,1.0,09:06:32,0.026227649301290512,-0.0034101710189133883,-0.0035693140234798193,-0.002049884991720319,0.006621873006224632,0.019022949039936066,-0.02758045494556427,0.6897256970405579,-0.00855750497430563,0.0,4.098473072052002,0.5367182493209839,0.3333333432674408,1.1755725145339966,0.17241379618644714,A_BREAKOUT_IMMEDIATE,
WEINSTEIN_BREAKOUT_TRIGGER,TEST,B_BREAKOUT_HOLD_60S,41.0,0.9534883720930233,09:07:34,0.026252921670675278,-0.0016784438630566,-0.002313545672222972,0.0004702633013948798,0.010414926335215569,0.017220959067344666,-0.023177331313490868,0.7430087327957153,-0.005956372711807489,0.0,4.308062553405762,0.4238702654838562,0.4583333432674408,0.7767253518104553,0.39024388790130615,A_BREAKOUT_IMMEDIATE,
WEINSTEIN_BREAKOUT_TRIGGER,TEST,C_BREAKOUT_RETEST_HOLD,33.0,0.7674418604651163,09:14:19,0.02358626388013363,0.0017835748149082065,-0.000737879192456603,0.002412059111520648,0.011863647028803825,0.020789388567209244,-0.021907448768615723,0.9489643573760986,-0.0011180603178218007,0.0,4.169625282287598,0.43779098987579346,0.5454545617103577,1.215636968612671,0.3214285671710968,A_BREAKOUT_IMMEDIATE,
WEINSTEIN_BREAKOUT_TRIGGER,TEST,D_BREAKOUT_MICRO_HL,38.0,0.8837209302325582,09:19:31,0.027334030717611313,0.0021924579050391912,0.0005036950460635126,0.003262285143136978,0.012085827998816967,0.019122976809740067,-0.02001921646296978,0.9552310109138489,-0.0008962394786067307,0.0,4.220598220825195,0.38351064920425415,0.4285714328289032,0.9387937188148499,0.2631579041481018,A_BREAKOUT_IMMEDIATE,
WEINSTEIN_BREAKOUT_TRIGGER,TEST,E_BREAKOUT_VWAP_RECLAIM,32.0,0.7441860465116279,09:12:49,0.01986219361424446,0.0003315483045298606,0.0037199552170932293,0.004079510923475027,0.012041814625263214,0.019648883491754532,-0.020502131432294846,0.9583824872970581,-0.0008532479405403137,0.0,4.074882507324219,0.14788730442523956,0.6315789222717285,0.7080650329589844,0.2857142984867096,A_BREAKOUT_IMMEDIATE,
WEINSTEIN_BREAKOUT_TRIGGER,TEST,F_BREAKOUT_REL_STRENGTH,43.0,1.0,09:14:04,0.023440144956111908,-0.00034253482590429485,-0.0017247877549380064,0.0007433473947457969,0.009517159312963486,0.019545137882232666,-0.02231038175523281,0.8760557174682617,-0.002765243873000145,0.0,4.099273681640625,0.4882301986217499,0.3720930218696594,0.8936170339584351,0.23255814611911774,A_BREAKOUT_IMMEDIATE,
WEINSTEIN_BREAKOUT_TRIGGER,TEST,VWAP_RECLAIM_ANY,40.0,0.9302325581395349,09:01:49,0.004821689333766699,0.007951709441840649,0.018015284091234207,0.02194245532155037,0.029061943292617798,0.04049111157655716,-0.01605217717587948,2.5224685668945312,0.024438932538032532,0.0,3.745537281036377,0.265263170003891,0.38461539149284363,0.2916666567325592,0.42424243688583374,A_BREAKOUT_IMMEDIATE,
WEINSTEIN_BREAKOUT_TRIGGER,TEST,MICRO_HL_ANY,42.0,0.9767441860465116,09:04:14,0.0019745188765227795,0.012600500136613846,0.018468709662556648,0.022382566705346107,0.031577736139297485,0.042371541261672974,-0.016112234443426132,2.629774332046509,0.02625930868089199,0.0,3.340926170349121,0.2947368621826172,0.4000000059604645,0.34428542852401733,0.4047619104385376,A_BREAKOUT_IMMEDIATE,
WEINSTEIN_BREAKOUT_TRIGGER,TEST,LEARNED,33.0,0.7674418604651163,09:15:59,0.0168024729937315,0.002518946072086692,0.0011943499557673931,0.0025064998771995306,0.015377617441117764,0.02028135024011135,-0.02004789002239704,1.0116450786590576,0.00023346225498244166,0.0,3.9544339179992676,0.12173913419246674,0.6000000238418579,0.7789468169212341,0.30000001192092896,A_BREAKOUT_IMMEDIATE,
WEINSTEIN_SHORT_TRIGGER_S1,,,,,,,,,,,,,,,,,,,,,,insufficient days TRAIN=16 TEST=103
WEINSTEIN_SHORT_TRIGGER_S2,,,,,,,,,,,,,,,,,,,,,,insufficient days TRAIN=4 TEST=42
