table,window,source,n_probes,pf,payoff,ev_slots_per_probe,pnl_per_100_slot_days,win_rate,ge20,top5pct_share,engine,n,trades_per_year,ev,median_ret,avg_winner,avg_loser,avg_r,median_r,mfe_mean,mae_mean,mfe_mae_ratio,stop_rate,first_exit_stop_rate,stop_dist_pct_med,stop_dist_atr_med,median_hold,ge10,ge30,ge40,n_ge20,n_ge40,top1pct_share,pnl_ex_top5,total_pnl_slots
REPRODUCTION,DISCOVERY,phase2_panel(DATA_START=2019-01-01),692.0,1.9997986140930506,10.81372583916983,0.013201671890723661,0.26313982712985595,0.15606936416184972,36.0,1.6183076675680248,,,,,,,,,,,,,,,,,,,,,,,,,
REPRODUCTION,DISCOVERY,phase1_reference(frozen),695.0,1.95572,10.8671,0.0128472,0.25873,0.152518,36.0,1.65578,,,,,,,,,,,,,,,,,,,,,,,,,
REPRODUCTION,DISCOVERY,DIFFERS,,,,,,,,,,,,,,,,,,,,,,,,,,,,,,,,,
REPRODUCTION,EXTENDED,phase2_panel(DATA_START=2019-01-01),732.0,1.1362456490408368,6.096204917027793,0.0020454097530960553,0.049194675185356085,0.15710382513661203,25.0,6.967749315569689,,,,,,,,,,,,,,,,,,,,,,,,,
REPRODUCTION,EXTENDED,phase1_reference(frozen),731.0,1.13393,6.20151,0.0020163,0.0490407,0.154583,25.0,7.078,,,,,,,,,,,,,,,,,,,,,,,,,
REPRODUCTION,EXTENDED,DIFFERS,,,,,,,,,,,,,,,,,,,,,,,,,,,,,,,,,
REPRODUCTION,STRICT_OOS,phase2_panel(DATA_START=2019-01-01),385.0,1.1199177007658565,4.706681147813263,0.001839279327166865,0.043409810940030234,0.19220779220779222,14.0,7.385217048533087,,,,,,,,,,,,,,,,,,,,,,,,,
REPRODUCTION,STRICT_OOS,phase1_reference(frozen),385.0,1.12328,4.80086,0.0018832,0.0444532,0.18961,14.0,7.21297,,,,,,,,,,,,,,,,,,,,,,,,,
REPRODUCTION,STRICT_OOS,DIFFERS,,,,,,,,,,,,,,,,,,,,,,,,,,,,,,,,,
REPRODUCTION,FULL,phase2_panel(DATA_START=2019-01-01),1080.0,1.6013127231934947,8.006563615967474,0.008539678655009613,0.17865955634481828,0.16666666666666666,48.0,2.1648402230143136,,,,,,,,,,,,,,,,,,,,,,,,,
REPRODUCTION,FULL,phase1_reference(frozen),1083.0,1.58641,8.12027,0.00838006,0.176628,0.163435,48.0,2.19996,,,,,,,,,,,,,,,,,,,,,,,,,
REPRODUCTION,FULL,DIFFERS,,,,,,,,,,,,,,,,,,,,,,,,,,,,,,,,,
TRADE_STATS_PER_CAMPAIGN(ret on max size),PRE_2020_2022,,,,,,,,,,MOMENTUM,0.0,,,,,,,,,,,,,,,,,,,,,,,
TRADE_STATS_PER_CAMPAIGN(ret on max size),DISCOVERY,,,0.7829106142215924,4.449040125047703,,0.24274363754669723,0.14964028776978416,0.04892086330935252,1.7222256311933968,MOMENTUM,695.0,347.73801369863014,-0.007933748842589931,-0.03681356,0.19120687533076924,-0.04297710741116751,-0.11554208213582785,-0.5592115560488289,0.09860535184532374,-0.03366380936690647,2.929120432290074,0.0,0.0,0.0644262,,6.0,0.07625899280575539,0.034532374100719423,0.017266187050359712,34.0,12.0,0.7288171969479702,3.2541481185999963,8.479642118600001
TRADE_STATS_PER_CAMPAIGN(ret on max size),STRICT_OOS,,,0.6163479083972375,2.659583440344244,,0.036228014079027364,0.18814432989690721,0.03608247422680412,8.7752851790802,MOMENTUM,388.0,232.32295081967212,-0.013987269403608246,-0.031716560000000005,0.1194346005808219,-0.04490725832063492,-0.3274543649263627,-0.593831930486876,0.09524096860103093,-0.028447765180412372,3.3479244501993017,0.0,0.0,0.06021855,,5.0,0.06958762886597938,0.01804123711340206,0.01288659793814433,14.0,5.0,3.9517051997012427,-2.0967911683999993,0.5959508316000001
TRADE_STATS_PER_CAMPAIGN(ret on max size),EXTENDED,,,0.5744953494469659,3.136846288573256,,0.05094638117607641,0.1547945205479452,0.03424657534246575,6.795909045936826,MOMENTUM,730.0,273.1890368852459,-0.015794594082465755,-0.035224939999999996,0.13776379317522122,-0.04391792918800649,-0.28963630299057264,-0.5703244765014908,0.09097191061191781,-0.031080534972602738,2.926973769663517,0.0,0.0,0.06379765000000001,,5.0,0.06712328767123288,0.02054794520547945,0.012328767123287671,25.0,9.0,2.6872378284841183,-1.6421292538000003,1.5204947462000005
TRADE_STATS_PER_CAMPAIGN(ret on max size),FULL_2023_2026,,,0.7233292474133132,3.7024649613359415,,0.17662809225319906,0.1634349030470914,0.0443213296398892,2.199966118969671,MOMENTUM,1083.0,294.9781879194631,-0.010102507824746075,-0.0353298,0.16160588065988699,-0.04364818636975718,-0.191462641436592,-0.5687145246843859,0.09740001417331486,-0.03179508808864266,3.0633667031136973,0.0,0.0,0.0632662,,5.0,0.07386888273314866,0.028624192059095107,0.01569713758079409,48.0,17.0,0.9404488551695028,3.7695389501999994,9.0755929502
TRADE_STATS_PER_CAMPAIGN(ret on max size),Y2023,,,1.0473202680190252,4.72930558527341,,0.35078807679628554,0.1813031161473088,0.06515580736543909,1.217069818514301,MOMENTUM,353.0,353.0,0.0016686620566572251,-0.0358269,0.203702066375,-0.043072299453287194,0.011559378207617294,-0.5552135246229138,0.11069325949858358,-0.03327277583569405,3.32684174128433,0.0,0.0,0.0626785,,6.0,0.08781869688385269,0.0453257790368272,0.0226628895184136,23.0,8.0,0.5889003530946028,2.698695204,7.555098204
TRADE_STATS_PER_CAMPAIGN(ret on max size),Y2024,,,0.528783741776645,3.9923172504136697,,0.06902156883911909,0.11695906432748537,0.03216374269005848,5.513689419723751,MOMENTUM,342.0,342.0,-0.01784500921520468,-0.037128919999999996,0.17121456966,-0.0428860130397351,-0.2467316011452903,-0.5598411656634712,0.08612865184064326,-0.03406742,2.528182405378607,0.0,0.0,0.06702369999999999,,5.0,0.06432748538011696,0.023391812865497075,0.011695906432748537,11.0,4.0,1.8721760780274783,-1.5662160853999998,0.9245439146000001
TRADE_STATS_PER_CAMPAIGN(ret on max size),Y2025,,,0.7339588430238384,3.0826271407001213,,0.08900998396898131,0.19230769230769232,0.045454545454545456,3.468507864295754,MOMENTUM,286.0,286.0,-0.009476216309790208,-0.0314338,0.13594435822545456,-0.04410016262770563,-0.2599872005114318,-0.5478594597780126,0.10536691147272725,-0.028635306153846157,3.679615328945064,0.0,0.0,0.06149435,,5.5,0.08041958041958042,0.024475524475524476,0.017482517482517484,13.0,5.0,1.4700413943480612,-1.4301353774000005,1.2626066226
TRADE_STATS_PER_CAMPAIGN(ret on max size),Y2026,,,0.31368939289215103,1.463883833496705,,-0.29432926754966887,0.17647058823529413,0.00980392156862745,,MOMENTUM,102.0,152.23880597014926,-0.02663590847058823,-0.03205068,0.06898811888888888,-0.047126771476190474,-0.5166270024035219,-0.7043809014335847,0.06684861898039215,-0.027921915000000005,2.3941273003800827,0.0,0.0,0.0584947,,3.0,0.0392156862745098,0.0,0.0,1.0,0.0,,-1.436016491,-0.666655791
