portfolio,window,cost_case,cagr,total_ret,sharpe,mdd,calmar,avg_slots_used,exposure,ret_2023,ret_2024,bench_ret,n_trades,n_MOMENTUM,n_W1,n_W2,n_W3,n_S1,n_S2,ret_2025,ret_2026
MULTI_ALPHA_V1,DISCOVERY,BASE,0.15842530014138556,0.34059907416357427,0.7320869621316988,-0.28431917704029996,0.5572093370224198,7.73960498960499,1.0,0.20594776326904496,0.11165600616855986,0.6194393748084237,350,307,8,32,0,1,2,,
MULTI_ALPHA_V1,DISCOVERY,STRESS_0.70%+50bps,0.051045251013156046,0.10431974672478339,0.33665674528719314,-0.2931692413765905,0.17411530204693568,7.4319126819126815,1.0,0.05284246643816504,0.04889362077193682,0.6194393748084237,331,290,9,29,0,1,2,,
MULTI_ALPHA_V1,STRICT_OOS,BASE,0.4139794664123331,0.7817282964219996,1.1706656261162502,-0.2987705812412831,1.3856098705983668,6.853086419753087,1.0,,,0.8184447680923133,341,312,4,20,0,4,1,0.1804564944422682,0.509355325512284
MULTI_ALPHA_V1,STRICT_OOS,STRESS_0.70%+50bps,0.32621509586929665,0.6011813996223321,0.979181776570789,-0.30241804350268253,1.078689261034132,6.868518518518519,1.0,,,0.8184447680923133,329,303,4,17,0,4,1,0.07212498655165533,0.49346523932094444
MULTI_ALPHA_V1,FULL_2023_2026,BASE,0.2738180962090271,1.4284094281669382,0.986243273345809,-0.3897588990022496,0.7025319932655256,7.343397291196388,1.0,0.20594776326904496,0.3240787520856385,1.9189039498942484,655,583,12,52,0,6,2,0.007600007326301839,0.5093551316235345
MULTI_ALPHA_V1,FULL_2023_2026,STRESS_0.70%+50bps,0.1389176277721067,0.6110158785448077,0.6178097142878544,-0.4316481368043249,0.32183071332259905,7.211343115124153,1.0,0.05284246643816504,0.2465472010286951,1.9189039498942484,631,564,13,45,0,6,3,-0.14006201177455369,0.4274488813166224
MULTI_ALPHA_LONG_ONLY,DISCOVERY,BASE,0.10257336247457616,0.21485579161296253,0.5391882576233854,-0.25728707884277835,0.3986728091279553,7.627858627858628,0.9958419958419958,0.14276495270696943,0.06308457284695801,0.6194393748084237,363,320,7,36,0,0,0,,
MULTI_ALPHA_LONG_ONLY,DISCOVERY,STRESS_0.70%+50bps,-0.009528574366048703,-0.01890206355427071,0.08951585512345533,-0.35512413824694056,-0.02683167191361933,7.3154885654885655,0.9958419958419958,0.047095151633375965,-0.06302886140261166,0.6194393748084237,361,318,6,37,0,0,0,,
MULTI_ALPHA_LONG_ONLY,STRICT_OOS,BASE,0.49274679043554626,0.9502756441898863,1.291315658215093,-0.2936741392362674,1.6778691910598245,6.637654320987655,0.9901234567901235,,,0.8184447680923133,333,314,2,17,0,0,0,0.16664470939080966,0.671696300074311
MULTI_ALPHA_LONG_ONLY,STRICT_OOS,STRESS_0.70%+50bps,0.3177467709176476,0.5841706212515294,0.9484052009391059,-0.301465974808546,1.0540054184205736,6.461111111111111,0.9901234567901235,,,0.8184447680923133,341,320,4,17,0,0,0,0.07262757716683588,0.476906481777998
MULTI_ALPHA_LONG_ONLY,FULL_2023_2026,BASE,0.27490743166471376,1.4360312976859784,0.9756675304290867,-0.3874334946645728,0.7095603128034131,7.247742663656885,0.9977426636568849,0.14276495270696943,0.2597059467668563,1.9189039498942484,683,621,9,53,0,0,0,0.012277047450219403,0.6716963025129465
MULTI_ALPHA_LONG_ONLY,FULL_2023_2026,STRESS_0.70%+50bps,0.13826556328411765,0.6076371216692589,0.5923966969687521,-0.4942959125598858,0.2797222468785158,6.979966139954853,0.9977426636568849,0.047095151633375965,0.12747929329439667,1.9189039498942484,683,619,10,54,0,0,0,-0.07797991424222162,0.4769062233957384
MOMENTUM_ONLY,DISCOVERY,BASE,0.13783067642977453,0.2935149312574121,0.6963125083960718,-0.3232887394204087,0.42633924298407994,6.019230769230769,0.9916839916839917,0.3901769809800526,-0.06953218981837495,0.6194393748084237,601,601,0,0,0,0,0,,
MOMENTUM_ONLY,DISCOVERY,STRESS_0.70%+50bps,0.05468641435536825,0.1119581258817901,0.3536395673266532,-0.3660382138838195,0.14940083379580066,6.029625779625779,0.9916839916839917,0.31739461411902914,-0.15594149697857917,0.6194393748084237,603,603,0,0,0,0,0,,
MOMENTUM_ONLY,STRICT_OOS,BASE,0.0035081217579553403,0.005856115122018668,0.1257915549037336,-0.21773886314730717,0.01611160133403464,4.35,0.9703703703703703,,,0.8184447680923133,378,378,0,0,0,0,0,0.10857540265811916,-0.09265881895791872
MOMENTUM_ONLY,STRICT_OOS,STRESS_0.70%+50bps,-0.06424518233199805,-0.10480623697135039,-0.20098920997804706,-0.2547008225664126,-0.25223782822784674,4.347530864197531,0.9703703703703703,,,0.8184447680923133,376,376,0,0,0,0,0,0.018409844111171303,-0.1209886980128908
MOMENTUM_ONLY,FULL_2023_2026,BASE,0.07356792725762906,0.2972405117752621,0.4430641908766004,-0.45780501739516,0.16069707509152964,5.296839729119639,0.981941309255079,0.3901769809800526,0.016703083403105445,1.9189039498942484,979,979,0,0,0,0,0,0.011546022524306698,-0.09265881895791972
MOMENTUM_ONLY,FULL_2023_2026,STRESS_0.70%+50bps,-0.0022104195494278,-0.008079511728948496,0.10380079200164236,-0.5200793294491335,-0.0042501584359622025,5.301354401805869,0.981941309255079,0.31739461411902914,-0.07250902489905131,1.9189039498942484,979,979,0,0,0,0,0,-0.07645762789805943,-0.12098869801288925
WEINSTEIN_LONG_ONLY,DISCOVERY,BASE,0.0084805407828914,0.016974216915956575,0.1600138507180378,-0.2566292788161829,0.03304588167808318,6.831600831600832,0.9625779625779626,0.08952683757287971,-0.06659094402717736,0.6194393748084237,65,0,12,53,0,0,0,,
WEINSTEIN_LONG_ONLY,DISCOVERY,STRESS_0.70%+50bps,-0.013043707681611116,-0.02582973552632928,0.06695433399153523,-0.27548707094209535,-0.04734780342687216,6.825363825363826,0.9625779625779626,0.07422632261128692,-0.09314243752135443,0.6194393748084237,64,0,11,53,0,0,0,,
WEINSTEIN_LONG_ONLY,STRICT_OOS,BASE,0.40547562685638394,0.7638976324992801,1.3047433684008933,-0.2875335718746216,1.4101853366645851,3.1382716049382715,0.5456790123456791,,,0.8184447680923133,24,0,5,19,0,0,0,0.07315557868680966,0.6436550930087062
WEINSTEIN_LONG_ONLY,STRICT_OOS,STRESS_0.70%+50bps,0.39530125378114267,0.7426586538942654,1.275850210270057,-0.28961187408635125,1.3649345525911651,3.088888888888889,0.5456790123456791,,,0.8184447680923133,22,0,4,18,0,0,0,0.07010108997933728,0.6284990924809866
WEINSTEIN_LONG_ONLY,FULL_2023_2026,BASE,0.17280701589530034,0.7938384135308656,0.7728874681596987,-0.2875335718746216,0.6009977018288928,5.529345372460496,0.9085778781038375,0.08952683757287971,0.17746291361632438,1.9189039498942484,89,0,17,72,0,0,0,-0.14927839846986068,0.6436550930087062
WEINSTEIN_LONG_ONLY,FULL_2023_2026,STRESS_0.70%+50bps,0.15530672886182173,0.6976462417515084,0.7090251547805259,-0.2896376476104163,0.5362104344623063,5.503386004514673,0.9085778781038375,0.07422632261128692,0.15518906398066568,1.9189039498942484,86,0,15,71,0,0,0,-0.15993901230297136,0.6284990924809866
MULTI_ALPHA_THEORETICAL_SHORTS,DISCOVERY,BASE,-0.08782752149944306,-0.16741767306434174,-0.33758355071644,-0.31152003901396097,-0.28193217289468503,7.924636174636174,1.0,-0.03582792630265019,-0.13647952512986505,0.6194393748084237,393,339,7,41,0,4,2,,
MULTI_ALPHA_THEORETICAL_SHORTS,DISCOVERY,STRESS_0.70%+50bps,-0.12093727132845866,-0.22656664626287493,-0.4976980520160505,-0.3625763639327778,-0.3335497935295104,7.915800415800415,1.0,-0.07764321739820745,-0.16145967772317227,0.6194393748084237,385,324,8,46,0,4,3,,
MULTI_ALPHA_THEORETICAL_SHORTS,STRICT_OOS,BASE,0.28630442349898444,0.5216488669959756,0.9416789033769929,-0.274745367004118,1.0420718886760816,7.108641975308642,1.0,,,0.8184447680923133,334,304,5,18,0,6,1,0.10686419256759838,0.3747385426446934
MULTI_ALPHA_THEORETICAL_SHORTS,STRICT_OOS,STRESS_0.70%+50bps,0.3021226630226064,0.5529768118791163,0.9554042452154193,-0.296201906709607,1.019988920323879,7.217283950617284,1.0,,,0.8184447680923133,315,289,3,16,0,6,1,0.02392776383912998,0.5166859096156959
MULTI_ALPHA_THEORETICAL_SHORTS,FULL_2023_2026,BASE,0.07725485561958889,0.31364767144756134,0.4223618898627497,-0.4048328291411949,0.19083149897570303,7.5,1.0,-0.03582792630265019,-0.045631895431160197,1.9189039498942484,694,618,10,55,0,8,3,0.009994892316200987,0.4134786656280134
MULTI_ALPHA_THEORETICAL_SHORTS,FULL_2023_2026,STRESS_0.70%+50bps,0.02925963841582746,0.11151727467883377,0.2471262347807248,-0.4787740630538335,0.06111366649478983,7.494638826185102,1.0,-0.07764321739820745,-0.0668043490433462,1.9189039498942484,669,586,11,60,0,8,4,-0.045822140187827376,0.35336589994465095
