verdict_item,verdict,evidence,secondary,criteria_file,compiled_utc
MOMENTUM LONG,WATCH,"frozen V1 Strict OOS trade-level PF=1.123, EV/probe=0.0019 slots; phase-1 FULL_SYSTEM verdict=REJECT; rerun on 2019-extended panel within rounding",,"alpha/verdicts2.py (registered 2026-10-05T17:08Z, commit 70ba58d)",2026-10-05T18:33:33Z
W STAGE1→2,WATCH,TEXTBOOK (primary): n=9 PF=9.90 payoff=19.79 EV=0.7469 placebo p=0.046 EV2025=2.3164 EV2026=-0.0378,MODERNIZED: WATCH — n=1 PF=inf payoff=nan EV=0.0859 placebo p=nan EV2025=0.0859 EV2026=nan,"alpha/verdicts2.py (registered 2026-10-05T17:08Z, commit 70ba58d)",2026-10-05T18:33:33Z
W CONTINUATION,WATCH,TEXTBOOK (primary): n=34 PF=2.65 payoff=2.99 EV=0.0750 placebo p=0.069 EV2025=0.2249 EV2026=0.0491,MODERNIZED: WATCH — n=4 PF=3.86 payoff=11.58 EV=0.1572 placebo p=nan EV2025=0.2395 EV2026=-0.0899,"alpha/verdicts2.py (registered 2026-10-05T17:08Z, commit 70ba58d)",2026-10-05T18:33:33Z
W PULLBACK,REJECT,TEXTBOOK (primary): n=0 PF=nan payoff=nan EV=nan placebo p=nan EV2025=nan EV2026=nan,MODERNIZED: REJECT — n=42 PF=0.24 payoff=1.77 EV=-0.0391 placebo p=0.981 EV2025=-0.0285 EV2026=-0.0443,"alpha/verdicts2.py (registered 2026-10-05T17:08Z, commit 70ba58d)",2026-10-05T18:33:33Z
HIGH R/R FILTER,REJECT,EV 0.0819 vs 0.2156; payoff 5.08 vs 6.36; P(>=20%) 0.105 vs 0.186; PF 2.35,"score features: [{'feature': 'room_h250', 'sign': -1, 'mono_discovery': -0.9999999999999999, 'mono_pre': -0.19999999999999998}, {'feature': 'rs_slope13', 'sign': 1, 'mono_discovery': 0.9878787878787878, 'mono_pre': 0.4787878787878787}, {'feature': 'resdays10', 'sign': -1, 'mono_discovery': -0.9393939393939393, 'mono_pre': -0.7696969696969697}, {'feature': 'srs_20', 'sign': 1, 'mono_discovery': 0.9757575757575757, 'mono_pre': 0.28484848484848485}, {'feature': 'dist_ma150', 'sign': 1, 'mono_discovery': 0.8909090909090909, 'mono_pre': 0.17575757575757575}]","alpha/verdicts2.py (registered 2026-10-05T17:08Z, commit 70ba58d)",2026-10-05T18:33:33Z
1-SECOND ENGINE,REJECT,utility learned 0.0004 vs open 0.0017 vs breakout 0.0016 (p=0.702); trade EV -0.0758 vs -0.1056,MOMENTUM_INTRADAY_TRIGGER: REJECT (TEST days 380); WEINSTEIN_BREAKOUT_TRIGGER: WATCH (TEST days 43),"alpha/verdicts2.py (registered 2026-10-05T17:08Z, commit 70ba58d)",2026-10-05T18:33:33Z
W SHORT,REJECT,TEXTBOOK EXECUTABLE: n=54 PF=0.52 EV=-0.0320; executability verified=False,TEXTBOOK/THEORETICAL: REJECT (n=145 PF=0.54 EV=-0.0333; executability verified=False); TEXTBOOK/EXECUTABLE: REJECT (n=54 PF=0.52 EV=-0.0320; executability verified=False); MODERNIZED/THEORETICAL: REJECT (n=143 PF=0.66 EV=-0.0143; executability verified=False); MODERNIZED/EXECUTABLE: REJECT (n=55 PF=0.41 EV=-0.0217; executability verified=False),"alpha/verdicts2.py (registered 2026-10-05T17:08Z, commit 70ba58d)",2026-10-05T18:33:33Z
BOLLINGER EXIT,REJECT,frozen BB_B1_30_2_FULL: PnL/100sd 0.817 vs textbook 0.516; PF 3.73 vs 5.04; >=30% winners 3 vs 8,,"alpha/verdicts2.py (registered 2026-10-05T17:08Z, commit 70ba58d)",2026-10-05T18:33:33Z
HYBRID,WATCH,"best = HYBRID_B: hybrid PF 2.59 EV 0.0812 Calmar 0.49; components PF [0.616, 5.038] EV [-0.014, 0.216] Calmar [0.016, 1.410]",HYBRID_A: REJECT; HYBRID_B: WATCH; HYBRID_C: REJECT; HYBRID_D: WATCH; HYBRID_C_ALT: REJECT; HYBRID_D_ALT: WATCH,"alpha/verdicts2.py (registered 2026-10-05T17:08Z, commit 70ba58d)",2026-10-05T18:33:33Z
MULTI-ALPHA PORTFOLIO,WATCH,CAGR 0.414 Sharpe 1.17 MDD -0.299 stress CAGR 0.326 2025 0.180 2026 0.509,,"alpha/verdicts2.py (registered 2026-10-05T17:08Z, commit 70ba58d)",2026-10-05T18:33:33Z
