exit,window,mfe_threshold,n_trades,n_big_mfe,kept_ratio_mean,kept_ratio_median,giveback_mean,n_ret_ge30,n_ret_ge50,median_hold_big
BB_B1_20_2.5_FULL,DISCOVERY,0.2,238,31,0.7086464971534977,0.7713523797062334,0.08165481444693538,5,2,9.0
BB_B1_20_2.5_FULL,DISCOVERY,0.3,238,6,0.7083525963278023,0.8017195136003159,0.14556675376885878,5,2,31.0
BB_B1_20_2.5_FULL,DISCOVERY,0.5,238,3,0.7565676363921848,0.8474189242132669,0.1652800564099686,5,2,39.0
BB_B1_20_2.5_FULL,OUTSIDE,0.2,97,6,0.5201101790415766,0.7696166601071965,0.12328938765718193,1,0,49.0
BB_B1_20_2.5_FULL,OUTSIDE,0.3,97,2,0.7109580767907826,0.7109580767907826,0.11591325540183778,1,0,29.0
BB_B1_20_2.5_FULL,PRE_2020_2022,0.2,189,14,0.6639354859835794,0.73422796338249,0.11413469449409595,4,1,16.0
BB_B1_20_2.5_FULL,PRE_2020_2022,0.3,189,7,0.6072210707829976,0.8111414411592782,0.16653444105936652,4,1,32.0
BB_B1_20_2.5_FULL,PRE_2020_2022,0.5,189,2,0.7137975055802688,0.7137975055802688,0.21061462817128854,4,1,19.0
BB_B1_20_2.5_FULL,STRICT_OOS,0.2,43,12,0.655798689196017,0.6967968601010452,0.08126399184893972,1,0,14.0
BB_B1_20_2.5_FULL,STRICT_OOS,0.3,43,3,0.7623268151382389,0.7571936450543612,0.08061616381712654,1,0,15.0
BB_B1_20_2.5_HALF,DISCOVERY,0.2,238,108,0.1966167105255151,0.25621697498425755,0.6786041038631226,30,12,182.5
BB_B1_20_2.5_HALF,DISCOVERY,0.3,238,91,0.22373397231621917,0.2648357684273208,0.757754197572733,30,12,218.0
BB_B1_20_2.5_HALF,DISCOVERY,0.5,238,62,0.2812157496661004,0.280673388807717,0.951212213646008,30,12,258.0
BB_B1_20_2.5_HALF,OUTSIDE,0.2,97,25,-0.08479946041615614,-0.11606796966673336,0.5615789236936691,2,2,95.0
BB_B1_20_2.5_HALF,OUTSIDE,0.3,97,16,0.02357488660087822,-0.0524702782796837,0.7194962101628954,2,2,100.5
BB_B1_20_2.5_HALF,OUTSIDE,0.5,97,8,0.11539974800009309,-0.010559996797205705,0.9846274374655836,2,2,113.0
BB_B1_20_2.5_HALF,PRE_2020_2022,0.2,189,90,0.13519872277653122,0.1665911117056966,0.6746471645906352,18,8,177.5
BB_B1_20_2.5_HALF,PRE_2020_2022,0.3,189,72,0.18205348782020858,0.21555498372401016,0.7779957119429015,18,8,205.5
BB_B1_20_2.5_HALF,PRE_2020_2022,0.5,189,50,0.21852250717640612,0.2291652234295439,0.9710161844803241,18,8,216.0
BB_B1_20_2.5_HALF,STRICT_OOS,0.2,43,26,0.23708676205201826,0.2698604837849211,0.8090482177164061,10,5,103.5
BB_B1_20_2.5_HALF,STRICT_OOS,0.3,43,20,0.2884561745853852,0.2752221407064709,0.9841246412188424,10,5,106.5
BB_B1_20_2.5_HALF,STRICT_OOS,0.5,43,17,0.3012610142866763,0.27681829925771906,1.109741376273404,10,5,105.0
BB_B1_20_2_FULL,DISCOVERY,0.2,238,20,0.6536912635933956,0.69546736499064,0.08894892836793214,3,0,7.0
BB_B1_20_2_FULL,DISCOVERY,0.3,238,6,0.783937988273968,0.7604303001311248,0.08232498586647717,3,0,7.5
BB_B1_20_2_FULL,OUTSIDE,0.2,97,2,0.820867248403804,0.820867248403804,0.0462262659772798,0,0,17.0
BB_B1_20_2_FULL,PRE_2020_2022,0.2,189,14,0.7110481705037323,0.732926303605594,0.10482478130907884,4,2,8.0
BB_B1_20_2_FULL,PRE_2020_2022,0.3,189,6,0.7607547861791238,0.7630492777358274,0.15154887580798093,4,2,9.0
BB_B1_20_2_FULL,PRE_2020_2022,0.5,189,3,0.7280376532590984,0.7283040042151484,0.22962401138018063,4,2,12.0
BB_B1_20_2_FULL,STRICT_OOS,0.2,43,9,0.6322898958567009,0.6805147455343695,0.10865887490373341,2,0,9.0
BB_B1_20_2_FULL,STRICT_OOS,0.3,43,4,0.7421571564973054,0.7704709485938938,0.11727162143730085,2,0,15.5
BB_B1_20_2_FULL,STRICT_OOS,0.5,43,1,0.7495402560659421,0.7495402560659421,0.15892696779561694,2,0,12.0
BB_B1_20_2_HALF,DISCOVERY,0.2,238,108,0.15372096856644205,0.2188215983072393,0.698846168205067,29,10,182.5
BB_B1_20_2_HALF,DISCOVERY,0.3,238,91,0.19151391021966738,0.236187725205149,0.776849957941245,29,10,218.0
BB_B1_20_2_HALF,DISCOVERY,0.5,238,62,0.2491651393572829,0.2708282985505142,0.9726114331699793,29,10,258.0
BB_B1_20_2_HALF,OUTSIDE,0.2,97,25,-0.1337901384608057,-0.150463162934395,0.5781646852121447,2,2,95.0
BB_B1_20_2_HALF,OUTSIDE,0.3,97,16,-0.01996467124414366,-0.08573879155874015,0.7385622084990953,2,2,100.5
BB_B1_20_2_HALF,OUTSIDE,0.5,97,8,0.09223632551934934,0.02874956643095824,0.9970401743385084,2,2,113.0
BB_B1_20_2_HALF,PRE_2020_2022,0.2,189,90,0.12059977988027944,0.15718902617920594,0.6789820453430994,17,9,177.5
BB_B1_20_2_HALF,PRE_2020_2022,0.3,189,72,0.17395299675675943,0.19686218642998543,0.7810239338788199,17,9,205.5
BB_B1_20_2_HALF,PRE_2020_2022,0.5,189,50,0.20633424250750398,0.21082680798948727,0.9750338679929704,17,9,216.0
BB_B1_20_2_HALF,STRICT_OOS,0.2,43,26,0.20621793327103244,0.24790992989774624,0.821639364743537,8,4,103.5
BB_B1_20_2_HALF,STRICT_OOS,0.3,43,20,0.27029140500455306,0.2974919332057526,0.9962026471841151,8,4,106.5
BB_B1_20_2_HALF,STRICT_OOS,0.5,43,17,0.2882796142167745,0.30173197325239065,1.1202047719115988,8,4,105.0
BB_B1_30_2_FULL,DISCOVERY,0.2,238,26,0.5990455362561773,0.6791227415755241,0.10934087355549463,3,0,10.0
BB_B1_30_2_FULL,DISCOVERY,0.3,238,8,0.7096505554558596,0.7508180991842698,0.1132367069933222,3,0,10.5
BB_B1_30_2_FULL,DISCOVERY,0.5,238,2,0.7508180991842698,0.7508180991842698,0.12948608417098134,3,0,10.5
BB_B1_30_2_FULL,OUTSIDE,0.2,97,2,0.7279777491119352,0.7279777491119352,0.09289691635818603,0,0,18.5
BB_B1_30_2_FULL,OUTSIDE,0.3,97,2,0.7279777491119352,0.7279777491119352,0.09289691635818603,0,0,18.5
BB_B1_30_2_FULL,PRE_2020_2022,0.2,189,22,0.6408804582793789,0.6949072417634128,0.12598618039664872,7,2,11.5
BB_B1_30_2_FULL,PRE_2020_2022,0.3,189,11,0.685648741123494,0.7040668984446782,0.16154265050728212,7,2,13.0
BB_B1_30_2_FULL,PRE_2020_2022,0.5,189,5,0.6718346725657961,0.7040668984446782,0.22191228148407566,7,2,13.0
BB_B1_30_2_FULL,STRICT_OOS,0.2,43,11,0.5240876232927886,0.6250540083951325,0.15522371909232838,3,1,12.0
BB_B1_30_2_FULL,STRICT_OOS,0.3,43,5,0.6835934635262214,0.7227558521563924,0.17934945778647596,3,1,15.0
BB_B1_30_2_FULL,STRICT_OOS,0.5,43,3,0.6991167055391556,0.7227558521563924,0.20398071049388522,3,1,20.0
BB_B1_30_2_HALF,DISCOVERY,0.2,238,108,0.15607986069904184,0.21550483122600983,0.6954996414120219,28,12,182.5
BB_B1_30_2_HALF,DISCOVERY,0.3,238,91,0.1950803670462517,0.23683780853447883,0.7727677671343818,28,12,218.0
BB_B1_30_2_HALF,DISCOVERY,0.5,238,62,0.2551679122510575,0.27548602140135736,0.9663863011749124,28,12,258.0
BB_B1_30_2_HALF,OUTSIDE,0.2,97,25,-0.1323116939656023,-0.17947173711520115,0.5788194351230961,2,2,95.0
BB_B1_30_2_HALF,OUTSIDE,0.3,97,16,-0.015516004711886916,-0.08876629031816172,0.7393541037104301,2,2,100.5
BB_B1_30_2_HALF,OUTSIDE,0.5,97,8,0.09280929721505289,0.022742649640642182,0.9998624220737206,2,2,113.0
BB_B1_30_2_HALF,PRE_2020_2022,0.2,189,90,0.12572450389224385,0.17423391954909948,0.6739777093261625,18,9,177.5
BB_B1_30_2_HALF,PRE_2020_2022,0.3,189,72,0.18611584596651434,0.21362246467756418,0.7734225912903119,18,9,205.5
BB_B1_30_2_HALF,PRE_2020_2022,0.5,189,50,0.2251122814685144,0.23753211875314872,0.9642463094510397,18,9,216.0
BB_B1_30_2_HALF,STRICT_OOS,0.2,43,26,0.21434388073497376,0.2911295939076263,0.810216603681601,8,5,103.5
BB_B1_30_2_HALF,STRICT_OOS,0.3,43,20,0.27914560378552694,0.3024980420706709,0.9817558618820685,8,5,106.5
BB_B1_30_2_HALF,STRICT_OOS,0.5,43,17,0.305372262871008,0.30326411088895106,1.1010574817568402,8,5,105.0
BB_B2_20_2.5_FULL,DISCOVERY,0.2,238,25,0.7406544869318266,0.7713523797062334,0.0726805705789057,4,0,11.0
BB_B2_20_2.5_FULL,DISCOVERY,0.3,238,4,0.8078346904057306,0.8757899396977115,0.11767489940319042,4,0,35.0
BB_B2_20_2.5_FULL,DISCOVERY,0.5,238,2,0.7252252963444891,0.7252252963444891,0.18597201418800308,4,0,72.0
BB_B2_20_2.5_FULL,OUTSIDE,0.2,97,6,0.49094490931444373,0.7388790840822538,0.11919792450405316,0,0,48.0
BB_B2_20_2.5_FULL,OUTSIDE,0.3,97,1,0.8074387019570379,0.8074387019570379,0.07139119984123049,0,0,35.0
BB_B2_20_2.5_FULL,PRE_2020_2022,0.2,189,14,0.6891344419674443,0.7747450843780137,0.09207248211071158,3,2,16.0
BB_B2_20_2.5_FULL,PRE_2020_2022,0.3,189,6,0.6331293141871885,0.8234106809715798,0.1348970043155233,3,2,51.5
BB_B2_20_2.5_FULL,PRE_2020_2022,0.5,189,2,0.8967504341482174,0.8967504341482174,0.06938897767281704,3,2,18.0
BB_B2_20_2.5_FULL,STRICT_OOS,0.2,43,8,0.7503762496770534,0.783958587485347,0.06644336842558185,0,0,17.5
BB_B2_20_2.5_FULL,STRICT_OOS,0.3,43,3,0.7189899287127252,0.7571936450543612,0.09482179236097316,0,0,15.0
BB_B2_20_2.5_HALF,DISCOVERY,0.2,238,108,0.18653651182899653,0.2401677615094006,0.6846102997087535,27,11,182.5
BB_B2_20_2.5_HALF,DISCOVERY,0.3,238,91,0.22025288223228517,0.2473311171914569,0.7626639303837806,27,11,218.0
BB_B2_20_2.5_HALF,DISCOVERY,0.5,238,62,0.27355569312402295,0.27541779722929405,0.9593007092551921,27,11,258.0
BB_B2_20_2.5_HALF,OUTSIDE,0.2,97,25,-0.10068026517938627,-0.13384903719868188,0.5664866765405551,2,2,95.0
BB_B2_20_2.5_HALF,OUTSIDE,0.3,97,16,0.013432200477366924,-0.07337964707229017,0.7242175634108963,2,2,100.5
BB_B2_20_2.5_HALF,OUTSIDE,0.5,97,8,0.1118284631888547,-0.02298321308422423,0.9871693031565891,2,2,113.0
BB_B2_20_2.5_HALF,PRE_2020_2022,0.2,189,90,0.13265449308564156,0.1636742651885978,0.6759293932013317,17,8,177.5
BB_B2_20_2.5_HALF,PRE_2020_2022,0.3,189,72,0.17564445183321345,0.2086966909416511,0.7804495626713915,17,8,205.5
BB_B2_20_2.5_HALF,PRE_2020_2022,0.5,189,50,0.21453075204348873,0.22041989295192088,0.9727677870604836,17,8,216.0
BB_B2_20_2.5_HALF,STRICT_OOS,0.2,43,26,0.23871269955024615,0.2574873327132763,0.8140218621346241,10,4,103.5
BB_B2_20_2.5_HALF,STRICT_OOS,0.3,43,20,0.2781591071862754,0.27050000829979837,0.993306970987691,10,4,106.5
BB_B2_20_2.5_HALF,STRICT_OOS,0.5,43,17,0.2937343326385652,0.27058207855760147,1.1190621739319873,10,4,105.0
BB_B2_20_2_FULL,DISCOVERY,0.2,238,17,0.6732332858760408,0.6994397588590305,0.08296450530472028,2,0,6.0
BB_B2_20_2_FULL,DISCOVERY,0.3,238,3,0.8018731129930562,0.7678915382582692,0.08122405386889729,2,0,8.0
BB_B2_20_2_FULL,DISCOVERY,0.5,238,1,0.7678915382582692,0.7678915382582692,0.12334725642903172,2,0,8.0
BB_B2_20_2_FULL,OUTSIDE,0.2,97,2,0.8244855342863107,0.8244855342863107,0.04475227346468208,0,0,16.0
BB_B2_20_2_FULL,PRE_2020_2022,0.2,189,13,0.7285313247514651,0.7653104391028489,0.08729411609953273,3,2,8.0
BB_B2_20_2_FULL,PRE_2020_2022,0.3,189,5,0.7652468694583693,0.7893588217711391,0.12033955495306614,3,2,8.0
BB_B2_20_2_FULL,PRE_2020_2022,0.5,189,2,0.8179807406786501,0.8179807406786501,0.1594237789596612,3,2,9.5
BB_B2_20_2_FULL,STRICT_OOS,0.2,43,5,0.7341033667921115,0.7465073606397488,0.08847003752737818,1,1,11.0
BB_B2_20_2_FULL,STRICT_OOS,0.3,43,3,0.7155333698277726,0.7465073606397488,0.11378698010058097,1,1,12.0
BB_B2_20_2_FULL,STRICT_OOS,0.5,43,1,0.8363497677062148,0.8363497677062148,0.09863187387793415,1,1,11.0
BB_B2_20_2_HALF,DISCOVERY,0.2,238,108,0.14856305733848837,0.21863204332322184,0.7024021675045576,28,11,182.5
BB_B2_20_2_HALF,DISCOVERY,0.3,238,91,0.18716723337619315,0.23614162678770373,0.7805579761555235,28,11,218.0
BB_B2_20_2_HALF,DISCOVERY,0.5,238,62,0.2439802699175363,0.2628798908810183,0.9779773716241488,28,11,258.0
BB_B2_20_2_HALF,OUTSIDE,0.2,97,25,-0.13092871629636788,-0.1464378675348488,0.5778428676672364,2,2,95.0
BB_B2_20_2_HALF,OUTSIDE,0.3,97,16,-0.019018311727849097,-0.0794308084502389,0.7387562629955682,2,2,100.5
BB_B2_20_2_HALF,OUTSIDE,0.5,97,8,0.08968396514247719,0.027040446378189965,0.9990253644587548,2,2,113.0
BB_B2_20_2_HALF,PRE_2020_2022,0.2,189,90,0.11380062547157657,0.15447765067514146,0.6851130932173842,15,8,177.5
BB_B2_20_2_HALF,PRE_2020_2022,0.3,189,72,0.16580273559630154,0.19183765879282488,0.7884875004412876,15,8,205.5
BB_B2_20_2_HALF,PRE_2020_2022,0.5,189,50,0.19758149295761768,0.2029239134330643,0.984893726534577,15,8,216.0
BB_B2_20_2_HALF,STRICT_OOS,0.2,43,26,0.20298978647378504,0.2309386663940366,0.8301999359981704,8,4,103.5
BB_B2_20_2_HALF,STRICT_OOS,0.3,43,20,0.2631835786620444,0.2755946417959391,1.0078188600295013,8,4,106.5
BB_B2_20_2_HALF,STRICT_OOS,0.5,43,17,0.2768903208556704,0.2954506953875717,1.1348079750854387,8,4,105.0
BB_B2_30_2_FULL,DISCOVERY,0.2,238,21,0.6328599621377129,0.6588487670058424,0.09893009020487649,3,0,8.0
BB_B2_30_2_FULL,DISCOVERY,0.3,238,6,0.7214471283442396,0.7892193979917466,0.10795930795244224,3,0,11.0
BB_B2_30_2_FULL,DISCOVERY,0.5,238,1,0.6892639036553988,0.6892639036553988,0.16513161420294203,3,0,9.0
BB_B2_30_2_FULL,OUTSIDE,0.2,97,2,0.7109783673325714,0.7109783673325714,0.0981770400322271,0,0,17.0
BB_B2_30_2_FULL,OUTSIDE,0.3,97,1,0.5286478517644613,0.5286478517644613,0.16612669970383093,0,0,23.0
BB_B2_30_2_FULL,PRE_2020_2022,0.2,189,19,0.6496608330404842,0.6715088151837544,0.1124174832758191,5,2,10.0
BB_B2_30_2_FULL,PRE_2020_2022,0.3,189,7,0.7503057588172203,0.7504317350968459,0.14351892450214282,5,2,11.0
BB_B2_30_2_FULL,PRE_2020_2022,0.5,189,2,0.7272139712532637,0.7272139712532637,0.2662455057048081,5,2,11.0
BB_B2_30_2_FULL,STRICT_OOS,0.2,43,7,0.5630873915308261,0.616028634574979,0.14129109018368227,2,0,9.0
BB_B2_30_2_FULL,STRICT_OOS,0.3,43,3,0.6443572604263438,0.6686878760892105,0.18067959320029522,2,0,14.0
BB_B2_30_2_FULL,STRICT_OOS,0.5,43,2,0.6747655718954103,0.6747655718954103,0.18021005179085697,2,0,15.0
BB_B2_30_2_HALF,DISCOVERY,0.2,238,108,0.15302434748846622,0.21216587735252795,0.6980505355794145,27,11,182.5
BB_B2_30_2_HALF,DISCOVERY,0.3,238,91,0.19507276909198018,0.23896476434150082,0.7747567847346039,27,11,218.0
BB_B2_30_2_HALF,DISCOVERY,0.5,238,62,0.25421549464991344,0.2709236320803582,0.9698372039341242,27,11,258.0
BB_B2_30_2_HALF,OUTSIDE,0.2,97,25,-0.15143121339215673,-0.17584472112541277,0.5864770825438235,2,2,95.0
BB_B2_30_2_HALF,OUTSIDE,0.3,97,16,-0.03317760780584063,-0.12045517410311886,0.7486010629848396,2,2,100.5
BB_B2_30_2_HALF,OUTSIDE,0.5,97,8,0.0628674688064571,-0.014161251007231635,1.0161997401654423,2,2,113.0
BB_B2_30_2_HALF,PRE_2020_2022,0.2,189,90,0.11943252964458988,0.16169370503671282,0.6811556311345968,16,8,177.5
BB_B2_30_2_HALF,PRE_2020_2022,0.3,189,72,0.1768477702420965,0.20382002326086235,0.7826271865038328,16,8,205.5
BB_B2_30_2_HALF,PRE_2020_2022,0.5,189,50,0.20844223792796288,0.2105080595124088,0.9787513674198162,16,8,216.0
BB_B2_30_2_HALF,STRICT_OOS,0.2,43,26,0.19492059365674874,0.24375458244593406,0.8307840445727314,7,4,103.5
BB_B2_30_2_HALF,STRICT_OOS,0.3,43,20,0.26409902607063085,0.276849291348335,1.0065674624325376,7,4,106.5
BB_B2_30_2_HALF,STRICT_OOS,0.5,43,17,0.2817048141231462,0.2823187263250827,1.13212826371816,7,4,105.0
MODERN,DISCOVERY,0.2,238,59,0.3549926799082861,0.4000267419986588,0.2875723595898093,15,12,56.0
MODERN,DISCOVERY,0.3,238,41,0.4356655784953119,0.4979063511593352,0.3238670028192262,15,12,58.0
MODERN,DISCOVERY,0.5,238,19,0.5380658954914516,0.5627641509717737,0.4025291727153778,15,12,69.0
MODERN,OUTSIDE,0.2,95,10,0.3863545823080839,0.396341767679238,0.2755293348419167,1,0,65.5
MODERN,OUTSIDE,0.3,95,9,0.4073936503206952,0.4108120733867685,0.2875110264680318,1,0,67.0
MODERN,OUTSIDE,0.5,95,3,0.4296883146034018,0.4769817104878257,0.3400799928588081,1,0,62.0
MODERN,PRE_2020_2022,0.2,189,49,0.18212159137709724,0.18378954684684448,0.41099705202460485,7,3,52.0
MODERN,PRE_2020_2022,0.3,189,35,0.24769864328887217,0.19915260891131772,0.4847577413956395,7,3,54.0
MODERN,PRE_2020_2022,0.5,189,20,0.292571231270565,0.2807081038732576,0.6165952453272926,7,3,56.5
MODERN,STRICT_OOS,0.2,43,11,0.20626498234758472,0.391892093741435,0.5182370530684471,3,3,49.0
MODERN,STRICT_OOS,0.3,43,9,0.3853383048025772,0.4071033850837572,0.5569664628492753,3,3,61.0
MODERN,STRICT_OOS,0.5,43,5,0.44782286030110485,0.4091646039150733,0.8140210400111154,3,3,68.0
MODERN_NOVOL,OUTSIDE,0.2,2,1,-0.009599061263860216,-0.009599061263860216,0.35583026554498504,0,0,49.0
MODERN_NOVOL,OUTSIDE,0.3,2,1,-0.009599061263860216,-0.009599061263860216,0.35583026554498504,0,0,49.0
STOP_STAGE4_ONLY,DISCOVERY,0.2,238,128,0.11420621116883767,0.21360613045848012,0.7017762979969049,46,30,324.0
STOP_STAGE4_ONLY,DISCOVERY,0.3,238,110,0.19882527774192524,0.27961563268073064,0.756424706695025,46,30,330.5
STOP_STAGE4_ONLY,DISCOVERY,0.5,238,78,0.3304412477453384,0.3586522268528387,0.8903382305268176,46,30,359.0
STOP_STAGE4_ONLY,OUTSIDE,0.2,97,27,-0.38041623951498493,-0.3729022903921748,0.9237030013204902,3,3,95.0
STOP_STAGE4_ONLY,OUTSIDE,0.3,97,16,-0.14651051018445874,-0.26603707961425577,1.2957251517101587,3,3,100.5
STOP_STAGE4_ONLY,OUTSIDE,0.5,97,8,0.04670624193022412,-0.17179939268068264,2.022843614549899,3,3,113.0
STOP_STAGE4_ONLY,PRE_2020_2022,0.2,189,99,0.060768695035112744,0.14269506109809368,0.7148685735282678,35,20,280.0
STOP_STAGE4_ONLY,PRE_2020_2022,0.3,189,80,0.1913326606688325,0.2639604877015653,0.7971565864882069,35,20,317.0
STOP_STAGE4_ONLY,PRE_2020_2022,0.5,189,65,0.2982253963814677,0.3129625138291398,0.871671698607363,35,20,321.0
STOP_STAGE4_ONLY,STRICT_OOS,0.2,43,26,0.2795384946108304,0.41860024693468767,0.583229297169858,15,11,103.5
STOP_STAGE4_ONLY,STRICT_OOS,0.3,43,20,0.42180806909945645,0.4209696819762062,0.6738813677266677,15,11,106.5
STOP_STAGE4_ONLY,STRICT_OOS,0.5,43,17,0.47790887288866546,0.5029247832002331,0.7382201942004574,15,11,105.0
TEXTBOOK_INVESTOR,DISCOVERY,0.2,33,12,0.031205829782838396,0.17888928627903433,0.44009800037159313,1,1,162.0
TEXTBOOK_INVESTOR,DISCOVERY,0.3,33,10,0.08630615303782616,0.17888928627903433,0.458438883916369,1,1,162.0
TEXTBOOK_INVESTOR,DISCOVERY,0.5,33,4,0.1707989134650013,0.21770993490862856,0.5857962314891277,1,1,166.0
TEXTBOOK_INVESTOR,OUTSIDE,0.2,51,7,-0.19106271048045312,-0.3365479091798844,1.3752592969687425,2,2,94.0
TEXTBOOK_INVESTOR,OUTSIDE,0.3,51,6,-0.065927542450978,-0.3113958118248877,1.5368805559088312,2,2,104.5
TEXTBOOK_INVESTOR,OUTSIDE,0.5,51,3,0.24278477882575022,0.23866171093250854,2.4976785327076763,2,2,351.0
TEXTBOOK_INVESTOR,PRE_2020_2022,0.2,23,7,0.17096164887778206,0.353135039438778,0.8410948128616446,3,3,193.0
TEXTBOOK_INVESTOR,PRE_2020_2022,0.3,23,6,0.20188269695537434,0.35736681818442995,0.9398157716429626,3,3,228.0
TEXTBOOK_INVESTOR,PRE_2020_2022,0.5,23,5,0.34003401494551005,0.36159859693008184,1.0310902076481363,3,3,263.0
TEXTBOOK_INVESTOR,STRICT_OOS,0.2,9,4,0.263159618804635,0.5729395485586124,0.7712463162880572,3,2,160.5
TEXTBOOK_INVESTOR,STRICT_OOS,0.3,9,3,0.6452836449524669,0.7781730692572818,0.8914369316026997,3,2,218.0
TEXTBOOK_INVESTOR,STRICT_OOS,0.5,9,3,0.6452836449524669,0.7781730692572818,0.8914369316026997,3,2,218.0
TEXTBOOK_NOVOL,OUTSIDE,0.2,2,1,-0.2094714327757191,-0.2094714327757191,0.4262747040938271,0,0,73.0
TEXTBOOK_NOVOL,OUTSIDE,0.3,2,1,-0.2094714327757191,-0.2094714327757191,0.4262747040938271,0,0,73.0
TEXTBOOK_TRADER,DISCOVERY,0.2,205,45,0.1992390294690935,0.3446964723685943,0.5753587473666758,24,15,183.0
TEXTBOOK_TRADER,DISCOVERY,0.3,205,37,0.3436789848284473,0.4094495030478806,0.6124999945530061,24,15,227.0
TEXTBOOK_TRADER,DISCOVERY,0.5,205,26,0.47479202317693214,0.48574104713397204,0.7222921948888466,24,15,275.5
TEXTBOOK_TRADER,OUTSIDE,0.2,44,6,-0.5045960608430896,-0.49761591519315,0.5568152862968482,0,0,100.5
TEXTBOOK_TRADER,OUTSIDE,0.3,44,3,-0.31345935932104046,-0.3513371584042539,0.7231789862699284,0,0,100.0
TEXTBOOK_TRADER,OUTSIDE,0.5,44,1,-0.18205707543709868,-0.18205707543709868,0.9792062323303052,0,0,101.0
TEXTBOOK_TRADER,PRE_2020_2022,0.2,166,42,0.1059493857164465,0.17043523366104807,0.6069750066097066,11,8,175.0
TEXTBOOK_TRADER,PRE_2020_2022,0.3,166,34,0.2282016240490267,0.23008278168645185,0.6663218150798287,11,8,185.0
TEXTBOOK_TRADER,PRE_2020_2022,0.5,166,23,0.3005043275207322,0.25560492395165996,0.8044397025146427,11,8,211.0
TEXTBOOK_TRADER,STRICT_OOS,0.2,34,10,0.07618726961145275,0.2697948158489899,0.7551180153187197,5,3,103.0
TEXTBOOK_TRADER,STRICT_OOS,0.3,34,8,0.25489289981257945,0.3632390353563459,0.8404678413707698,5,3,103.0
TEXTBOOK_TRADER,STRICT_OOS,0.5,34,6,0.35174187256598893,0.36557922335967474,1.0087754642344615,5,3,103.0
