family,feature,window,bin,n,x_lo,x_hi,x_med,ret_s40,r_s40,ge20,stop_hit,mfe40,mae40,up20_before_stop,payoff,pf,analysis,x,y,x_tercile,y_tercile,group_var,group
EXTENSION,ext_ma20_atr,PRE_2020_2022,0.0,6127,-inf,-1.64231436252594,-2.176290988922119,0.021632179617881775,1.8851534128189087,0.1614166796207428,0.7679125070571899,0.17517350614070892,-0.11202111840248108,0.14493227005004883,6.528997898101807,1.836366057395935,DECILE,,,,,,
EXTENSION,ext_ma20_atr,PRE_2020_2022,1.0,5873,-1.64231436252594,-1.0264524698257442,-1.3094269037246704,0.02222665399312973,0.3928108215332031,0.1401328146457672,0.7250127792358398,0.16794072091579437,-0.11851465702056885,0.17010046541690826,5.0406174659729,1.702787160873413,DECILE,,,,,,
EXTENSION,ext_ma20_atr,PRE_2020_2022,2.0,5997,-1.0264524698257442,-0.5639605581760405,-0.7852112650871277,0.02074700966477394,0.4439948797225952,0.13223278522491455,0.6710021495819092,0.16704608500003815,-0.12138376384973526,0.19226279854774475,3.771728992462158,1.5267152786254883,DECILE,,,,,,
EXTENSION,ext_ma20_atr,PRE_2020_2022,3.0,6124,-0.5639605581760405,-0.12826441526412932,-0.34889376163482666,0.012168684974312782,0.17133325338363647,0.12181580811738968,0.6342260241508484,0.16245317459106445,-0.1301451474428177,0.2096668779850006,2.919172763824463,1.2508795261383057,DECILE,,,,,,
EXTENSION,ext_ma20_atr,PRE_2020_2022,4.0,6056,-0.12826441526412932,0.2765035033226013,0.084060437977314,0.01457027904689312,0.18867774307727814,0.1243394985795021,0.5265852212905884,0.1670372635126114,-0.12651187181472778,0.2351386994123459,2.269623279571533,1.2756019830703735,DECILE,,,,,,
EXTENSION,ext_ma20_atr,PRE_2020_2022,5.0,5945,0.2765035033226013,0.650640869140625,0.46421003341674805,0.013392239809036255,0.09595039486885071,0.1283431500196457,0.4802354872226715,0.17783527076244354,-0.130984365940094,0.2624053955078125,1.9804449081420898,1.2232953310012817,DECILE,,,,,,
EXTENSION,ext_ma20_atr,PRE_2020_2022,6.0,6091,0.650640869140625,1.085388588905335,0.8551727533340454,0.014866079203784466,0.11043014377355576,0.13363979756832123,0.4171728789806366,0.18078386783599854,-0.13275279104709625,0.2728615999221802,1.8663063049316406,1.2370710372924805,DECILE,,,,,,
EXTENSION,ext_ma20_atr,PRE_2020_2022,7.0,5808,1.085388588905335,1.6213807821273818,1.3382999897003174,0.01813591457903385,0.10087257623672485,0.14101240038871765,0.35089531540870667,0.1853894144296646,-0.13233089447021484,0.2861570119857788,1.7647913694381714,1.2830551862716675,DECILE,,,,,,
EXTENSION,ext_ma20_atr,PRE_2020_2022,8.0,6003,1.6213807821273818,2.4476922512054435,1.979090929031372,0.020362908020615578,0.11752479523420334,0.1435948759317398,0.27819424867630005,0.1934228539466858,-0.1359802484512329,0.30651339888572693,1.6372400522232056,1.2974724769592285,DECILE,,,,,,
EXTENSION,ext_ma20_atr,PRE_2020_2022,9.0,5895,2.4476922512054435,inf,3.1923305988311768,0.028997300192713737,0.10839888453483582,0.16675148904323578,0.18727734684944153,0.22236163914203644,-0.14717434346675873,0.3594571650028229,1.6414152383804321,1.3922947645187378,DECILE,,,,,,
EXTENSION,ext_ma20_atr,DISCOVERY,0.0,5482,-inf,-1.64231436252594,-2.1488184928894043,0.01117649395018816,0.41664522886276245,0.10762495547533035,0.7701568603515625,0.14858226478099823,-0.09483606368303299,0.1302444338798523,5.690683841705322,1.4742975234985352,DECILE,,,,,,
EXTENSION,ext_ma20_atr,DISCOVERY,1.0,5482,-1.64231436252594,-1.0264524698257442,-1.3003544807434082,0.012148040346801281,0.3555360436439514,0.11291499435901642,0.7141554355621338,0.15438711643218994,-0.09709684550762177,0.1570594608783722,4.284165382385254,1.4245837926864624,DECILE,,,,,,
EXTENSION,ext_ma20_atr,DISCOVERY,2.0,5482,-1.0264524698257442,-0.5639605581760405,-0.7819458246231079,0.016283364966511726,0.2945902943611145,0.1143743172287941,0.6479387283325195,0.15596242249011993,-0.09884507954120636,0.18350966274738312,3.5522563457489014,1.4718585014343262,DECILE,,,,,,
EXTENSION,ext_ma20_atr,DISCOVERY,3.0,5482,-0.5639605581760405,-0.12826441526412932,-0.35424262285232544,0.018305396661162376,0.2901962399482727,0.12513680756092072,0.5740605592727661,0.1642417162656784,-0.10052717477083206,0.22345858812332153,2.8073573112487793,1.4463554620742798,DECILE,,,,,,
EXTENSION,ext_ma20_atr,DISCOVERY,4.0,5482,-0.12826441526412932,0.2765035033226013,0.08270785212516785,0.019149651750922203,0.26317596435546875,0.12458956241607666,0.4952571988105774,0.166082501411438,-0.10541515052318573,0.23914629220962524,2.3594741821289062,1.4038769006729126,DECILE,,,,,,
EXTENSION,ext_ma20_atr,DISCOVERY,5.0,5482,0.2765035033226013,0.650640869140625,0.4596560001373291,0.015745459124445915,0.19962875545024872,0.12604889273643494,0.42739877104759216,0.16424591839313507,-0.10622075945138931,0.2568405568599701,1.9331812858581543,1.303155541419983,DECILE,,,,,,
EXTENSION,ext_ma20_atr,DISCOVERY,6.0,5482,0.650640869140625,1.085388588905335,0.8580040335655212,0.0226310882717371,0.248030886054039,0.13480481505393982,0.34968990087509155,0.16919603943824768,-0.1049482673406601,0.2677854895591736,1.792839765548706,1.4316837787628174,DECILE,,,,,,
EXTENSION,ext_ma20_atr,DISCOVERY,7.0,5482,1.085388588905335,1.6213807821273818,1.3368498086929321,0.02510744333267212,0.2119024395942688,0.13662897050380707,0.28146660327911377,0.17511723935604095,-0.10693924874067307,0.28420284390449524,1.7182074785232544,1.4628846645355225,DECILE,,,,,,
EXTENSION,ext_ma20_atr,DISCOVERY,8.0,5482,1.6213807821273818,2.4476922512054435,1.9809167385101318,0.024675989523530006,0.18630388379096985,0.13115651905536652,0.19664356112480164,0.17548128962516785,-0.10892312973737717,0.2955125868320465,1.5307053327560425,1.44388747215271,DECILE,,,,,,
EXTENSION,ext_ma20_atr,DISCOVERY,9.0,5482,2.4476922512054435,inf,3.19183349609375,0.03694017603993416,0.19842654466629028,0.17001093924045563,0.11711054295301437,0.20628419518470764,-0.11957546323537827,0.345859169960022,1.6310197114944458,1.5968682765960693,DECILE,,,,,,
EXTENSION,ext_ma20_atr,STRICT_OOS,0.0,4240,-inf,-1.64231436252594,-2.212635040283203,0.033244337886571884,0.7132310271263123,0.18325471878051758,0.7622641324996948,0.2090437114238739,-0.12137016654014587,0.19198113679885864,7.928455829620361,2.283858060836792,DECILE,,,,,,
EXTENSION,ext_ma20_atr,STRICT_OOS,1.0,3580,-1.64231436252594,-1.0264524698257442,-1.3058481216430664,0.02247149497270584,0.48560094833374023,0.17653630673885345,0.7804469466209412,0.21427442133426666,-0.13161306083202362,0.1798882633447647,6.535270690917969,1.6110626459121704,DECILE,,,,,,
EXTENSION,ext_ma20_atr,STRICT_OOS,2.0,3592,-1.0264524698257442,-0.5639605581760405,-0.7824338674545288,0.031492482870817184,0.5607956647872925,0.1806792914867401,0.7068485617637634,0.22454866766929626,-0.13672035932540894,0.22271715104579926,4.924155235290527,1.6707611083984375,DECILE,,,,,,
EXTENSION,ext_ma20_atr,STRICT_OOS,3.0,3535,-0.5639605581760405,-0.12826441526412932,-0.3508009910583496,0.04196911305189133,0.5316660404205322,0.19292786717414856,0.6268740892410278,0.2352578043937683,-0.13287487626075745,0.2676096260547638,3.9661433696746826,1.8035343885421753,DECILE,,,,,,
EXTENSION,ext_ma20_atr,STRICT_OOS,4.0,3330,-0.12826441526412932,0.2765035033226013,0.08401386439800262,0.03678011894226074,0.45454123616218567,0.1900900900363922,0.5357357263565063,0.22851580381393433,-0.13426128029823303,0.3003003001213074,2.920459508895874,1.6112881898880005,DECILE,,,,,,
EXTENSION,ext_ma20_atr,STRICT_OOS,5.0,3298,0.2765035033226013,0.650640869140625,0.4566296935081482,0.05882614478468895,0.5704483389854431,0.21134020388126373,0.4454214572906494,0.2530859708786011,-0.13436821103096008,0.3514251112937927,2.6606717109680176,1.940363883972168,DECILE,,,,,,
EXTENSION,ext_ma20_atr,STRICT_OOS,6.0,3424,0.650640869140625,1.085388588905335,0.8644068241119385,0.0528387613594532,0.3871837556362152,0.2064836472272873,0.39690420031547546,0.2495364248752594,-0.1360820233821869,0.35309579968452454,2.4417405128479004,1.7743560075759888,DECILE,,,,,,
EXTENSION,ext_ma20_atr,STRICT_OOS,7.0,3244,1.085388588905335,1.6213807821273818,1.3345590829849243,0.05648035928606987,0.3663628399372101,0.21300862729549408,0.3236744701862335,0.2577454149723053,-0.1379658728837967,0.39272502064704895,2.1569063663482666,1.7994554042816162,DECILE,,,,,,
EXTENSION,ext_ma20_atr,STRICT_OOS,8.0,3259,1.6213807821273818,2.4476922512054435,1.9814207553863525,0.06368167698383331,0.3272396922111511,0.22184719145298004,0.24854250252246857,0.2691337764263153,-0.14112843573093414,0.4160785377025604,2.042813301086426,1.8872506618499756,DECILE,,,,,,
EXTENSION,ext_ma20_atr,STRICT_OOS,9.0,3362,2.4476922512054435,inf,3.2095284461975098,0.07178323715925217,0.27585744857788086,0.2323022037744522,0.13444378972053528,0.2935021221637726,-0.1482456624507904,0.4524092674255371,1.9329365491867065,1.9214719533920288,DECILE,,,,,,
EXTENSION,ext_ma60_atr,PRE_2020_2022,0.0,6322,-inf,-2.067290472984314,-3.124952793121338,0.016905367374420166,1.2200713157653809,0.13840556144714355,0.7089528441429138,0.16354157030582428,-0.11850843578577042,0.16197405755519867,4.412492752075195,1.5215166807174683,DECILE,,,,,,
EXTENSION,ext_ma60_atr,PRE_2020_2022,1.0,6312,-2.067290472984314,-0.8253515958786009,-1.3703393936157227,0.021187948063015938,0.4230445325374603,0.12991127371788025,0.6337135434150696,0.15723811089992523,-0.11704938858747482,0.17886565625667572,3.5687263011932373,1.5870989561080933,DECILE,,,,,,
EXTENSION,ext_ma60_atr,PRE_2020_2022,2.0,6287,-0.8253515958786009,0.1346092686057091,-0.3141554594039917,0.019555741921067238,0.42402538657188416,0.12772387266159058,0.6079211235046387,0.15984053909778595,-0.11625951528549194,0.1977095603942871,3.1963353157043457,1.4988423585891724,DECILE,,,,,,
EXTENSION,ext_ma60_atr,PRE_2020_2022,3.0,6045,0.1346092686057091,0.8348226666450502,0.5059447288513184,0.022239871323108673,0.5748558044433594,0.13846154510974884,0.5983457565307617,0.175851508975029,-0.12234955281019211,0.21786600351333618,3.2683498859405518,1.4993083477020264,DECILE,,,,,,
EXTENSION,ext_ma60_atr,PRE_2020_2022,4.0,5873,0.8348226666450502,1.443409025669098,1.146310806274414,0.02257957123219967,0.2430582195520401,0.1450706571340561,0.5538907051086426,0.18113380670547485,-0.12397666275501251,0.25285202264785767,2.894148588180542,1.4563337564468384,DECILE,,,,,,
EXTENSION,ext_ma60_atr,PRE_2020_2022,5.0,5821,1.443409025669098,2.0260587692260743,1.7337208986282349,0.020243600010871887,0.18913576006889343,0.14104105532169342,0.5045524835586548,0.18448597192764282,-0.12876172363758087,0.2513313889503479,2.444821357727051,1.3654344081878662,DECILE,,,,,,
EXTENSION,ext_ma60_atr,PRE_2020_2022,6.0,5939,2.0260587692260743,2.6605479240417482,2.332876682281494,0.015122296288609505,0.15816694498062134,0.1417747139930725,0.4546220004558563,0.18621079623699188,-0.1336813122034073,0.2707526385784149,2.0245273113250732,1.2409989833831787,DECILE,,,,,,
EXTENSION,ext_ma60_atr,PRE_2020_2022,7.0,5515,2.6605479240417482,3.384531450271608,3.001136064529419,0.00756561616435647,0.07962304353713989,0.13254760205745697,0.4148685336112976,0.18375276029109955,-0.14046438038349152,0.2759746015071869,1.7433831691741943,1.110837459564209,DECILE,,,,,,
EXTENSION,ext_ma60_atr,PRE_2020_2022,8.0,5744,3.384531450271608,4.405227422714233,3.8420157432556152,0.015294985845685005,0.0967666357755661,0.1422353833913803,0.3253830075263977,0.1909155398607254,-0.14078742265701294,0.30031338334083557,1.718654990196228,1.2203012704849243,DECILE,,,,,,
EXTENSION,ext_ma60_atr,PRE_2020_2022,9.0,6061,4.405227422714233,inf,5.316155910491943,0.02492893487215042,0.14818057417869568,0.15624484419822693,0.21448606252670288,0.21893037855625153,-0.14845499396324158,0.3423527479171753,1.5994939804077148,1.339133858680725,DECILE,,,,,,
EXTENSION,ext_ma60_atr,DISCOVERY,0.0,5482,-inf,-2.067290472984314,-3.1294918060302734,0.010381259024143219,0.26536986231803894,0.09266690909862518,0.7106895446777344,0.13833364844322205,-0.0957549661397934,0.13681137561798096,4.238775253295898,1.360493540763855,DECILE,,,,,,
EXTENSION,ext_ma60_atr,DISCOVERY,1.0,5482,-2.067290472984314,-0.8253515958786009,-1.3698385953903198,0.011996733956038952,0.29415032267570496,0.10324698686599731,0.6442903876304626,0.1447150856256485,-0.09662982821464539,0.16125501692295074,3.4904749393463135,1.3722400665283203,DECILE,,,,,,
EXTENSION,ext_ma60_atr,DISCOVERY,2.0,5482,-0.8253515958786009,0.1346092686057091,-0.33988386392593384,0.011581378057599068,0.23705346882343292,0.10616563260555267,0.6112732291221619,0.14835186302661896,-0.09843182563781738,0.1763954758644104,3.1494505405426025,1.3269009590148926,DECILE,,,,,,
EXTENSION,ext_ma60_atr,DISCOVERY,3.0,5482,0.1346092686057091,0.8348226666450502,0.5003407597541809,0.01292272750288248,0.27441081404685974,0.11838745325803757,0.5820868015289307,0.16006484627723694,-0.1019636020064354,0.1959138959646225,2.8103582859039307,1.315614938735962,DECILE,,,,,,
EXTENSION,ext_ma60_atr,DISCOVERY,4.0,5482,0.8348226666450502,1.443409025669098,1.1393187046051025,0.015483923256397247,0.2806893587112427,0.12331265956163406,0.5140459537506104,0.1648801863193512,-0.10323777049779892,0.23312659561634064,2.422759771347046,1.3472001552581787,DECILE,,,,,,
EXTENSION,ext_ma60_atr,DISCOVERY,5.0,5482,1.443409025669098,2.0260587692260743,1.7318508625030518,0.014658302068710327,0.2486274540424347,0.1229478269815445,0.45950382947921753,0.16676713526248932,-0.10623311251401901,0.24242976307868958,2.1364617347717285,1.2971597909927368,DECILE,,,,,,
EXTENSION,ext_ma60_atr,DISCOVERY,6.0,5482,2.0260587692260743,2.6605479240417482,2.3362579345703125,0.023552576079964638,0.2665095031261444,0.13699379563331604,0.37887632846832275,0.1794610172510147,-0.10687755793333054,0.28037211298942566,1.970468521118164,1.4570585489273071,DECILE,,,,,,
EXTENSION,ext_ma60_atr,DISCOVERY,7.0,5482,2.6605479240417482,3.384531450271608,3.008523464202881,0.022525222972035408,0.24092088639736176,0.14210142195224762,0.3148486018180847,0.17750778794288635,-0.11120351403951645,0.28164902329444885,1.7719513177871704,1.4066603183746338,DECILE,,,,,,
EXTENSION,ext_ma60_atr,DISCOVERY,8.0,5482,3.384531450271608,4.405227422714233,3.827359199523926,0.03144196420907974,0.2697004973888397,0.15140458941459656,0.2322145253419876,0.18877080082893372,-0.11053518205881119,0.31211236119270325,1.6951550245285034,1.556363582611084,DECILE,,,,,,
EXTENSION,ext_ma60_atr,DISCOVERY,9.0,5482,4.405227422714233,inf,5.2785749435424805,0.04761902242898941,0.28700411319732666,0.1860634833574295,0.12604889273643494,0.21072831749916077,-0.11245982348918915,0.3635534346103668,1.6608959436416626,1.8437352180480957,DECILE,,,,,,
EXTENSION,ext_ma60_atr,STRICT_OOS,0.0,4047,-inf,-2.067290472984314,-3.2116849422454834,0.03930969536304474,0.7166736721992493,0.18532246351242065,0.683963418006897,0.2090168297290802,-0.11287204921245575,0.2186805009841919,5.820849418640137,2.3086490631103516,DECILE,,,,,,
EXTENSION,ext_ma60_atr,STRICT_OOS,1.0,3705,-2.067290472984314,-0.8253515958786009,-1.3864964246749878,0.030880296602845192,0.4924865961074829,0.16464237868785858,0.6761133670806885,0.2082466334104538,-0.121138796210289,0.21781376004219055,5.023679733276367,1.849560022354126,DECILE,,,,,,
EXTENSION,ext_ma60_atr,STRICT_OOS,2.0,3774,-0.8253515958786009,0.1346092686057091,-0.32806500792503357,0.03487515449523926,0.49953392148017883,0.17859035730361938,0.6717011332511902,0.22323361039161682,-0.1271887868642807,0.22946475446224213,4.916332244873047,1.7964890003204346,DECILE,,,,,,
EXTENSION,ext_ma60_atr,STRICT_OOS,3.0,3549,0.1346092686057091,0.8348226666450502,0.5081136226654053,0.0382993184030056,0.4727439284324646,0.1935756504535675,0.6432797908782959,0.23211254179477692,-0.1355590969324112,0.25471964478492737,4.373923301696777,1.764096975326538,DECILE,,,,,,
EXTENSION,ext_ma60_atr,STRICT_OOS,4.0,3439,0.8348226666450502,1.443409025669098,1.1357029676437378,0.05048324540257454,0.6014493107795715,0.21168944239616394,0.5559755563735962,0.2461814284324646,-0.13042430579662323,0.30212271213531494,3.6675219535827637,1.934821605682373,DECILE,,,,,,
EXTENSION,ext_ma60_atr,STRICT_OOS,5.0,3397,1.443409025669098,2.0260587692260743,1.7310711145401,0.05439916253089905,0.5226272940635681,0.2101854532957077,0.4974977970123291,0.25068584084510803,-0.13830912113189697,0.31586694717407227,3.173523187637329,1.8957546949386597,DECILE,,,,,,
EXTENSION,ext_ma60_atr,STRICT_OOS,6.0,3450,2.0260587692260743,2.6605479240417482,2.3332109451293945,0.052528444677591324,0.3940959572792053,0.204057976603508,0.4350724518299103,0.24912889301776886,-0.14250889420509338,0.3379710018634796,2.7540125846862793,1.787738561630249,DECILE,,,,,,
EXTENSION,ext_ma60_atr,STRICT_OOS,7.0,3246,2.6605479240417482,3.384531450271608,3.006643295288086,0.048900630325078964,0.358569473028183,0.2082563191652298,0.36475661396980286,0.26056668162345886,-0.14995598793029785,0.37923598289489746,2.260267496109009,1.6547956466674805,DECILE,,,,,,
EXTENSION,ext_ma60_atr,STRICT_OOS,8.0,3171,3.384531450271608,4.405227422714233,3.8288373947143555,0.04994349554181099,0.30421358346939087,0.2147587537765503,0.28098392486572266,0.2657877504825592,-0.14868706464767456,0.41595712304115295,1.8687646389007568,1.650150179862976,DECILE,,,,,,
EXTENSION,ext_ma60_atr,STRICT_OOS,9.0,3086,4.405227422714233,inf,5.246616840362549,0.06954508274793625,0.3044155240058899,0.24238497018814087,0.14128321409225464,0.29543012380599976,-0.15349699556827545,0.46435514092445374,1.8282307386398315,1.849683165550232,DECILE,,,,,,
EXTENSION,dist_ma150,PRE_2020_2022,0.0,7171,-inf,-0.011857874039560547,-0.055267445743083954,0.019415294751524925,1.0962483882904053,0.13205967843532562,0.656393826007843,0.15667755901813507,-0.1177881583571434,0.17138473689556122,3.801241397857666,1.5614778995513916,DECILE,,,,,,
EXTENSION,dist_ma150,PRE_2020_2022,1.0,6079,-0.011857874039560547,0.03357452228665352,0.013124479912221432,0.01410159096121788,0.358816921710968,0.09705543518066406,0.6007567048072815,0.13156758248806,-0.10250240564346313,0.14262214303016663,2.921250343322754,1.4262912273406982,DECILE,,,,,,
EXTENSION,dist_ma150,PRE_2020_2022,2.0,5540,0.03357452228665352,0.0684679612517357,0.05125492066144943,0.016972411423921585,0.34894460439682007,0.10108303278684616,0.5525270700454712,0.13487742841243744,-0.10091014951467514,0.16371841728687286,2.672696352005005,1.4853317737579346,DECILE,,,,,,
EXTENSION,dist_ma150,PRE_2020_2022,3.0,5828,0.0684679612517357,0.10305721014738083,0.08575144410133362,0.02015950158238411,0.2835412323474884,0.1147906631231308,0.5192175507545471,0.1503608673810959,-0.10601134598255157,0.20092655718326569,2.5617568492889404,1.5141149759292603,DECILE,,,,,,
EXTENSION,dist_ma150,PRE_2020_2022,4.0,5752,0.10305721014738083,0.14000339061021805,0.12084147334098816,0.017092375084757805,0.5972542762756348,0.12134909629821777,0.5158205628395081,0.15717796981334686,-0.11216657608747482,0.21557718515396118,2.428779125213623,1.3830455541610718,DECILE,,,,,,
EXTENSION,dist_ma150,PRE_2020_2022,5.0,5704,0.14000339061021805,0.18283408284187316,0.16022144258022308,0.020832739770412445,0.17722661793231964,0.14147965610027313,0.500525951385498,0.17410452663898468,-0.12294083088636398,0.2457924336194992,2.527402639389038,1.4136320352554321,DECILE,,,,,,
EXTENSION,dist_ma150,PRE_2020_2022,6.0,5485,0.18283408284187316,0.2359068974852562,0.20805369317531586,0.019404292106628418,0.2840055823326111,0.15223336219787598,0.46946215629577637,0.1857939064502716,-0.12847580015659332,0.2727438509464264,2.244936227798462,1.3502390384674072,DECILE,,,,,,
EXTENSION,dist_ma150,PRE_2020_2022,7.0,5774,0.2359068974852562,0.31137378811836264,0.269001305103302,0.01450415514409542,0.11289245635271072,0.15691028535366058,0.46570834517478943,0.1999002993106842,-0.1433172971010208,0.29217180609703064,2.2420618534088135,1.2267658710479736,DECILE,,,,,,
EXTENSION,dist_ma150,PRE_2020_2022,8.0,5888,0.31137378811836264,0.44291265904903426,0.3659101724624634,0.016531331464648247,0.09839867800474167,0.16694973409175873,0.42238450050354004,0.21983076632022858,-0.1549922078847885,0.33033287525177,2.238464593887329,1.2254196405410767,DECILE,,,,,,
EXTENSION,dist_ma150,PRE_2020_2022,9.0,6698,0.44291265904903426,inf,0.5994141697883606,0.026545904576778412,0.15256723761558533,0.20155270397663116,0.3357718586921692,0.27816975116729736,-0.19070926308631897,0.39519259333610535,2.108968496322632,1.2801560163497925,DECILE,,,,,,
EXTENSION,dist_ma150,DISCOVERY,0.0,5482,-inf,-0.011857874039560547,-0.04699692502617836,0.008241732604801655,0.16870854794979095,0.0888361930847168,0.6645385026931763,0.13096566498279572,-0.09464424103498459,0.13644655048847198,3.448594570159912,1.2670938968658447,DECILE,,,,,,
EXTENSION,dist_ma150,DISCOVERY,1.0,5482,-0.011857874039560547,0.03357452228665352,0.013041408732533455,0.012760866433382034,0.3214358985424042,0.0778912827372551,0.5753374695777893,0.12585464119911194,-0.0841166228055954,0.14191900193691254,2.8963282108306885,1.4206026792526245,DECILE,,,,,,
EXTENSION,dist_ma150,DISCOVERY,2.0,5482,0.03357452228665352,0.0684679612517357,0.05130999535322189,0.01564554125070572,0.3614512085914612,0.08500546962022781,0.5284567475318909,0.1288984715938568,-0.08247212320566177,0.14538489282131195,2.6646716594696045,1.4935208559036255,DECILE,,,,,,
EXTENSION,dist_ma150,DISCOVERY,3.0,5481,0.0684679612517357,0.10305721014738083,0.0854039415717125,0.019879303872585297,0.32140952348709106,0.10107644647359848,0.4772851765155792,0.13872405886650085,-0.08373016119003296,0.17095421254634857,2.566089391708374,1.5901563167572021,DECILE,,,,,,
EXTENSION,dist_ma150,DISCOVERY,4.0,5482,0.10305721014738083,0.14000339061021805,0.12137375771999359,0.02167416363954544,0.3321946859359741,0.11747537553310394,0.45822691917419434,0.15216316282749176,-0.09026962518692017,0.21123677492141724,2.429133415222168,1.5650205612182617,DECILE,,,,,,
EXTENSION,dist_ma150,DISCOVERY,5.0,5482,0.14000339061021805,0.18283408284187316,0.16014842689037323,0.02342064306139946,0.31637242436408997,0.13553448021411896,0.4454578757286072,0.16707709431648254,-0.09825367480516434,0.24279460310935974,2.3912549018859863,1.541796326637268,DECILE,,,,,,
EXTENSION,dist_ma150,DISCOVERY,6.0,5481,0.18283408284187316,0.2359068974852562,0.20719045400619507,0.01957855559885502,0.23842547833919525,0.1390257179737091,0.4252873659133911,0.17677432298660278,-0.10676081478595734,0.26874658465385437,2.1739752292633057,1.4021226167678833,DECILE,,,,,,
EXTENSION,dist_ma150,DISCOVERY,7.0,5482,0.2359068974852562,0.31137378811836264,0.27086135745048523,0.027373692020773888,0.2591298520565033,0.15596497058868408,0.3761400878429413,0.1962071657180786,-0.11569616943597794,0.3040860891342163,2.145232915878296,1.525231122970581,DECILE,,,,,,
EXTENSION,dist_ma150,DISCOVERY,8.0,5482,0.31137378811836264,0.44291265904903426,0.36636221408843994,0.026349855586886406,0.1967245638370514,0.16873404383659363,0.34257569909095764,0.21326075494289398,-0.12975803017616272,0.3456767499446869,2.0692098140716553,1.4279652833938599,DECILE,,,,,,
EXTENSION,dist_ma150,DISCOVERY,9.0,5482,0.44291265904903426,inf,0.5948667526245117,0.027201678603887558,0.14797550439834595,0.21379058063030243,0.2807369530200958,0.24966369569301605,-0.15764634311199188,0.41645383834838867,1.936848759651184,1.3372199535369873,DECILE,,,,,,
EXTENSION,dist_ma150,STRICT_OOS,0.0,5269,-inf,-0.011857874039560547,-0.05627865716814995,0.035578653216362,0.6068305373191833,0.15543746948242188,0.6301006078720093,0.18447043001651764,-0.1050296202301979,0.2081989049911499,4.7883710861206055,2.135319232940674,DECILE,,,,,,
EXTENSION,dist_ma150,STRICT_OOS,1.0,3644,-0.011857874039560547,0.03357452228665352,0.01211322657763958,0.032302435487508774,0.45473235845565796,0.146267831325531,0.6149835586547852,0.18715791404247284,-0.10533995181322098,0.1981339156627655,4.431416034698486,1.8838282823562622,DECILE,,,,,,
EXTENSION,dist_ma150,STRICT_OOS,2.0,3106,0.03357452228665352,0.0684679612517357,0.050954848527908325,0.032440219074487686,0.4482916295528412,0.15486155450344086,0.5672891139984131,0.1885942667722702,-0.10913635790348053,0.2137797772884369,3.6400392055511475,1.8253002166748047,DECILE,,,,,,
EXTENSION,dist_ma150,STRICT_OOS,3.0,2911,0.0684679612517357,0.10305721014738083,0.08533114194869995,0.046622540801763535,0.5047982335090637,0.1782892495393753,0.5338371396064758,0.21589232981204987,-0.11241035908460617,0.24768121540546417,3.700227975845337,2.0784006118774414,DECILE,,,,,,
EXTENSION,dist_ma150,STRICT_OOS,4.0,2926,0.10305721014738083,0.14000339061021805,0.12068569660186768,0.04426886513829231,0.5037605166435242,0.19138756394386292,0.5133287906646729,0.22348204255104065,-0.11943889409303665,0.27306902408599854,3.243870735168457,1.9381728172302246,DECILE,,,,,,
EXTENSION,dist_ma150,STRICT_OOS,5.0,2707,0.14000339061021805,0.18283408284187316,0.15983597934246063,0.03703797981142998,0.4265846908092499,0.1906169205904007,0.5171777009963989,0.2279498279094696,-0.13316474854946136,0.2885112762451172,3.16001033782959,1.6583820581436157,DECILE,,,,,,
EXTENSION,dist_ma150,STRICT_OOS,6.0,2686,0.18283408284187316,0.2359068974852562,0.20714890956878662,0.05572020635008812,0.6478309035301208,0.21444527804851532,0.4947877824306488,0.2628181576728821,-0.14068710803985596,0.33581534028053284,3.4584245681762695,1.8987427949905396,DECILE,,,,,,
EXTENSION,dist_ma150,STRICT_OOS,7.0,2966,0.2359068974852562,0.31137378811836264,0.27088701725006104,0.05725241079926491,0.40385493636131287,0.22690492868423462,0.4484153687953949,0.27349331974983215,-0.1475384384393692,0.37086984515190125,3.000185251235962,1.8891276121139526,DECILE,,,,,,
EXTENSION,dist_ma150,STRICT_OOS,8.0,3424,0.31137378811836264,0.44291265904903426,0.36900416016578674,0.0694994404911995,0.4916451573371887,0.264310747385025,0.40917056798934937,0.3047638535499573,-0.1582322120666504,0.41442757844924927,2.8653371334075928,1.9557510614395142,DECILE,,,,,,
EXTENSION,dist_ma150,STRICT_OOS,9.0,5221,0.44291265904903426,inf,0.626132071018219,0.05436786264181137,0.30547308921813965,0.26604098081588745,0.35721126198768616,0.33349862694740295,-0.19865700602531433,0.4820915460586548,2.3157730102539062,1.5495246648788452,DECILE,,,,,,
EXTENSION,stage2_age,PRE_2020_2022,0.0,13680,-inf,3.0,0.0,0.01700509525835514,0.7017558217048645,0.12054093927145004,0.5673245787620544,0.15174493193626404,-0.11516024172306061,0.18201754987239838,2.8378231525421143,1.4228049516677856,DECILE,,,,,,
EXTENSION,stage2_age,PRE_2020_2022,1.0,7016,3.0,18.0,11.0,0.028116436675190926,0.20562291145324707,0.1488027423620224,0.3531927168369293,0.182582288980484,-0.124337337911129,0.2860604226589203,1.9968476295471191,1.4995044469833374,DECILE,,,,,,
EXTENSION,stage2_age,PRE_2020_2022,2.0,6792,18.0,36.0,27.0,0.025142081081867218,0.550926685333252,0.13869257271289825,0.44832155108451843,0.19550412893295288,-0.12666413187980652,0.29240283370018005,2.4295308589935303,1.462302565574646,DECILE,,,,,,
EXTENSION,stage2_age,PRE_2020_2022,3.0,6491,36.0,57.0,47.0,0.010306401178240776,0.1090053841471672,0.13526421785354614,0.5082421898841858,0.17990443110466003,-0.13385921716690063,0.23524880409240723,2.423769474029541,1.1747407913208008,DECILE,,,,,,
EXTENSION,stage2_age,PRE_2020_2022,4.0,5830,57.0,81.0,69.0,0.01972089149057865,0.20690511167049408,0.1514579802751541,0.5101200938224792,0.18854641914367676,-0.12553127110004425,0.2445969134569168,2.662639856338501,1.3662183284759521,DECILE,,,,,,
EXTENSION,stage2_age,PRE_2020_2022,5.0,5872,81.0,110.0,96.0,0.01615539751946926,0.20146703720092773,0.14543597400188446,0.5533038377761841,0.18826447427272797,-0.13400912284851074,0.2501702904701233,2.6307830810546875,1.2950005531311035,DECILE,,,,,,
EXTENSION,stage2_age,PRE_2020_2022,6.0,5859,110.0,149.0,127.0,0.023569386452436447,0.2589090168476105,0.1577060967683792,0.5354155898094177,0.20042428374290466,-0.1507231593132019,0.2713773548603058,2.6640422344207764,1.4145110845565796,DECILE,,,,,,
EXTENSION,stage2_age,PRE_2020_2022,7.0,5197,149.0,218.0,178.0,0.02630462870001793,0.34327757358551025,0.16163170337677002,0.48835867643356323,0.2064276933670044,-0.1369665265083313,0.2820858061313629,2.4436440467834473,1.4483627080917358,DECILE,,,,,,
EXTENSION,stage2_age,PRE_2020_2022,8.0,3182,218.0,inf,260.0,-0.010452800430357456,0.22090250253677368,0.10402262955904007,0.5615964531898499,0.14789119362831116,-0.13283345103263855,0.19798868894577026,1.9364113807678223,0.8192510008811951,DECILE,,,,,,
EXTENSION,stage2_age,DISCOVERY,0.0,10982,-inf,3.0,0.0,0.010720345191657543,0.18754158914089203,0.08768894523382187,0.542159914970398,0.13401095569133759,-0.09272997826337814,0.16108177602291107,2.609978199005127,1.3035637140274048,DECILE,,,,,,
EXTENSION,stage2_age,DISCOVERY,1.0,5517,3.0,18.0,11.0,0.015829788520932198,0.15814758837223053,0.11763639748096466,0.29454413056373596,0.16262713074684143,-0.10198679566383362,0.24487946927547455,1.9301470518112183,1.3134171962738037,DECILE,,,,,,
EXTENSION,stage2_age,DISCOVERY,2.0,5471,18.0,36.0,27.0,0.019880354404449463,0.22768929600715637,0.12813013792037964,0.429903119802475,0.17333374917507172,-0.10685405135154724,0.2590020000934601,2.2326302528381348,1.3962229490280151,DECILE,,,,,,
EXTENSION,stage2_age,DISCOVERY,3.0,5614,36.0,57.0,47.0,0.021588511765003204,0.23700353503227234,0.14107587933540344,0.47470608353614807,0.17546191811561584,-0.1082526221871376,0.25650161504745483,2.4631073474884033,1.4541404247283936,DECILE,,,,,,
EXTENSION,stage2_age,DISCOVERY,4.0,5435,57.0,81.0,69.0,0.034281086176633835,0.33789193630218506,0.1551057994365692,0.4491260349750519,0.1921507716178894,-0.10730919241905212,0.2783808708190918,2.7190659046173096,1.7388898134231567,DECILE,,,,,,
EXTENSION,stage2_age,DISCOVERY,5.0,5446,81.0,110.0,95.0,0.02004462666809559,0.2273690402507782,0.1386338621377945,0.47814908623695374,0.18120768666267395,-0.11154338717460632,0.25211164355278015,2.4781723022460938,1.4056050777435303,DECILE,,,,,,
EXTENSION,stage2_age,DISCOVERY,6.0,5456,110.0,149.0,128.0,0.012557807378470898,0.23508764803409576,0.12884896993637085,0.46187683939933777,0.1690894365310669,-0.11101295053958893,0.2401026338338852,2.241835832595825,1.2588672637939453,DECILE,,,,,,
EXTENSION,stage2_age,DISCOVERY,7.0,5432,149.0,218.0,177.0,0.023469919338822365,0.3691248595714569,0.14322532713413239,0.46999263763427734,0.17403052747249603,-0.1042962372303009,0.24410898983478546,2.44802188873291,1.526628851890564,DECILE,,,,,,
EXTENSION,stage2_age,DISCOVERY,8.0,5467,218.0,inf,286.0,0.03324425593018532,0.5004046559333801,0.15566124022006989,0.4316810071468353,0.1840323507785797,-0.10668639093637466,0.2868117690086365,2.3835606575012207,1.7650947570800781,DECILE,,,,,,
EXTENSION,stage2_age,STRICT_OOS,0.0,10697,-inf,3.0,0.0,0.030504142865538597,0.4317997992038727,0.15013554692268372,0.5484715104103088,0.188286691904068,-0.11296576261520386,0.226231649518013,3.4492499828338623,1.7128007411956787,DECILE,,,,,,
EXTENSION,stage2_age,STRICT_OOS,1.0,4710,3.0,18.0,10.0,0.05432210490107536,0.34822648763656616,0.19341826438903809,0.3700636923313141,0.246172234416008,-0.13068217039108276,0.34628450870513916,2.728311538696289,1.8907923698425293,DECILE,,,,,,
EXTENSION,stage2_age,STRICT_OOS,2.0,4166,18.0,36.0,27.0,0.0462210476398468,0.44936174154281616,0.20739318430423737,0.4668746888637543,0.2484443187713623,-0.13623856008052826,0.3348535895347595,2.956692695617676,1.768118143081665,DECILE,,,,,,
EXTENSION,stage2_age,STRICT_OOS,3.0,3788,36.0,57.0,46.0,0.04505071043968201,0.4679220914840698,0.22254487872123718,0.5303590297698975,0.26191309094429016,-0.1439657360315323,0.3373812139034271,3.2263596057891846,1.7222932577133179,DECILE,,,,,,
EXTENSION,stage2_age,STRICT_OOS,4.0,3355,57.0,81.0,69.0,0.04975045472383499,0.5003873109817505,0.21937407553195953,0.5248882174491882,0.27031829953193665,-0.14502818882465363,0.3400894105434418,3.3602330684661865,1.8167176246643066,DECILE,,,,,,
EXTENSION,stage2_age,STRICT_OOS,5.0,2902,81.0,110.0,95.0,0.06077810376882553,0.5661520957946777,0.23845623433589935,0.528256356716156,0.2757476270198822,-0.1439250409603119,0.33976566791534424,3.750725030899048,2.0328054428100586,DECILE,,,,,,
EXTENSION,stage2_age,STRICT_OOS,6.0,2417,110.0,149.0,127.0,0.09788323938846588,0.9700528383255005,0.29416632652282715,0.5246173143386841,0.32590946555137634,-0.1527598798274994,0.38642945885658264,4.213685989379883,2.6095480918884277,DECILE,,,,,,
EXTENSION,stage2_age,STRICT_OOS,7.0,2012,149.0,218.0,177.5,0.05547299236059189,0.5901791453361511,0.25248509645462036,0.5208747386932373,0.30050474405288696,-0.1667320877313614,0.37127235531806946,3.137310028076172,1.7826180458068848,DECILE,,,,,,
EXTENSION,stage2_age,STRICT_OOS,8.0,817,218.0,inf,251.0,-0.0299471914768219,-0.24239294230937958,0.12362301349639893,0.6499388217926025,0.17319726943969727,-0.19942860305309296,0.23378212749958038,1.9185917377471924,0.6137014031410217,DECILE,,,,,,
EXTENSION,ret_since_stage2,PRE_2020_2022,0.0,5202,-inf,0.004975126823410392,-0.0193109642714262,0.017973633483052254,0.7520859241485596,0.12399077415466309,0.5515186190605164,0.1589357703924179,-0.12089886516332626,0.20703575015068054,2.7313220500946045,1.4042255878448486,DECILE,,,,,,
EXTENSION,ret_since_stage2,PRE_2020_2022,1.0,5030,0.004975126823410392,0.06014702692627909,0.03190277889370918,0.021529845893383026,0.23937053978443146,0.12365805357694626,0.49602386355400085,0.15556031465530396,-0.11111181974411011,0.21033796668052673,2.4696388244628906,1.4789572954177856,DECILE,,,,,,
EXTENSION,ret_since_stage2,PRE_2020_2022,2.0,5218,0.06014702692627909,0.12274276614189158,0.0901549905538559,0.02251039631664753,0.25759193301200867,0.12322729080915451,0.45764660835266113,0.15911485254764557,-0.10703727602958679,0.2270985096693039,2.3544790744781494,1.5016639232635498,DECILE,,,,,,
EXTENSION,ret_since_stage2,PRE_2020_2022,3.0,5013,0.12274276614189158,0.19427846074104313,0.1570073664188385,0.0236202385276556,0.270255446434021,0.13006183505058289,0.4733692407608032,0.16876552999019623,-0.11526717245578766,0.241771399974823,2.4438071250915527,1.4928268194198608,DECILE,,,,,,
EXTENSION,ret_since_stage2,PRE_2020_2022,4.0,5200,0.19427846074104313,0.28828829526901245,0.23782899975776672,0.02270815521478653,0.21280625462532043,0.14326922595500946,0.45538461208343506,0.18118612468242645,-0.11727903038263321,0.26307693123817444,2.3550913333892822,1.457634449005127,DECILE,,,,,,
EXTENSION,ret_since_stage2,PRE_2020_2022,5.0,5254,0.28828829526901245,0.4115903019905096,0.34466177225112915,0.01678883470594883,0.13899478316307068,0.1473163366317749,0.47887325286865234,0.18808339536190033,-0.13308779895305634,0.27350589632987976,2.273869037628174,1.3009089231491089,DECILE,,,,,,
EXTENSION,ret_since_stage2,PRE_2020_2022,6.0,4560,0.4115903019905096,0.5707614660263062,0.483428031206131,0.013549642637372017,0.13148418068885803,0.1550438553094864,0.47390350699424744,0.19505614042282104,-0.13990524411201477,0.2793859541416168,2.2501909732818604,1.2186633348464966,DECILE,,,,,,
EXTENSION,ret_since_stage2,PRE_2020_2022,7.0,4474,0.5707614660263062,0.8434383034706118,0.6893005967140198,0.023704594001173973,0.34861016273498535,0.1687527894973755,0.46691998839378357,0.21651490032672882,-0.147808238863945,0.2914617657661438,2.4389495849609375,1.3630924224853516,DECILE,,,,,,
EXTENSION,ret_since_stage2,PRE_2020_2022,8.0,4098,0.8434383034706118,1.3859609603881833,1.0552281141281128,0.02741563878953457,0.35584932565689087,0.1830161064863205,0.4792581796646118,0.235636904835701,-0.156731516122818,0.32674476504325867,2.636265516281128,1.396364688873291,DECILE,,,,,,
EXTENSION,ret_since_stage2,PRE_2020_2022,9.0,4216,1.3859609603881833,inf,2.034074306488037,0.0018666066462174058,-0.0597214512526989,0.1641366183757782,0.5199241042137146,0.23865872621536255,-0.19293786585330963,0.31712523102760315,2.620882511138916,1.0210556983947754,DECILE,,,,,,
EXTENSION,ret_since_stage2,DISCOVERY,0.0,4547,-inf,0.004975126823410392,-0.01713586412370205,0.009967135265469551,0.21028079092502594,0.0978667289018631,0.5471739768981934,0.14588911831378937,-0.09531482309103012,0.17857928574085236,2.679236888885498,1.2556759119033813,DECILE,,,,,,
EXTENSION,ret_since_stage2,DISCOVERY,1.0,4547,0.004975126823410392,0.06014702692627909,0.03125001862645149,0.013329762034118176,0.20372796058654785,0.08401143550872803,0.4488673806190491,0.13378654420375824,-0.0882248729467392,0.17594018578529358,2.1658785343170166,1.3438327312469482,DECILE,,,,,,
EXTENSION,ret_since_stage2,DISCOVERY,2.0,4547,0.06014702692627909,0.12274276614189158,0.09090910106897354,0.0186600424349308,0.2622014880180359,0.10666373372077942,0.4244556725025177,0.14698219299316406,-0.08995960652828217,0.19859248399734497,2.3070201873779297,1.4609469175338745,DECILE,,,,,,
EXTENSION,ret_since_stage2,DISCOVERY,3.0,4547,0.12274276614189158,0.19427846074104313,0.15699659287929535,0.028201332315802574,0.3442246913909912,0.13723334670066833,0.4046624004840851,0.16333231329917908,-0.09320134669542313,0.23553991317749023,2.4023916721343994,1.6812251806259155,DECILE,,,,,,
EXTENSION,ret_since_stage2,DISCOVERY,4.0,4548,0.19427846074104313,0.28828829526901245,0.2400323748588562,0.02517266385257244,0.3104272186756134,0.12796834111213684,0.40039578080177307,0.16774092614650726,-0.09798403084278107,0.2521987557411194,2.171506643295288,1.572243332862854,DECILE,,,,,,
EXTENSION,ret_since_stage2,DISCOVERY,5.0,4546,0.28828829526901245,0.4115903019905096,0.34547704458236694,0.03381659463047981,0.4257560968399048,0.1539815217256546,0.3988121449947357,0.1907595843076706,-0.10081060975790024,0.2952045798301697,2.359405994415283,1.7438303232192993,DECILE,,,,,,
EXTENSION,ret_since_stage2,DISCOVERY,6.0,4547,0.4115903019905096,0.5707614660263062,0.4853977859020233,0.031054368242621422,0.3602471351623535,0.15900593996047974,0.40686166286468506,0.19243092834949493,-0.10547026991844177,0.2724873423576355,2.412203311920166,1.6621979475021362,DECILE,,,,,,
EXTENSION,ret_since_stage2,DISCOVERY,7.0,4547,0.5707614660263062,0.8434383034706118,0.6792353391647339,0.029243886470794678,0.3388822078704834,0.1631845235824585,0.4121398627758026,0.20096923410892487,-0.11906604468822479,0.30899494886398315,2.4513399600982666,1.5380096435546875,DECILE,,,,,,
EXTENSION,ret_since_stage2,DISCOVERY,8.0,4547,0.8434383034706118,1.3859609603881833,1.0533792972564697,0.019592585042119026,0.20913128554821014,0.15944579243659973,0.436111718416214,0.20195476710796356,-0.12683576345443726,0.3147130012512207,2.3131608963012695,1.3495453596115112,DECILE,,,,,,
EXTENSION,ret_since_stage2,DISCOVERY,9.0,4547,1.3859609603881833,inf,2.0541012287139893,0.01443078275769949,0.17431017756462097,0.18209809064865112,0.4592038691043854,0.2134147435426712,-0.15201729536056519,0.33208709955215454,2.2074294090270996,1.2112292051315308,DECILE,,,,,,
EXTENSION,ret_since_stage2,STRICT_OOS,0.0,4306,-inf,0.004975126823410392,-0.027285795658826828,0.02555677853524685,0.31455931067466736,0.1632605642080307,0.5959126949310303,0.20425933599472046,-0.12661412358283997,0.244774729013443,3.606616973876953,1.5222114324569702,DECILE,,,,,,
EXTENSION,ret_since_stage2,STRICT_OOS,1.0,2869,0.004975126823410392,0.06014702692627909,0.03073769621551037,0.05091001093387604,0.6318888664245605,0.19031020998954773,0.46601602435112,0.22158926725387573,-0.11401695013046265,0.29104217886924744,3.162386178970337,2.076000690460205,DECILE,,,,,,
EXTENSION,ret_since_stage2,STRICT_OOS,2.0,2438,0.06014702692627909,0.12274276614189158,0.09120019525289536,0.05538539960980415,0.4952293038368225,0.1927809715270996,0.45734208822250366,0.23602735996246338,-0.11264794319868088,0.3096800744533539,3.174180269241333,2.1350009441375732,DECILE,,,,,,
EXTENSION,ret_since_stage2,STRICT_OOS,3.0,2483,0.12274276614189158,0.19427846074104313,0.1582481563091278,0.06665192544460297,0.5895689129829407,0.22029802203178406,0.43012484908103943,0.26109620928764343,-0.11673033982515335,0.3314538896083832,3.213972806930542,2.321821928024292,DECILE,,,,,,
EXTENSION,ret_since_stage2,STRICT_OOS,4.0,2483,0.19427846074104313,0.28828829526901245,0.236914724111557,0.060128096491098404,0.6445589661598206,0.2215062379837036,0.4397905766963959,0.2614530622959137,-0.12819744646549225,0.34554973244667053,3.2839274406433105,2.0797483921051025,DECILE,,,,,,
EXTENSION,ret_since_stage2,STRICT_OOS,5.0,2354,0.28828829526901245,0.4115903019905096,0.34398582577705383,0.07302629202604294,0.615454375743866,0.24808835983276367,0.4604927897453308,0.2874853312969208,-0.1420275717973709,0.3725573420524597,3.3271520137786865,2.192309617996216,DECILE,,,,,,
EXTENSION,ret_since_stage2,STRICT_OOS,6.0,1958,0.4115903019905096,0.5707614660263062,0.4815659523010254,0.07774385809898376,0.722311794757843,0.25893768668174744,0.44228804111480713,0.3095754384994507,-0.1554388701915741,0.4034729301929474,3.4340527057647705,2.1459269523620605,DECILE,,,,,,
EXTENSION,ret_since_stage2,STRICT_OOS,7.0,2100,0.5707614660263062,0.8434383034706118,0.6838539242744446,0.07776389271020889,0.6193274855613708,0.25999999046325684,0.4519047737121582,0.31509533524513245,-0.16238051652908325,0.41857144236564636,3.3247008323669434,2.0876028537750244,DECILE,,,,,,
EXTENSION,ret_since_stage2,STRICT_OOS,8.0,2046,0.8434383034706118,1.3859609603881833,1.0610525608062744,0.07042983174324036,0.45468810200691223,0.2844574749469757,0.4638318717479706,0.32764339447021484,-0.17908789217472076,0.4486803412437439,2.9859373569488525,1.9014447927474976,DECILE,,,,,,
EXTENSION,ret_since_stage2,STRICT_OOS,9.0,2552,1.3859609603881833,inf,2.232687473297119,0.010867821052670479,0.050519075244665146,0.23706896603107452,0.5462382435798645,0.29916855692863464,-0.22572171688079834,0.3804858922958374,2.7159948348999023,1.104963779449463,DECILE,,,,,,
EXTENSION,,PRE_2020_2022,,11058,,,,0.025636931881308556,0.8984045386314392,0.135467529296875,0.6055344343185425,,,0.19045035541057587,,,SURFACE,stage2_age,ext_ma60_atr,0.0,0.0,,
EXTENSION,,PRE_2020_2022,,6102,,,,0.019136816263198853,0.16658169031143188,0.1189773827791214,0.45558834075927734,,,0.23697148263454437,,,SURFACE,stage2_age,ext_ma60_atr,0.0,1.0,,
EXTENSION,,PRE_2020_2022,,5647,,,,0.016144851222634315,0.08431452512741089,0.13511599600315094,0.28315919637680054,,,0.28032582998275757,,,SURFACE,stage2_age,ext_ma60_atr,0.0,2.0,,
EXTENSION,,PRE_2020_2022,,4639,,,,0.010091835632920265,0.7096109986305237,0.12782926857471466,0.7070489525794983,,,0.16167277097702026,,,SURFACE,stage2_age,ext_ma60_atr,1.0,0.0,,
EXTENSION,,PRE_2020_2022,,7701,,,,0.015871327370405197,0.14558209478855133,0.1403713822364807,0.571743905544281,,,0.2413972169160843,,,SURFACE,stage2_age,ext_ma60_atr,1.0,1.0,,
EXTENSION,,PRE_2020_2022,,8087,,,,0.01963830180466175,0.14731180667877197,0.15048843622207642,0.3312724232673645,,,0.3128477931022644,,,SURFACE,stage2_age,ext_ma60_atr,1.0,2.0,,
EXTENSION,,PRE_2020_2022,,5266,,,,0.015689756721258163,0.47553756833076477,0.13311812281608582,0.6826813817024231,,,0.18097227811813354,,,SURFACE,stage2_age,ext_ma60_atr,2.0,0.0,,
EXTENSION,,PRE_2020_2022,,5869,,,,0.027865568175911903,0.3196612298488617,0.16476401686668396,0.5423411130905151,,,0.2753450274467468,,,SURFACE,stage2_age,ext_ma60_atr,2.0,1.0,,
EXTENSION,,PRE_2020_2022,,5550,,,,0.009635277092456818,0.08531592786312103,0.14396396279335022,0.3699099123477936,,,0.3149549663066864,,,SURFACE,stage2_age,ext_ma60_atr,2.0,2.0,,
EXTENSION,,DISCOVERY,,8597,,,,0.011261199600994587,0.24005836248397827,0.09072932600975037,0.610445499420166,,,0.1472606658935547,,,SURFACE,stage2_age,ext_ma60_atr,0.0,0.0,,
EXTENSION,,DISCOVERY,,5069,,,,0.009840569458901882,0.12312010675668716,0.09706056118011475,0.4184257388114929,,,0.21266521513462067,,,SURFACE,stage2_age,ext_ma60_atr,0.0,1.0,,
EXTENSION,,DISCOVERY,,4491,,,,0.022173985838890076,0.15291933715343475,0.12447116523981094,0.18548206984996796,,,0.27187708020210266,,,SURFACE,stage2_age,ext_ma60_atr,0.0,2.0,,
EXTENSION,,DISCOVERY,,3851,,,,0.00701702106744051,0.15998974442481995,0.09997403621673584,0.7242274880409241,,,0.1552843451499939,,,SURFACE,stage2_age,ext_ma60_atr,1.0,0.0,,
EXTENSION,,DISCOVERY,,6653,,,,0.01568935066461563,0.24771754443645477,0.12851345539093018,0.5445663332939148,,,0.23808808624744415,,,SURFACE,stage2_age,ext_ma60_atr,1.0,1.0,,
EXTENSION,,DISCOVERY,,7753,,,,0.04196269065141678,0.3244500458240509,0.1756739318370819,0.26260802149772644,,,0.3401263952255249,,,SURFACE,stage2_age,ext_ma60_atr,1.0,2.0,,
EXTENSION,,DISCOVERY,,5825,,,,0.014999622479081154,0.38523784279823303,0.12154506146907806,0.6580257415771484,,,0.18523605167865753,,,SURFACE,stage2_age,ext_ma60_atr,2.0,0.0,,
EXTENSION,,DISCOVERY,,6551,,,,0.02129746600985527,0.3958037793636322,0.14501602947711945,0.47290489077568054,,,0.2582811713218689,,,SURFACE,stage2_age,ext_ma60_atr,2.0,1.0,,
EXTENSION,,DISCOVERY,,6030,,,,0.029576679691672325,0.26786619424819946,0.1565505862236023,0.24759535491466522,,,0.3170812726020813,,,SURFACE,stage2_age,ext_ma60_atr,2.0,2.0,,
EXTENSION,,STRICT_OOS,,7552,,,,0.03767614811658859,0.5636728405952454,0.1590307205915451,0.625397264957428,,,0.22113347053527832,,,SURFACE,stage2_age,ext_ma60_atr,0.0,0.0,,
EXTENSION,,STRICT_OOS,,4956,,,,0.039940543472766876,0.3097960948944092,0.16969330608844757,0.48446327447891235,,,0.26533493399620056,,,SURFACE,stage2_age,ext_ma60_atr,0.0,1.0,,
EXTENSION,,STRICT_OOS,,4187,,,,0.039656978100538254,0.21426789462566376,0.17530451714992523,0.25053736567497253,,,0.36111775040626526,,,SURFACE,stage2_age,ext_ma60_atr,0.0,2.0,,
EXTENSION,,STRICT_OOS,,2979,,,,0.022964688017964363,0.4217061400413513,0.18865391612052917,0.7586438655853271,,,0.2155085653066635,,,SURFACE,stage2_age,ext_ma60_atr,1.0,0.0,,
EXTENSION,,STRICT_OOS,,4434,,,,0.05054464191198349,0.6490428447723389,0.22350022196769714,0.5744249224662781,,,0.3168696463108063,,,SURFACE,stage2_age,ext_ma60_atr,1.0,1.0,,
EXTENSION,,STRICT_OOS,,4414,,,,0.05898456647992134,0.39115720987319946,0.23493430018424988,0.2942909002304077,,,0.4345265030860901,,,SURFACE,stage2_age,ext_ma60_atr,1.0,2.0,,
EXTENSION,,STRICT_OOS,,2160,,,,0.047217320650815964,0.8088840842247009,0.23055554926395416,0.730555534362793,,,0.2532407343387604,,,SURFACE,stage2_age,ext_ma60_atr,2.0,0.0,,
EXTENSION,,STRICT_OOS,,2137,,,,0.06608830392360687,0.6518586874008179,0.2508189082145691,0.5802527070045471,,,0.35189518332481384,,,SURFACE,stage2_age,ext_ma60_atr,2.0,1.0,,
EXTENSION,,STRICT_OOS,,2045,,,,0.08203625679016113,0.4250316917896271,0.27970659732818604,0.2973105013370514,,,0.4704156517982483,,,SURFACE,stage2_age,ext_ma60_atr,2.0,2.0,,
EXTENSION,,PRE_2020_2022,,9616,,,,0.012730627320706844,0.21045449376106262,0.09182612597942352,0.5010399222373962,0.13233682513237,-0.1057894229888916,0.16888518631458282,2.2348945140838623,,GROUP,,,,,stage_w,1.0
EXTENSION,,PRE_2020_2022,,50303,,,,0.019810257479548454,0.3948379158973694,0.14834105968475342,0.5059340596199036,0.18890197575092316,-0.13311296701431274,0.2577778697013855,2.5474579334259033,,GROUP,,,,,stage_w,2.0
EXTENSION,,DISCOVERY,,8300,,,,0.00950745027512312,0.17449671030044556,0.08216867595911026,0.4924096465110779,0.12663474678993225,-0.08708290010690689,0.1545783132314682,2.2302157878875732,,GROUP,,,,,stage_w,1.0
EXTENSION,,DISCOVERY,,46520,,,,0.02212696522474289,0.282848596572876,0.1365649253129959,0.45113930106163025,0.17533087730407715,-0.10741039365530014,0.2533104121685028,2.433514356613159,,GROUP,,,,,stage_w,2.0
EXTENSION,,STRICT_OOS,,9533,,,,0.02287573739886284,0.2739863097667694,0.1267177164554596,0.5279555320739746,0.17067141830921173,-0.1074109598994255,0.2092730551958084,3.039485454559326,,GROUP,,,,,stage_w,1.0
EXTENSION,,STRICT_OOS,,25331,,,,0.055043768137693405,0.5506108403205872,0.2275472730398178,0.5002565979957581,0.269025593996048,-0.1454632729291916,0.34455806016921997,3.3258838653564453,,GROUP,,,,,stage_w,2.0
