engine,variant,exit,window,n,trades_per_year,win_rate,pf,payoff,ev,median_ret,avg_winner,avg_loser,avg_r,median_r,mfe_mean,mae_mean,mfe_mae_ratio,stop_rate,first_exit_stop_rate,stop_dist_pct_med,stop_dist_atr_med,median_hold,ge10,ge20,ge30,ge40,n_ge20,n_ge40,top1pct_share,top5pct_share,pnl_ex_top5,pnl_per_100_slot_days,total_pnl_slots,n_plc,ev_signal,n_control,ev_control,placebo_p,round_trip_cost,slippage_bps
W1,MODERNIZED,MODERN,PRE_2020_2022,1,0.3335616438356165,0.0,0.0,,-0.13499258526918895,-0.13499258526918895,,-0.13499258526918895,-0.5384317743689803,-0.5384317743689803,0.004643585238769399,-0.12007079085983641,0.03867372910194326,0.0,0.0,0.2507143740307575,2.525116443634033,2.0,0.0,0.0,0.0,0.0,0.0,0.0,,,0.0,-13.499258526918895,-0.13499258526918895,1.0,-0.13499258526918895,2.0,0.05637053330150838,,,
W1,MODERNIZED,MODERN,DISCOVERY,0,,,,,,,,,,,,,,,,,,,,,,,,,,,,,,0.0,,0.0,,,,
W1,MODERNIZED,MODERN,STRICT_OOS,1,0.5987704918032787,1.0,inf,,0.08586782290672973,0.08586782290672973,0.08586782290672973,,0.7455603841934123,0.7455603841934123,0.31753947747538747,-0.0523690790314858,6.063491727331573,0.0,0.0,0.11517219091465837,2.7909785544894326,33.0,0.0,0.0,0.0,0.0,0.0,0.0,1.0,1.0,0.0,0.2683369465835304,0.08586782290672973,1.0,0.08586782290672973,2.0,-0.024838595773153112,,,
W1,MODERNIZED,MODERN,EXTENDED,1,0.3742315573770492,1.0,inf,,0.08586782290672973,0.08586782290672973,0.08586782290672973,,0.7455603841934123,0.7455603841934123,0.31753947747538747,-0.0523690790314858,6.063491727331573,0.0,0.0,0.11517219091465837,2.7909785544894326,33.0,0.0,0.0,0.0,0.0,0.0,0.0,1.0,1.0,0.0,0.2683369465835304,0.08586782290672973,,,,,,,
W1,MODERNIZED,MODERN,FULL_2023_2026,1,0.27237136465324385,1.0,inf,,0.08586782290672973,0.08586782290672973,0.08586782290672973,,0.7455603841934123,0.7455603841934123,0.31753947747538747,-0.0523690790314858,6.063491727331573,0.0,0.0,0.11517219091465837,2.7909785544894326,33.0,0.0,0.0,0.0,0.0,0.0,0.0,1.0,1.0,0.0,0.2683369465835304,0.08586782290672973,,,,,,,
W1,MODERNIZED,MODERN,Y2021,1,1.0,0.0,0.0,,-0.13499258526918895,-0.13499258526918895,,-0.13499258526918895,-0.5384317743689803,-0.5384317743689803,0.004643585238769399,-0.12007079085983641,0.03867372910194326,0.0,0.0,0.2507143740307575,2.525116443634033,2.0,0.0,0.0,0.0,0.0,0.0,0.0,,,0.0,-13.499258526918895,-0.13499258526918895,,,,,,,
W1,MODERNIZED,MODERN,Y2025,1,1.0,1.0,inf,,0.08586782290672973,0.08586782290672973,0.08586782290672973,,0.7455603841934123,0.7455603841934123,0.31753947747538747,-0.0523690790314858,6.063491727331573,0.0,0.0,0.11517219091465837,2.7909785544894326,33.0,0.0,0.0,0.0,0.0,0.0,0.0,1.0,1.0,0.0,0.2683369465835304,0.08586782290672973,,,,,,,
W1,TEXTBOOK,TEXTBOOK_INVESTOR,PRE_2020_2022,23,7.671917808219178,0.43478260869565216,2.720145037342074,3.536188548544696,0.08639929915277891,-0.024561649126761006,0.31424259312566016,-0.08886477313405289,0.5263332667243329,-0.2684635122302014,0.4000346680331948,-0.07530499382853195,5.312193092320892,0.21739130434782608,0.21739130434782608,0.15211970074812958,5.0257732870390495,8.0,0.17391304347826086,0.17391304347826086,0.13043478260869565,0.13043478260869565,4.0,3.0,0.5005076449827597,0.5005076449827597,-1.0113430282532925,0.12014412820519439,1.987183880513915,23.0,0.08639929915277891,46.0,0.0017601384437650205,0.07296351824087956,,
W1,TEXTBOOK,TEXTBOOK_INVESTOR,DISCOVERY,33,16.511301369863013,0.36363636363636365,0.6405794833274587,1.1210140958230528,-0.022614651527121145,-0.024180608394572752,0.11083903972348401,-0.09887390367032411,-0.18635804044824722,-0.26392617477691466,0.20851260076591657,-0.0781086075396734,2.6695214181101306,0.21212121212121213,0.21212121212121213,0.1521197007481296,4.670187950134277,37.0,0.18181818181818182,0.030303030303030304,0.030303030303030304,0.030303030303030304,1.0,1.0,,,-1.8450971041786963,-0.03081905845116654,-0.7462835003949978,33.0,-0.022614651527121145,66.0,0.02088039254189777,0.8685657171414293,,
W1,TEXTBOOK,TEXTBOOK_INVESTOR,STRICT_OOS,9,5.3889344262295085,0.3333333333333333,9.89665223977688,19.793304479553765,0.7469091823803768,-0.0654389808897648,2.492589425828807,-0.12593093934383826,4.7255703282358645,-0.4301808415868147,1.1682936930368117,-0.09128136883210326,12.798818729216164,0.3333333333333333,0.3333333333333333,0.15211970074812967,3.8002398014068604,18.0,0.3333333333333333,0.3333333333333333,0.3333333333333333,0.2222222222222222,3.0,2.0,0.8510164170990757,0.8510164170990757,-0.6588034300184482,1.1074435982575606,6.722182641423392,9.0,0.7469091823803768,18.0,-0.0324058688687613,0.04597701149425287,,
W1,TEXTBOOK,TEXTBOOK_INVESTOR,EXTENDED,24,8.981557377049182,0.25,3.9502057189066777,11.850617156720034,0.25605587938799707,-0.0590223754228582,1.3713937202901068,-0.11572340091270619,1.6009426290941813,-0.42352188292686316,0.607329396019817,-0.09206774501457117,6.596549051176365,0.2916666666666667,0.2916666666666667,0.15211970074812967,4.0491077627423415,24.0,0.20833333333333334,0.16666666666666666,0.16666666666666666,0.125,4.0,3.0,0.9308983323390899,0.9308983323390899,-2.0763199383162445,0.390056560159437,6.14534110531193,,,,,,,
W1,TEXTBOOK,TEXTBOOK_INVESTOR,FULL_2023_2026,42,11.439597315436242,0.35714285714285715,3.1101803631905476,5.598324653742986,0.1422833128816284,-0.031629279367268885,0.5871891169445486,-0.10488657826443838,0.8661980385554909,-0.2769757108444996,0.4141799776811085,-0.08093134210233695,5.117670940849858,0.23809523809523808,0.23809523809523808,0.15211970074812964,4.593639373779297,24.0,0.21428571428571427,0.09523809523809523,0.09523809523809523,0.07142857142857142,4.0,3.0,0.9572932292838634,1.1849685282585252,-2.2457619025997797,0.1973220782905198,5.975899141028393,,,,,,,
W1,TEXTBOOK,TEXTBOOK_INVESTOR,Y2020,15,15.0,0.5333333333333333,4.768914499863922,4.172800187380932,0.1091708611257658,0.007423895611805513,0.2590068552583704,-0.062070275025782315,0.6899255544862138,0.09721889018884959,0.42499561077928316,-0.0627706684782711,6.770608328416974,0.13333333333333333,0.13333333333333333,0.13591023001494154,5.267645835876465,13.0,0.2,0.2,0.13333333333333333,0.13333333333333333,3.0,2.0,0.5948628757911639,0.5948628757911639,-0.40636308425419093,0.11646962424512709,1.637562916886487,,,,,,,
W1,TEXTBOOK,TEXTBOOK_INVESTOR,Y2021,7,7.0,0.14285714285714285,1.3799522038347154,8.279713223008292,0.03912151408878715,-0.09298463668257934,0.9946007241837213,-0.12012502092703521,0.1753948072252783,-0.5510370341337092,0.3880839884642095,-0.11009048901556848,3.5251363849362907,0.42857142857142855,0.42857142857142855,0.15211970074812978,3.6412553787231445,8.0,0.14285714285714285,0.14285714285714285,0.14285714285714285,0.14285714285714285,1.0,1.0,3.6319099873809764,3.6319099873809764,-0.32862376611832256,0.11132138155345934,0.27385059862151,,,,,,,
W1,TEXTBOOK,TEXTBOOK_INVESTOR,Y2022,1,1.0,1.0,inf,,0.07577036500591755,0.07577036500591755,0.07577036500591755,,0.529018166789503,0.529018166789503,0.10927528382476659,-0.01982140777318908,5.512993076736708,0.0,0.0,0.14322828545898816,5.518129825592041,3.0,0.0,0.0,0.0,0.0,0.0,0.0,1.0,1.0,0.0,3.7885182502958776,0.07577036500591755,,,,,,,
W1,TEXTBOOK,TEXTBOOK_INVESTOR,Y2023,18,18.0,0.5,0.773750494677855,0.773750494677855,-0.009413442460196406,-0.0042518971103625534,0.0643860480475099,-0.0832129329679027,-0.11346141549609566,-0.08215096332726146,0.1566474198961638,-0.06608280488602464,2.370471715998423,0.16666666666666666,0.16666666666666666,0.13683576450509338,5.122002363204956,31.5,0.2222222222222222,0.0,0.0,0.0,0.0,0.0,,,-0.6888559174832283,-0.011661525415246753,-0.1694419642835353,,,,,,,
W1,TEXTBOOK,TEXTBOOK_INVESTOR,Y2024,15,15.0,0.2,0.5654466818250009,2.2617867273000036,-0.03845610240743085,-0.0557381178329816,0.2501980147514064,-0.11061963169714016,-0.27383399039082906,-0.4168629242669116,0.27075081780961996,-0.09253957072405197,2.925784242256584,0.26666666666666666,0.26666666666666666,0.15211970074812967,4.298655033111572,37.0,0.13333333333333333,0.06666666666666667,0.06666666666666667,0.06666666666666667,1.0,1.0,,,-1.2958687434295215,-0.05956030316070861,-0.5768415361114628,,,,,,,
W1,TEXTBOOK,TEXTBOOK_INVESTOR,Y2025,3,3.0,0.6666666666666666,53.58988572782894,26.79494286391447,2.316371519256952,1.360564623576064,3.5406262050828996,-0.1321378523949444,14.594546481057217,8.944039574655768,3.0280125403070226,-0.08725780989220673,34.70190856322952,0.0,0.0,0.15211970074812964,3.8002398014068604,218.0,0.6666666666666666,0.6666666666666666,0.6666666666666666,0.6666666666666666,2.0,2.0,0.8232254252007646,0.8232254252007646,0.0,1.5651158913898322,6.949114557770855,,,,,,,
W1,TEXTBOOK,TEXTBOOK_INVESTOR,Y2026,6,8.955223880597014,0.16666666666666666,0.6360049353094198,3.180024676547099,-0.037821986057910574,-0.11208919119301203,0.39651586732062166,-0.12468955673361704,-0.20891774817481082,-0.7345818001037521,0.23843426940170662,-0.09329314830205153,2.5557532760041224,0.5,0.5,0.1521197007481297,3.482207179069519,15.0,0.16666666666666666,0.16666666666666666,0.16666666666666666,0.0,1.0,0.0,,,-0.19260323348385316,-0.13922203456899598,-0.22693191634746346,,,,,,,
W2,MODERNIZED,MODERN,PRE_2020_2022,13,4.336301369863014,0.15384615384615385,0.3659335713491591,2.012634642420375,-0.03645293889549932,-0.042344253412245285,0.13674561187509854,-0.06794358449015346,-0.3844192306761603,-0.39163540769685945,0.07117815160412834,-0.051210899926066936,1.3899023783391442,0.46153846153846156,0.46153846153846156,0.0968735399541293,2.561532497406006,5.0,0.07692307692307693,0.0,0.0,0.0,0.0,0.0,,,-0.6950089867890812,-0.32681945216654557,-0.4738882056414911,13.0,-0.03645293889549932,26.0,-0.009449047278248107,0.894552723638181,,
W2,MODERNIZED,MODERN,DISCOVERY,39,19.513356164383563,0.28205128205128205,1.3423700973275416,3.4169420659246517,0.011181334560625379,-0.0163889844185458,0.15543256257238466,-0.04548879072970861,0.2568734089378832,-0.24866430555316577,0.11699770740489371,-0.04314024310724202,2.712031712803517,0.23076923076923078,0.23076923076923078,0.08211652439292767,2.571943521499634,8.0,0.1282051282051282,0.05128205128205128,0.05128205128205128,0.02564102564102564,2.0,1.0,1.3257069693015724,2.220426089239775,-0.9134948554161069,0.061942052253464455,0.43607204786438974,39.0,0.011181334560625379,78.0,-0.003485294023000096,0.23488255872063968,,
W2,MODERNIZED,MODERN,STRICT_OOS,4,2.3950819672131147,0.25,3.8614497281234352,11.584349184370303,0.15716336112741708,-0.0496607647142322,0.8483509769635915,-0.07323251081797442,3.6859316394627264,-0.41670863271014824,0.37879388369046857,-0.06300973481855168,6.01167239921381,0.25,0.25,0.08206512429932168,2.6419551372528076,11.0,0.25,0.25,0.25,0.25,1.0,1.0,1.3494732024021294,1.3494732024021294,0.0,0.6985038272329648,0.6286534445096683,4.0,0.15716336112741708,8.0,-0.029079024492993388,,,
W2,MODERNIZED,MODERN,EXTENDED,19,7.110399590163935,0.21052631578947367,1.9063134608915988,7.148675478343495,0.038745073950644755,-0.01926773032755241,0.3871025105682464,-0.05415024248071568,1.0048548230983485,-0.43239489938464476,0.18956434130499103,-0.050454608966300885,3.75712635948884,0.21052631578947367,0.21052631578947367,0.08300273950468504,2.5945441722869873,10.0,0.10526315789473684,0.10526315789473684,0.10526315789473684,0.10526315789473684,2.0,2.0,1.1524058897400395,1.1524058897400395,-0.8028612686252119,0.1826690831419976,0.7361564050622503,,,,,,,
W2,MODERNIZED,MODERN,FULL_2023_2026,43,11.711968680089486,0.27906976744186046,1.712961787185351,4.425151283562157,0.0247610579621874,-0.0163889844185458,0.2131757637716519,-0.04817366686728272,0.5758555699169385,-0.24866430555316577,0.14135084008262158,-0.044988567917596395,3.1419279747141045,0.23255813953488372,0.23255813953488372,0.08211652439292767,2.5753653049468994,8.0,0.13953488372093023,0.06976744186046512,0.06976744186046512,0.046511627906976744,3.0,2.0,0.7967790599922537,1.339739435330324,-1.028415372550143,0.13409640961889902,1.0647254923740581,,,,,,,
W2,MODERNIZED,MODERN,Y2020,6,6.0,0.16666666666666666,0.25451203631612446,1.2725601815806225,-0.04789724527142306,-0.07167402945648205,0.09811365995278848,-0.07709942631626537,-0.42995742994888725,-0.7282821579731034,0.046664016464628734,-0.05454074346065526,0.8555808649416622,0.5,0.5,0.09555647198243752,2.564742922782898,6.0,0.0,0.0,0.0,0.0,0.0,0.0,,,-0.11055350815082271,-0.3831779621713845,-0.2873834716285384,,,,,,,
W2,MODERNIZED,MODERN,Y2021,4,4.0,0.25,0.9835869503002818,2.950760850900845,-0.0007316284213468851,-0.014670370465516277,0.1753775637974086,-0.05943469249426538,0.028194123860367973,-0.13121334475931834,0.1288848255065953,-0.0536990177165764,2.400133763839962,0.25,0.25,0.11794325795230282,2.5547701120376587,4.5,0.25,0.0,0.0,0.0,0.0,0.0,,,0.0,-0.004877522808979235,-0.0029265136853875405,,,,,,,
W2,MODERNIZED,MODERN,Y2022,3,3.0,0.0,0.0,,-0.06119274010918838,-0.06500527349572377,,-0.06119274010918838,-0.8434939715127444,-1.0763597705828534,0.04326419001317161,-0.04123372246954434,1.0492428871811657,0.6666666666666666,0.6666666666666666,0.07720065865866184,2.615992784500122,5.0,0.0,0.0,0.0,0.0,0.0,0.0,,,0.0,-1.8357822032756517,-0.18357822032756516,,,,,,,
W2,MODERNIZED,MODERN,Y2023,24,24.0,0.3333333333333333,1.482388193300244,2.964776386600488,0.013690378637992,-0.006999999999999946,0.1262123903733546,-0.0425706272296893,0.2362311611483221,-0.10286273481566412,0.10318181828157917,-0.04066128542070535,2.5375936154993615,0.25,0.25,0.08045687767063125,2.567553400993347,6.0,0.16666666666666666,0.041666666666666664,0.041666666666666664,0.0,1.0,0.0,1.1874580231725136,1.1874580231725136,-0.540848583516657,0.08403301465775141,0.328569087311808,,,,,,,
W2,MODERNIZED,MODERN,Y2024,15,15.0,0.2,1.1814224166953806,4.7256896667815225,0.007166864036838787,-0.01926773032755241,0.23335302176979802,-0.04937967539640101,0.289901005401181,-0.43239489938464476,0.13910313000219698,-0.047106575405700665,2.952945078350213,0.2,0.2,0.08300273950468504,2.588163137435913,10.0,0.06666666666666667,0.06666666666666667,0.06666666666666667,0.06666666666666667,1.0,1.0,5.377561231801319,5.377561231801319,-0.5690480573636543,0.034345993786767344,0.1075029605525818,,,,,,,
W2,MODERNIZED,MODERN,Y2025,3,3.0,0.3333333333333333,6.53742484730228,13.07484969460456,0.2395275351175364,-0.009392368585523444,0.8483509769635915,-0.06488418580549116,5.1189419393541336,-0.22031800520880085,0.48601539222958356,-0.04375649886703029,11.1072733151369,0.3333333333333333,0.3333333333333333,0.050979568423192824,2.62858247756958,2.0,0.3333333333333333,0.3333333333333333,0.3333333333333333,0.3333333333333333,1.0,1.0,1.1805893583345297,1.1805893583345297,0.0,1.0120881765529708,0.7185826053526092,,,,,,,
W2,MODERNIZED,MODERN,Y2026,1,1.4925373134328357,0.0,0.0,,-0.08992916084294095,-0.08992916084294095,,-0.08992916084294095,-0.6130992602114956,-0.6130992602114956,0.05712935807312358,-0.12076944267311585,0.47304481008291505,0.0,0.0,0.14667961075653368,2.9423744678497314,20.0,0.0,0.0,0.0,0.0,0.0,0.0,,,0.0,-0.4733113728575839,-0.08992916084294095,,,,,,,
W2,TEXTBOOK,TEXTBOOK_TRADER,PRE_2020_2022,166,55.371232876712334,0.2891566265060241,1.5683298816427622,3.8554776257051246,0.027512914846314948,-0.02638582598176536,0.2625671443865149,-0.06810236496664775,0.1821264601410597,-0.19808168387054886,0.2406106016553805,-0.06325076185624014,3.8040743635982395,0.18674698795180722,0.18674698795180722,0.15211970074812958,5.083710193634033,6.0,0.1566265060240964,0.08433734939759036,0.06626506024096386,0.060240963855421686,14.0,10.0,0.6231202626850282,1.7550709609124078,-1.4560051369919726,0.05128165129674693,4.567143864488282,166.0,0.027512914846314948,331.0,0.015556810136647463,0.2893553223388306,,
W2,TEXTBOOK,TEXTBOOK_TRADER,DISCOVERY,205,102.57020547945206,0.36585365853658536,2.3813846568827297,4.127733405263398,0.057729220515593774,-0.014634394792715163,0.2720214895245997,-0.06590093468190965,0.412964768839591,-0.1345718778241275,0.24247380877385383,-0.05992195299466291,4.046493758229982,0.15121951219512195,0.15121951219512195,0.15211970074812953,4.936376571655273,6.0,0.15609756097560976,0.13658536585365855,0.11707317073170732,0.09268292682926829,28.0,19.0,0.3044112352078856,0.9409963273852219,4.721417666088607,0.1030968743418131,11.834490205696724,205.0,0.057729220515593774,408.0,-0.009579352174934854,0.0004997501249375312,,
W2,TEXTBOOK,TEXTBOOK_TRADER,STRICT_OOS,34,20.358196721311476,0.47058823529411764,2.6548569339562538,2.986714050700786,0.07496623805921987,-0.007690063960243073,0.2555673211295057,-0.0855680580032564,0.4811674622831223,-0.05055271554192577,0.3502705649505393,-0.06635054554680365,5.279090956433185,0.17647058823529413,0.17647058823529413,0.15211970074812967,4.2176244258880615,6.0,0.17647058823529413,0.14705882352941177,0.14705882352941177,0.11764705882352941,5.0,4.0,0.4571119893279812,0.8093621262710001,-0.9577970432791982,0.21436939394562454,2.548852094013476,34.0,0.07496623805921987,66.0,0.005657081671915795,0.06896551724137931,,
W2,TEXTBOOK,TEXTBOOK_TRADER,EXTENDED,117,43.78509221311476,0.3076923076923077,1.0600158930371923,2.385035759333683,0.002897433589820575,-0.021140332840035744,0.16631941759261087,-0.06973455930030845,0.0071515997410660104,-0.1771494185440745,0.1726222153073879,-0.06211669957660403,2.778998505780324,0.17094017094017094,0.17094017094017094,0.1521197007481296,4.488511562347412,6.0,0.07692307692307693,0.05982905982905983,0.05982905982905983,0.042735042735042736,7.0,5.0,3.4369079030426763,12.69188742237606,-3.5743028456135395,0.011861432120679048,0.33899973000900724,,,,,,,
W2,TEXTBOOK,TEXTBOOK_TRADER,FULL_2023_2026,239,65.09675615212528,0.3807531380753138,2.4230581908619895,3.940797936786532,0.0601813485343523,-0.014612482497980025,0.2691284489276601,-0.06829288211288424,0.42266724405749917,-0.13277710229972034,0.2578089121630057,-0.060836480805427695,4.237735463159871,0.15481171548117154,0.15481171548117154,0.15211970074812955,4.8848676681518555,6.0,0.1589958158995816,0.13807531380753138,0.12133891213389121,0.09623430962343096,33.0,23.0,0.2504669433921731,0.9193381109956329,7.0375081083279625,0.11354075070816388,14.3833422997102,,,,,,,
W2,TEXTBOOK,TEXTBOOK_TRADER,Y2020,60,60.0,0.25,2.2094783166285743,6.6284349498857225,0.06448728034198456,-0.035301366812256756,0.4712221646474345,-0.07109101442649876,0.43371732290605164,-0.27450571498778054,0.2996611230017299,-0.06685869510806056,4.482006753458196,0.23333333333333334,0.23333333333333334,0.15211970074812958,5.273013114929199,6.5,0.16666666666666666,0.11666666666666667,0.1,0.1,7.0,6.0,0.3889472733440698,1.0174312455665664,-1.8659543629353554,0.10409569062467243,3.869236820519074,,,,,,,
W2,TEXTBOOK,TEXTBOOK_TRADER,Y2021,101,101.0,0.32673267326732675,1.311511847450109,2.7025092614123456,0.013016373645142569,-0.02140090874099226,0.16772395335882417,-0.062062304745320554,0.08228986033928393,-0.14989405782481754,0.21359012044507428,-0.058337118341642055,3.661307354851121,0.13861386138613863,0.13861386138613863,0.1521197007481296,4.8747429847717285,6.0,0.15841584158415842,0.06930693069306931,0.04950495049504951,0.039603960396039604,7.0,4.0,0.9009181830708501,2.240918928328594,-1.6313787078799429,0.026043061373997613,1.3146537381593995,,,,,,,
W2,TEXTBOOK,TEXTBOOK_TRADER,Y2022,5,5.0,0.0,0.0,,-0.12334933883803845,-0.15280356632776998,,-0.12334933883803845,-0.820264577042973,-1.043516393442623,0.07781806594737506,-0.11921116182927652,0.6527749981903463,0.6,0.6,0.15211970074812958,4.80031681060791,8.0,0.0,0.0,0.0,0.0,0.0,0.0,,,0.0,-0.43740900297176755,-0.6167466941901922,,,,,,,
W2,TEXTBOOK,TEXTBOOK_TRADER,Y2023,122,122.0,0.45081967213114754,4.1497698360597814,5.055174163927371,0.11511756204673106,-0.007659687193617867,0.33642163307423784,-0.0665499589459983,0.8211535586888327,-0.05766916036854856,0.3395043509507703,-0.05960873001667664,5.695547461853116,0.13934426229508196,0.13934426229508196,0.15050351937537865,5.227647066116333,10.0,0.23770491803278687,0.21311475409836064,0.18032786885245902,0.14754098360655737,26.0,18.0,0.13651751490169872,0.5715830028595603,6.931270030093077,0.14316353282060335,14.04434256970119,,,,,,,
W2,TEXTBOOK,TEXTBOOK_TRADER,Y2024,83,83.0,0.24096385542168675,0.4620971667069056,1.4556060751267523,-0.026624727277162277,-0.02183259948588839,0.09492109476309502,-0.06521070252803761,-0.1870235728665233,-0.20503639236753796,0.09985060220055479,-0.06038235303459455,1.6536388064133225,0.1686746987951807,0.1686746987951807,0.15211970074812955,4.564663410186768,6.0,0.03614457831325301,0.024096385542168676,0.024096385542168676,0.012048192771084338,2.0,1.0,,,-3.581378666937946,-0.13240577375700832,-2.209852364004469,,,,,,,
W2,TEXTBOOK,TEXTBOOK_TRADER,Y2025,5,5.0,0.6,7.1500623945470965,4.766708263031398,0.22494861267056213,0.0628394498064761,0.4358754196237637,-0.09144159775924021,1.4884333903871616,0.5745301732393082,0.4490496840263726,-0.057965368667059834,7.746861520119261,0.2,0.2,0.11601406665088243,4.616859436035156,6.0,0.2,0.2,0.2,0.2,1.0,1.0,1.03589067508818,1.03589067508818,0.0,0.4342637310242512,1.1247430633528106,,,,,,,
W2,TEXTBOOK,TEXTBOOK_TRADER,Y2026,29,43.28358208955223,0.4482758620689655,2.049189658590679,2.522079579803912,0.04910720795381604,-0.009081698115808664,0.213957759938523,-0.0848338655337584,0.30750092295483966,-0.059700999089168434,0.3332396823512577,-0.06779626569848361,4.915310289113921,0.1724137931034483,0.1724137931034483,0.15211970074812967,4.199597063630302,6.0,0.1724137931034483,0.13793103448275862,0.13793103448275862,0.10344827586206896,4.0,3.0,0.6304527812362997,0.6304527812362997,-1.048451498696374,0.1531300032968457,1.4241090306606652,,,,,,,
W3,MODERNIZED,MODERN_NOVOL,PRE_2020_2022,48,16.01095890410959,0.20833333333333334,0.762866665324291,2.898893328232306,-0.007561431465376685,-0.024221934389825058,0.11676193594545112,-0.04027810709980505,-0.3231511835695195,-1.086399384937267,0.09519137103259902,-0.02497339046259601,3.81171195697966,0.5208333333333334,0.5208333333333334,0.04796187601901756,1.2501197520657827,8.0,0.041666666666666664,0.020833333333333332,0.020833333333333332,0.020833333333333332,1.0,1.0,,,-1.4921703135787299,-0.04878342880888183,-0.36294871033808085,48.0,-0.007561431465376685,96.0,0.0027616045952188577,0.6991504247876063,,
W3,MODERNIZED,MODERN_NOVOL,DISCOVERY,63,31.521575342465752,0.2857142857142857,1.011969522161785,2.5299238054044624,0.0005330525251133907,-0.03433326511728412,0.15773521753184883,-0.06234781347758079,0.030397117348370882,-1.065953448801082,0.132418001648881,-0.04027397287398863,3.2879299507698825,0.5238095238095238,0.5238095238095238,0.0716278500933801,1.7421887997737753,12.0,0.12698412698412698,0.09523809523809523,0.031746031746031744,0.015873015873015872,6.0,1.0,23.88590209903667,43.36878509891657,-1.9108259220684247,0.002424715457194485,0.033582309082143616,63.0,0.0005330525251133907,126.0,0.008085734864601868,0.5732133933033483,,
W3,MODERNIZED,MODERN_NOVOL,STRICT_OOS,42,25.148360655737704,0.11904761904761904,0.2393300527110687,1.7710423900619083,-0.039057799964306424,-0.05277757512439062,0.10322574856997191,-0.05828530652299269,-0.6571588201629206,-1.093729483789864,0.08629203405517176,-0.0412992259741145,2.08943465694146,0.6190476190476191,0.6190476190476191,0.060900040961758405,1.2850539239664238,6.5,0.023809523809523808,0.023809523809523808,0.023809523809523808,0.0,1.0,0.0,,,-2.156556341350729,-0.2893170367726402,-1.6404275985008698,42.0,-0.039057799964306424,84.0,0.057417575801620775,0.9805097451274363,,
W3,MODERNIZED,MODERN_NOVOL,EXTENDED,74,27.69313524590164,0.13513513513513514,0.2542188077788803,1.6270003697848339,-0.04022197406530789,-0.05277757512439062,0.10145918100424949,-0.06235965454492624,-0.6838951158701372,-1.0768963554082498,0.08717747120360896,-0.043226131649455275,2.016777071577432,0.6216216216216216,0.6216216216216216,0.06620591494154335,1.4571954984267124,8.5,0.04054054054054054,0.02702702702702703,0.013513513513513514,0.0,2.0,0.0,,,-3.820542621339035,-0.2745780517373417,-2.976426080832784,,,,,,,
W3,MODERNIZED,MODERN_NOVOL,FULL_2023_2026,105,28.598993288590602,0.21904761904761905,0.6761834033743859,2.4107408294217234,-0.015303288470654534,-0.03944060157531875,0.14588533297491907,-0.06051473107124224,-0.2446252576561457,-1.0751392427020436,0.11396761461139727,-0.04068407411403898,2.8012832316631266,0.5619047619047619,0.5619047619047619,0.06487367224341098,1.4056561960250695,10.0,0.08571428571428572,0.06666666666666667,0.02857142857142857,0.009523809523809525,7.0,1.0,,,-3.6173226994776417,-0.08231789392513966,-1.6068452894187262,,,,,,,
W3,MODERNIZED,MODERN_NOVOL,Y2020,24,24.0,0.20833333333333334,1.1890007217565934,4.518202742675055,0.006672777342720458,-0.02379752364859788,0.2014960451674929,-0.04459650366379858,0.12861212351536258,-0.491290861165235,0.11339009758535452,-0.029633929670679182,3.826360487638821,0.375,0.375,0.05479072439984799,1.3593411981199137,12.0,0.08333333333333333,0.041666666666666664,0.041666666666666664,0.041666666666666664,1.0,1.0,4.8606589003079606,4.8606589003079606,-0.8473335696121731,0.03274982744893477,0.160146656225291,,,,,,,
W3,MODERNIZED,MODERN_NOVOL,Y2021,23,23.0,0.21739130434782608,0.2593404311807461,0.9336255522506861,-0.019884654433268333,-0.018895599698205253,0.03202782672340935,-0.03430478808790102,-0.7600692740093713,-1.1445647528310436,0.07986249648363966,-0.018645598874646365,4.283182161139051,0.6521739130434783,0.6521739130434783,0.03887163334345818,0.670997339243578,6.0,0.0,0.0,0.0,0.0,0.0,0.0,,,-0.6174861855822185,-0.18220998086261816,-0.4573470519651716,,,,,,,
W3,MODERNIZED,MODERN_NOVOL,Y2022,1,1.0,0.0,0.0,,-0.06574831459820024,-0.06574831459820024,,-0.06574831459820024,-1.1163544734901023,-1.1163544734901023,0.010986048392532144,-0.05865965599144185,0.18728456904239182,1.0,1.0,0.05889555348190502,1.7902927469199605,5.0,0.0,0.0,0.0,0.0,0.0,0.0,,,0.0,-1.643707864955006,-0.06574831459820024,,,,,,,
W3,MODERNIZED,MODERN_NOVOL,Y2023,31,31.0,0.41935483870967744,2.4102088273965716,3.337212222549099,0.04418002552948575,-0.02200862500396444,0.1800592960292803,-0.05395500316481031,0.8039544038869307,-0.3639689442020741,0.1779182795203114,-0.0346159367714323,5.139779422845002,0.41935483870967744,0.41935483870967744,0.05799115449227804,1.4051225543628396,12.0,0.1935483870967742,0.16129032258064516,0.06451612903225806,0.03225806451612903,5.0,1.0,0.585685599582248,0.8468546264502609,-0.5410579227138556,0.1577858054624491,1.3695807914140583,,,,,,,
W3,MODERNIZED,MODERN_NOVOL,Y2024,32,32.0,0.15625,0.2717217307290117,1.4672973459366632,-0.041749952572872326,-0.04952223101410746,0.09969261343852706,-0.0679430203527611,-0.718986503985859,-1.0730075670725745,0.08833960746093278,-0.04575519534834005,1.9307011321532397,0.625,0.625,0.07496228744165878,1.7515945034946712,12.0,0.0625,0.03125,0.0,0.0,1.0,0.0,,,-1.8344615495245495,-0.25841363294621167,-1.3359984823319144,,,,,,,
W3,MODERNIZED,MODERN_NOVOL,Y2025,14,14.0,0.21428571428571427,0.2827388564562017,1.0367091403394064,-0.02854753695813988,-0.03494364877039207,0.052515029974666644,-0.050655509757996195,-0.5449707208468355,-1.1084766020707422,0.09698660710300033,-0.03281300178048683,2.955737111521328,0.5714285714285714,0.5714285714285714,0.05688007263752561,1.3251753754674283,14.0,0.0,0.0,0.0,0.0,0.0,0.0,,,-0.5088503072829569,-0.1598662069655833,-0.3996655174139583,,,,,,,
W3,MODERNIZED,MODERN_NOVOL,Y2026,28,41.7910447761194,0.07142857142857142,0.22420646474366135,2.9146840416675976,-0.044312931467389696,-0.054584884382973535,0.1792918264629298,-0.061513297462029666,-0.7132528698209631,-1.0894325680631392,0.08094474753125747,-0.04554233807092833,1.7773516020453954,0.6428571428571429,0.6428571428571429,0.06571630071149434,1.2850539239664238,6.0,0.03571428571428571,0.03571428571428571,0.03571428571428571,0.0,1.0,0.0,,,-1.5849037707391374,-0.3914075965573854,-1.2407620810869116,,,,,,,
W3,TEXTBOOK,TEXTBOOK_NOVOL,PRE_2020_2022,0,,,,,,,,,,,,,,,,,,,,,,,,,,,,,,0.0,,0.0,,,,
W3,TEXTBOOK,TEXTBOOK_NOVOL,DISCOVERY,0,,,,,,,,,,,,,,,,,,,,,,,,,,,,,,0.0,,0.0,,,,
W3,TEXTBOOK,TEXTBOOK_NOVOL,STRICT_OOS,0,,,,,,,,,,,,,,,,,,,,,,,,,,,,,,0.0,,0.0,,,,
W3,TEXTBOOK,TEXTBOOK_NOVOL,EXTENDED,0,,,,,,,,,,,,,,,,,,,,,,,,,,,,,,,,,,,,
W3,TEXTBOOK,TEXTBOOK_NOVOL,FULL_2023_2026,0,,,,,,,,,,,,,,,,,,,,,,,,,,,,,,,,,,,,
W_LONG_POOLED,MODERNIZED,ENGINE_DEFAULT,PRE_2020_2022,62,20.68082191780822,0.1935483870967742,0.5972425890264571,2.488510787610238,-0.01567466937498001,-0.02956853289482003,0.12009254860039235,-0.04825880168906939,-0.33946997716929045,-0.8999871436746077,0.0886958929944708,-0.03200863277585992,2.7709991118821837,0.5,0.5,0.05559583663271683,1.4151754753819525,7.0,0.04838709677419355,0.016129032258064516,0.016129032258064516,0.016129032258064516,1.0,1.0,,,-2.2937366266876626,-0.10919432598300682,-0.9718295012487608,,,,,,,
W_LONG_POOLED,MODERNIZED,ENGINE_DEFAULT,DISCOVERY,102,51.03493150684931,0.28431372549019607,1.1151300495529677,2.807051504047126,0.004604454479867976,-0.03088894560744703,0.15686179668515554,-0.05588133899894489,0.11699099354436089,-0.48936430535549524,0.12652200679088585,-0.04136989972787961,3.058310695049167,0.4117647058823529,0.4117647058823529,0.07295973474641063,2.11250269659479,10.0,0.12745098039215685,0.0784313725490196,0.0392156862745098,0.0196078431372549,8.0,2.0,1.707944864412256,5.1627109633121515,-1.9550353406286538,0.02248225739332377,0.46965435694653357,,,,,,,
W_LONG_POOLED,MODERNIZED,ENGINE_DEFAULT,STRICT_OOS,47,28.1422131147541,0.14893617021276595,0.6103504169771261,3.4877166684407204,-0.01970013470392492,-0.05181504209022474,0.207192506102883,-0.05940634684511632,-0.2576890107403903,-1.0835393810137883,0.11610596686286116,-0.04338245764294685,2.6763344718377833,0.574468085106383,0.574468085106383,0.061618682127248775,1.3111893517836866,7.0,0.0425531914893617,0.0425531914893617,0.0425531914893617,0.02127659574468085,2.0,1.0,,,-2.285707104551586,-0.13438408288599002,-0.9259063310844712,,,,,,,
W_LONG_POOLED,MODERNIZED,ENGINE_DEFAULT,EXTENDED,94,35.177766393442624,0.1595744680851064,0.5514719831543066,2.9044191112793483,-0.022919168647487276,-0.04303521704385659,0.17659131168148068,-0.06080090541881029,-0.32734506969498,-1.068083221116602,0.11032334926954554,-0.04478447224947758,2.4634285887076066,0.5319148936170213,0.5319148936170213,0.07195298922294399,1.8409483850498525,10.0,0.05319148936170213,0.0425531914893617,0.031914893617021274,0.02127659574468085,4.0,2.0,,,-4.305353010512233,-0.1418302733945888,-2.154401852863804,,,,,,,
W_LONG_POOLED,MODERNIZED,ENGINE_DEFAULT,FULL_2023_2026,149,40.583333333333336,0.24161073825503357,0.9293245296568943,2.917046440311918,-0.003062093786160659,-0.034434513317410924,0.16664832351638031,-0.057129129386970165,-0.0011966588139162506,-0.8426375991585995,0.12323641030352236,-0.04200473343263237,2.933869595938996,0.46308724832214765,0.46308724832214765,0.07182278949658126,1.9543697834014893,9.0,0.10067114093959731,0.06711409395973154,0.040268456375838924,0.020134228187919462,10.0,3.0,,,-3.432704532474241,-0.0164237571683923,-0.45625197413793817,,,,,,,
W_LONG_POOLED,MODERNIZED,ENGINE_DEFAULT,Y2020,30,30.0,0.2,0.8967929535822968,3.5871718143291873,-0.004241227180108243,-0.02956853289482003,0.18426564763170883,-0.0513679458830625,0.016898212822512693,-0.491290861165235,0.1000448813612094,-0.0346152924286744,2.89019315862647,0.4,0.4,0.06301917696918177,1.7615887140157245,10.5,0.06666666666666667,0.03333333333333333,0.03333333333333333,0.03333333333333333,1.0,1.0,,,-1.2310378936191828,-0.022559719043128947,-0.12723681540324727,,,,,,,
W_LONG_POOLED,MODERNIZED,ENGINE_DEFAULT,Y2021,28,28.0,0.21428571428571427,0.36046721103092993,1.3217131071134096,-0.021259505389991003,-0.01979410645092122,0.05591944956907589,-0.042308311287918336,-0.6395445921836803,-1.1142154016750423,0.0841792966567451,-0.027275558422964585,3.0862538303109703,0.5714285714285714,0.5714285714285714,0.04465207636151235,1.1024307420193857,5.5,0.03571428571428571,0.0,0.0,0.0,0.0,0.0,,,-0.9265029122107977,-0.19079043298709875,-0.5952661509197481,,,,,,,
W_LONG_POOLED,MODERNIZED,ENGINE_DEFAULT,Y2022,4,4.0,0.0,0.0,,-0.06233163373144135,-0.065376794046962,,-0.06233163373144135,-0.9117090970070838,-1.0963571220364778,0.035194654608011744,-0.04559020585001872,0.7719784096565402,0.75,0.75,0.06804810607028343,2.4530259370803833,5.0,0.0,0.0,0.0,0.0,0.0,0.0,,,0.0,-1.7809038208983243,-0.2493265349257654,,,,,,,
W_LONG_POOLED,MODERNIZED,ENGINE_DEFAULT,Y2023,55,55.0,0.38181818181818183,2.0277366269939754,3.283002157990246,0.030875452340470295,-0.006999999999999946,0.15954618911273716,-0.0485976497835769,0.556220625237356,-0.3165561259806686,0.14530600552522824,-0.037253907091115084,3.900423254125825,0.34545454545454546,0.34545454545454546,0.07182278949658126,2.1681166728352084,9.0,0.18181818181818182,0.10909090909090909,0.05454545454545454,0.01818181818181818,6.0,1.0,0.4723633390932057,0.9127567877366961,-0.39540298276912367,0.13488084819109342,1.6981498787258662,,,,,,,
W_LONG_POOLED,MODERNIZED,ENGINE_DEFAULT,Y2024,47,47.0,0.1702127659574468,0.4938250574270796,2.407397154957013,-0.026138202591049632,-0.03891794525729513,0.14981526656275368,-0.0622312219046503,-0.39700112864956966,-1.0582201652758647,0.10454073167622986,-0.046186486856008346,2.2634484411457305,0.48936170212765956,0.48936170212765956,0.07721332151224854,2.1109775667996598,11.0,0.06382978723404255,0.0425531914893617,0.02127659574468085,0.02127659574468085,2.0,1.0,,,-2.3619432000043825,-0.14801150864811238,-1.2284955217793327,,,,,,,
W_LONG_POOLED,MODERNIZED,ENGINE_DEFAULT,Y2025,18,18.0,0.2777777777777778,1.589224595292117,4.131983947759504,0.022488050602521154,-0.03401413605356956,0.21835277795886426,-0.05284453684222618,0.4707108950222288,-1.0526949771778944,0.17407767520034126,-0.035723366697744015,4.87293587620717,0.5,0.5,0.05688007263752561,1.7804744442414908,14.0,0.05555555555555555,0.05555555555555555,0.05555555555555555,0.05555555555555555,1.0,1.0,2.0958068204465348,2.0958068204465348,-0.6869789789489404,0.11466994641512203,0.40478491084538076,,,,,,,
W_LONG_POOLED,MODERNIZED,ENGINE_DEFAULT,Y2026,29,43.28358208955223,0.06896551724137931,0.21227075239076923,2.8656551572753846,-0.04588590489413284,-0.05542966060739057,0.1792918264629298,-0.06256573684650786,-0.7097992970758091,-1.0871020705955254,0.08012352720511492,-0.04813637616065894,1.6645109913903022,0.6206896551724138,0.6206896551724138,0.0675381576396757,1.2917187165087816,6.0,0.034482758620689655,0.034482758620689655,0.034482758620689655,0.0,1.0,0.0,,,-1.6748329315820782,-0.39603906009817036,-1.3306912419298524,,,,,,,
W_LONG_POOLED,TEXTBOOK,ENGINE_DEFAULT,PRE_2020_2022,189,63.04315068493151,0.30687830687830686,1.7130996362445703,3.8692422818627366,0.03467898277778939,-0.02577269572845536,0.2714767045139537,-0.07016275661684825,0.22401406094219878,-0.1986849697995441,0.2600114139659082,-0.06471767897456136,4.017625756759774,0.19047619047619047,0.19047619047619047,0.15211970074812958,5.066162109375,6.0,0.15873015873015872,0.09523809523809523,0.07407407407407407,0.06878306878306878,18.0,13.0,0.4341985929419371,1.46086409122389,0.43864912597586425,0.062067497585248065,6.554327745002196,,,,,,,
W_LONG_POOLED,TEXTBOOK,ENGINE_DEFAULT,DISCOVERY,238,119.08150684931506,0.36554621848739494,2.0417845941151764,3.5437870541539276,0.046589103803788764,-0.015874919016365948,0.2497894274830665,-0.07048657937566265,0.32986538771984875,-0.14372784138842032,0.23776490178115664,-0.06244363198619798,3.8076725234962345,0.15966386554621848,0.15966386554621848,0.15211970074812955,4.887524843215942,6.0,0.15966386554621848,0.12184873949579832,0.10504201680672269,0.08403361344537816,29.0,20.0,0.3248994068490116,1.1209030727268845,3.975134165693609,0.07976840189418888,11.088206705301726,,,,,,,
W_LONG_POOLED,TEXTBOOK,ENGINE_DEFAULT,STRICT_OOS,43,25.747131147540983,0.4418604651162791,5.038240093449533,6.364092749620463,0.21560545896364808,-0.027686704595285157,0.6087813376609743,-0.09565877833840186,1.3695308528313703,-0.19080494361085024,0.5214847080383638,-0.07156862483907565,7.286498926183629,0.20930232558139536,0.20930232558139536,0.15211970074812967,4.196963310241699,6.0,0.20930232558139536,0.18604651162790697,0.18604651162790697,0.13953488372093023,8.0,6.0,0.6170495473092591,0.7638038916086661,-0.5728205617806896,0.5162046066501597,9.271034735436867,,,,,,,
W_LONG_POOLED,TEXTBOOK,ENGINE_DEFAULT,EXTENDED,141,52.76664959016394,0.2978723404255319,1.8386889511259434,4.33405252765401,0.04598823287461658,-0.027686704595285157,0.3384728894065388,-0.07809616686619893,0.278435179205426,-0.20980407812243002,0.24661492691801418,-0.0672147498639176,3.6690596545744594,0.19148936170212766,0.19148936170212766,0.15211970074812964,4.425345420837402,6.0,0.09929078014184398,0.07801418439716312,0.07801418439716312,0.05673758865248227,11.0,8.0,0.882231198494148,1.7150836161759566,-3.3722134636261822,0.14625782869788964,6.484340835320937,,,,,,,
W_LONG_POOLED,TEXTBOOK,ENGINE_DEFAULT,FULL_2023_2026,281,76.53635346756153,0.37722419928825623,2.5734441859215753,4.248610684304488,0.07245281651508396,-0.016447755468994293,0.31413703402438964,-0.07393876666198117,0.4889601030216119,-0.1473538090515915,0.2811810998916901,-0.06383998320567748,4.404467009112306,0.16725978647686832,0.16725978647686832,0.15211970074812958,4.815471172332764,6.0,0.16725978647686832,0.13167259786476868,0.11743772241992882,0.09252669039145907,37.0,26.0,0.457936490183068,0.9973066633590819,8.10954524954577,0.12970561233866526,20.359241440738593,,,,,,,
W_LONG_POOLED,TEXTBOOK,ENGINE_DEFAULT,Y2020,75,75.0,0.30666666666666664,2.515526906863093,5.68727822421221,0.07342399649874082,-0.03334056032940851,0.39740814399036867,-0.06987668412255615,0.48495896922208404,-0.2418588988457952,0.32472802055724065,-0.06604108978210267,4.917060297288475,0.21333333333333335,0.21333333333333335,0.15211970074812955,5.267645835876465,7.0,0.17333333333333334,0.13333333333333333,0.10666666666666667,0.10666666666666667,10.0,8.0,0.2732856074356527,0.8917716383190016,-0.3060791929528894,0.10749169895384661,5.5067997374055615,,,,,,,
W_LONG_POOLED,TEXTBOOK,ENGINE_DEFAULT,Y2021,108,108.0,0.3148148148148148,1.3214953582289846,2.876195779674849,0.01470837348871213,-0.023454602869443505,0.19204385838308585,-0.06677009254383796,0.08832444023004281,-0.1806454125715791,0.22489990818705524,-0.06169150347791508,3.6455572568038823,0.1574074074074074,0.1574074074074074,0.1521197007481296,4.831878662109375,6.0,0.1574074074074074,0.07407407407407407,0.05555555555555555,0.046296296296296294,8.0,5.0,0.7456041697374489,2.2907537144130194,-2.0503678730611514,0.030005748711388554,1.58850433678091,,,,,,,
W_LONG_POOLED,TEXTBOOK,ENGINE_DEFAULT,Y2022,6,6.0,0.16666666666666666,0.12285491875300024,0.6142745937650012,-0.09016272153071246,-0.13623084855715656,0.07577036500591755,-0.12334933883803845,-0.5953841197375603,-0.9150607413557692,0.08306093559360699,-0.1026462028199286,0.8091963785481681,0.5,0.5,0.15167684059835101,5.159223318099976,6.5,0.0,0.0,0.0,0.0,0.0,0.0,,,-0.15873940149625926,-0.3783051253036886,-0.5409763291842747,,,,,,,
W_LONG_POOLED,TEXTBOOK,ENGINE_DEFAULT,Y2023,140,140.0,0.45714285714285713,3.6642723342152714,4.351323396880635,0.0991064328958404,-0.007659687193617867,0.2981666289298542,-0.06852320586964487,0.7009887762936275,-0.05766916036854856,0.31599417410089237,-0.06044111107130709,5.228133111717444,0.14285714285714285,0.14285714285714285,0.14988978923259408,5.227647066116333,11.5,0.2357142857142857,0.18571428571428572,0.15714285714285714,0.12857142857142856,26.0,18.0,0.13818468330469388,0.6407270117411415,6.761828065809542,0.12319009682515898,13.874900605417656,,,,,,,
W_LONG_POOLED,TEXTBOOK,ENGINE_DEFAULT,Y2024,98,98.0,0.23469387755102042,0.48733578827221463,1.589138440018091,-0.028435652041999302,-0.028313167878060923,0.1151746060659182,-0.07247613119509401,-0.20031088167126399,-0.2284318435779975,0.12600879846724847,-0.0653043761503278,1.929561323381786,0.1836734693877551,0.1836734693877551,0.1521197007481296,4.5340611934661865,6.0,0.05102040816326531,0.030612244897959183,0.030612244897959183,0.02040816326530612,3.0,2.0,,,-4.740704452597264,-0.10565664076268935,-2.7866939001159317,,,,,,,
W_LONG_POOLED,TEXTBOOK,ENGINE_DEFAULT,Y2025,8,8.0,0.625,26.629581498130726,15.977748898878437,1.009232202640458,0.07125770383700031,1.6777757338074182,-0.1050070159711416,6.403225799388433,0.6306542986679264,1.4161607551316164,-0.06895003412648992,20.538942048000255,0.125,0.125,0.1521197007481296,4.138730525970459,17.0,0.375,0.375,0.375,0.375,3.0,3.0,0.7085445464907231,0.7085445464907231,-0.31502104791342483,1.1484861480972497,8.073857621123665,,,,,,,
W_LONG_POOLED,TEXTBOOK,ENGINE_DEFAULT,Y2026,35,52.23880597014925,0.4,1.604393871437305,2.406590807155957,0.034205060408948613,-0.031343225154816516,0.22699762475153004,-0.09432331581943904,0.21897200790404245,-0.2060431686406791,0.3169873258456204,-0.07216715985909526,4.3924040583629855,0.22857142857142856,0.22857142857142856,0.15211970074812967,4.196963310241699,6.0,0.17142857142857143,0.14285714285714285,0.14285714285714285,0.08571428571428572,5.0,3.0,0.7499587892463327,1.3343823706243487,-1.5408770391028035,0.10953130048611176,1.1971771143132015,,,,,,,
W1,MODERNIZED,MODERN,STRICT_OOS_COST_GRID,1,1.0,1.0,inf,,0.0928333257784425,0.0928333257784425,0.0928333257784425,,0.8218238846993859,0.8218238846993859,0.3208333261690759,-0.0500000017290646,6.416666301484907,0.0,0.0,0.11296012139194507,2.7305468980689658,33.0,0.0,0.0,0.0,0.0,0.0,0.0,1.0,1.0,0.0,0.2901041430576328,0.0928333257784425,,,,,,0.003,0.0
W1,MODERNIZED,MODERN,STRICT_OOS_COST_GRID,1,1.0,1.0,inf,,0.08736782290672973,0.08736782290672973,0.08736782290672973,,0.7585843614928586,0.7585843614928586,0.31753947747538747,-0.0523690790314858,6.063491727331573,0.0,0.0,0.11517219091465837,2.7909785544894326,33.0,0.0,0.0,0.0,0.0,0.0,0.0,1.0,1.0,0.0,0.2730244465835304,0.08736782290672973,,,,,,0.003,25.0
W1,MODERNIZED,MODERN,STRICT_OOS_COST_GRID,1,1.0,1.0,inf,,0.08192951159159245,0.08192951159159245,0.08192951159159245,,0.6980253850024695,0.6980253850024695,0.3142620160886329,-0.05472636987966606,5.7424239316373695,0.0,0.0,0.11737325511636314,2.851410210909899,33.0,0.0,0.0,0.0,0.0,0.0,0.0,1.0,1.0,0.0,0.2560297237237264,0.08192951159159245,,,,,,0.003,50.0
W1,MODERNIZED,MODERN,STRICT_OOS_COST_GRID,1,1.0,1.0,inf,,0.0913333257784425,0.0913333257784425,0.0913333257784425,,0.808544862142431,0.808544862142431,0.3208333261690759,-0.0500000017290646,6.416666301484907,0.0,0.0,0.11296012139194507,2.7305468980689658,33.0,0.0,0.0,0.0,0.0,0.0,0.0,1.0,1.0,0.0,0.2854166430576328,0.0913333257784425,,,,,,0.0045,0.0
W1,MODERNIZED,MODERN,STRICT_OOS_COST_GRID,1,1.0,1.0,inf,,0.08586782290672973,0.08586782290672973,0.08586782290672973,,0.7455603841934123,0.7455603841934123,0.31753947747538747,-0.0523690790314858,6.063491727331573,0.0,0.0,0.11517219091465837,2.7909785544894326,33.0,0.0,0.0,0.0,0.0,0.0,0.0,1.0,1.0,0.0,0.2683369465835304,0.08586782290672973,,,,,,0.0045,25.0
W1,MODERNIZED,MODERN,STRICT_OOS_COST_GRID,1,1.0,1.0,inf,,0.08042951159159245,0.08042951159159245,0.08042951159159245,,0.6852456423045874,0.6852456423045874,0.3142620160886329,-0.05472636987966606,5.7424239316373695,0.0,0.0,0.11737325511636314,2.851410210909899,33.0,0.0,0.0,0.0,0.0,0.0,0.0,1.0,1.0,0.0,0.2513422237237264,0.08042951159159245,,,,,,0.0045,50.0
W1,MODERNIZED,MODERN,STRICT_OOS_COST_GRID,1,1.0,1.0,inf,,0.0888333257784425,0.0888333257784425,0.0888333257784425,,0.7864131578808395,0.7864131578808395,0.3208333261690759,-0.0500000017290646,6.416666301484907,0.0,0.0,0.11296012139194507,2.7305468980689658,33.0,0.0,0.0,0.0,0.0,0.0,0.0,1.0,1.0,0.0,0.2776041430576328,0.0888333257784425,,,,,,0.007,0.0
W1,MODERNIZED,MODERN,STRICT_OOS_COST_GRID,1,1.0,1.0,inf,,0.08336782290672973,0.08336782290672973,0.08336782290672973,,0.7238537553610019,0.7238537553610019,0.31753947747538747,-0.0523690790314858,6.063491727331573,0.0,0.0,0.11517219091465837,2.7909785544894326,33.0,0.0,0.0,0.0,0.0,0.0,0.0,1.0,1.0,0.0,0.2605244465835304,0.08336782290672973,,,,,,0.007,25.0
W1,MODERNIZED,MODERN,STRICT_OOS_COST_GRID,1,1.0,1.0,inf,,0.07792951159159245,0.07792951159159245,0.07792951159159245,,0.6639460711414504,0.6639460711414504,0.3142620160886329,-0.05472636987966606,5.7424239316373695,0.0,0.0,0.11737325511636314,2.851410210909899,33.0,0.0,0.0,0.0,0.0,0.0,0.0,1.0,1.0,0.0,0.2435297237237264,0.07792951159159245,,,,,,0.007,50.0
W1,MODERNIZED,MODERN,STRICT_OOS_COST_GRID,1,1.0,1.0,inf,,0.0858333257784425,0.0858333257784425,0.0858333257784425,,0.7598551127669299,0.7598551127669299,0.3208333261690759,-0.0500000017290646,6.416666301484907,0.0,0.0,0.11296012139194507,2.7305468980689658,33.0,0.0,0.0,0.0,0.0,0.0,0.0,1.0,1.0,0.0,0.26822914305763285,0.0858333257784425,,,,,,0.01,0.0
W1,MODERNIZED,MODERN,STRICT_OOS_COST_GRID,1,1.0,1.0,inf,,0.08036782290672974,0.08036782290672974,0.08036782290672974,,0.6978058007621095,0.6978058007621095,0.31753947747538747,-0.0523690790314858,6.063491727331573,0.0,0.0,0.11517219091465837,2.7909785544894326,33.0,0.0,0.0,0.0,0.0,0.0,0.0,1.0,1.0,0.0,0.25114944658353044,0.08036782290672974,,,,,,0.01,25.0
W1,MODERNIZED,MODERN,STRICT_OOS_COST_GRID,1,1.0,1.0,inf,,0.07492951159159246,0.07492951159159246,0.07492951159159246,,0.6383865857456862,0.6383865857456862,0.3142620160886329,-0.05472636987966606,5.7424239316373695,0.0,0.0,0.11737325511636314,2.851410210909899,33.0,0.0,0.0,0.0,0.0,0.0,0.0,1.0,1.0,0.0,0.23415472372372645,0.07492951159159246,,,,,,0.01,50.0
W1,TEXTBOOK,TEXTBOOK_INVESTOR,STRICT_OOS_COST_GRID,9,10.67288961038961,0.3333333333333333,10.462716430303571,20.925432860607142,0.757188175775767,-0.05923190811226997,2.5116186961337132,-0.12002708440320597,4.855727319080808,-0.3948793874151332,1.1734497770717585,-0.08900957225418357,13.183411034947477,0.3333333333333333,0.3333333333333333,0.15000000000000002,3.737940549850464,18.0,0.3333333333333333,0.3333333333333333,0.3333333333333333,0.3333333333333333,3.0,3.0,0.8446304931857084,0.8446304931857084,-0.6359653519734283,1.1226842803924058,6.814693581981903,,,,,,0.003,0.0
W1,TEXTBOOK,TEXTBOOK_INVESTOR,STRICT_OOS_COST_GRID,9,10.67288961038961,0.3333333333333333,10.021982631413417,20.043965262826838,0.7484091823803769,-0.0639389808897648,2.494089425828807,-0.12443093934383825,4.735159793088312,-0.42032018584910974,1.1682936930368117,-0.09128136883210326,12.798818729216164,0.3333333333333333,0.3333333333333333,0.15211970074812967,3.8002398014068604,18.0,0.3333333333333333,0.3333333333333333,0.3333333333333333,0.2222222222222222,3.0,2.0,0.8495334610035185,0.8495334610035185,-0.6528034300184482,1.1096676509758472,6.735682641423392,,,,,,0.003,25.0
W1,TEXTBOOK,TEXTBOOK_INVESTOR,STRICT_OOS_COST_GRID,9,10.67288961038961,0.3333333333333333,9.613352632830477,19.226705265660954,0.739673865569043,-0.06862263539473479,2.4766473658239248,-0.12881288455839787,4.6183512745827455,-0.4449403133658614,1.163176323430032,-0.09354186293948606,12.434821018932583,0.3333333333333333,0.3333333333333333,0.15422885572139297,3.8625385761260986,18.0,0.3333333333333333,0.3333333333333333,0.3333333333333333,0.2222222222222222,3.0,2.0,0.8545275529046911,0.8545275529046911,-0.6695577365309063,1.096715780909619,6.657064790121387,,,,,,0.003,50.0
W1,TEXTBOOK,TEXTBOOK_INVESTOR,STRICT_OOS_COST_GRID,9,10.67288961038961,0.3333333333333333,10.327404415486392,20.654808830972783,0.7556881757757671,-0.060731908112269965,2.510118696133713,-0.12152708440320596,4.846006513149877,-0.40487938741513313,1.1734497770717585,-0.08900957225418357,13.183411034947477,0.3333333333333333,0.3333333333333333,0.15000000000000002,3.737940549850464,18.0,0.3333333333333333,0.3333333333333333,0.3333333333333333,0.3333333333333333,3.0,3.0,0.8460864893338316,0.8460864893338316,-0.6419653519734283,1.1204602276741193,6.801193581981904,,,,,,0.0045,0.0
W1,TEXTBOOK,TEXTBOOK_INVESTOR,STRICT_OOS_COST_GRID,9,10.67288961038961,0.3333333333333333,9.89665223977688,19.793304479553765,0.7469091823803768,-0.0654389808897648,2.492589425828807,-0.12593093934383826,4.7255703282358645,-0.4301808415868147,1.1682936930368117,-0.09128136883210326,12.798818729216164,0.3333333333333333,0.3333333333333333,0.15211970074812967,3.8002398014068604,18.0,0.3333333333333333,0.3333333333333333,0.3333333333333333,0.2222222222222222,3.0,2.0,0.8510164170990757,0.8510164170990757,-0.6588034300184482,1.1074435982575606,6.722182641423392,,,,,,0.0045,25.0
W1,TEXTBOOK,TEXTBOOK_INVESTOR,STRICT_OOS_COST_GRID,9,10.67288961038961,0.3333333333333333,9.496940284192402,18.993880568384803,0.7381738655690432,-0.07012263539473479,2.4751473658239247,-0.13031288455839785,4.608889013287796,-0.4546661198174743,1.163176323430032,-0.09354186293948606,12.434821018932583,0.3333333333333333,0.3333333333333333,0.15422885572139297,3.8625385761260986,18.0,0.3333333333333333,0.3333333333333333,0.3333333333333333,0.2222222222222222,3.0,2.0,0.85603820603765,0.85603820603765,-0.6755577365309063,1.0944917281913324,6.643564790121388,,,,,,0.0045,50.0
W1,TEXTBOOK,TEXTBOOK_INVESTOR,STRICT_OOS_COST_GRID,9,10.67288961038961,0.3333333333333333,10.109157641654978,20.218315283309956,0.7531881757757671,-0.06323190811226997,2.5076186961337132,-0.12402708440320598,4.8298051699316575,-0.42154605408179985,1.1734497770717585,-0.08900957225418357,13.183411034947477,0.3333333333333333,0.3333333333333333,0.15000000000000002,3.737940549850464,18.0,0.3333333333333333,0.3333333333333333,0.3333333333333333,0.3333333333333333,3.0,3.0,0.8485260369856045,0.8485260369856045,-0.6519653519734283,1.1167534731436415,6.778693581981904,,,,,,0.007,0.0
W1,TEXTBOOK,TEXTBOOK_INVESTOR,STRICT_OOS_COST_GRID,9,10.67288961038961,0.3333333333333333,9.694273975378639,19.388547950757278,0.7444091823803769,-0.0679389808897648,2.4900894258288075,-0.12843093934383826,4.70958788681512,-0.4466152678163229,1.1682936930368117,-0.09128136883210326,12.798818729216164,0.3333333333333333,0.3333333333333333,0.15211970074812967,3.8002398014068604,18.0,0.3333333333333333,0.3333333333333333,0.3333333333333333,0.2222222222222222,3.0,2.0,0.8535012914245844,0.8535012914245844,-0.6688034300184482,1.1037368437270827,6.699682641423392,,,,,,0.007,25.0
W1,TEXTBOOK,TEXTBOOK_INVESTOR,STRICT_OOS_COST_GRID,9,10.67288961038961,0.3333333333333333,9.308763129591924,18.617526259183848,0.735673865569043,-0.07262263539473479,2.472647365823925,-0.13281288455839788,4.593118577796214,-0.47087579723682915,1.163176323430032,-0.09354186293948606,12.434821018932583,0.3333333333333333,0.3333333333333333,0.15422885572139297,3.8625385761260986,18.0,0.3333333333333333,0.3333333333333333,0.3333333333333333,0.2222222222222222,3.0,2.0,0.8585696507776042,0.8585696507776042,-0.6855577365309063,1.0907849736608546,6.6210647901213875,,,,,,0.007,50.0
W1,TEXTBOOK,TEXTBOOK_INVESTOR,STRICT_OOS_COST_GRID,9,10.67288961038961,0.3333333333333333,9.858601053077859,19.717202106155717,0.750188175775767,-0.06623190811226996,2.504618696133713,-0.12702708440320598,4.810363558069794,-0.44154605408179975,1.1734497770717585,-0.08900957225418357,13.183411034947477,0.3333333333333333,0.3333333333333333,0.15000000000000002,3.737940549850464,18.0,0.3333333333333333,0.3333333333333333,0.3333333333333333,0.2222222222222222,3.0,2.0,0.8514749568020704,0.8514749568020704,-0.6639653519734283,1.112305367707068,6.751693581981903,,,,,,0.01,0.0
W1,TEXTBOOK,TEXTBOOK_INVESTOR,STRICT_OOS_COST_GRID,9,10.67288961038961,0.3333333333333333,9.461582783496278,18.923165566992555,0.7414091823803768,-0.07093898088976479,2.4870894258288074,-0.13143093934383826,4.690408957110226,-0.46633657929173267,1.1682936930368117,-0.09128136883210326,12.798818729216164,0.3333333333333333,0.3333333333333333,0.15211970074812967,3.8002398014068604,18.0,0.3333333333333333,0.3333333333333333,0.3333333333333333,0.2222222222222222,3.0,2.0,0.8565052608841882,0.8565052608841882,-0.6808034300184482,1.0992887382905092,6.672682641423391,,,,,,0.01,25.0
W1,TEXTBOOK,TEXTBOOK_INVESTOR,STRICT_OOS_COST_GRID,9,10.67288961038961,0.3333333333333333,9.09209525242801,18.184190504856016,0.732673865569043,-0.07562263539473478,2.469647365823925,-0.13581288455839788,4.574194055206316,-0.49032741014005493,1.163176323430032,-0.09354186293948606,12.434821018932583,0.3333333333333333,0.3333333333333333,0.15422885572139297,3.8625385761260986,18.0,0.3333333333333333,0.3333333333333333,0.3333333333333333,0.2222222222222222,3.0,2.0,0.8616301879748166,0.8616301879748166,-0.6975577365309064,1.0863368682242813,6.594064790121387,,,,,,0.01,50.0
W2,MODERNIZED,MODERN,STRICT_OOS_COST_GRID,4,6.990430622009569,0.25,4.2702095623026155,12.810628686907847,0.16448623511803057,-0.043374603133852496,0.8591384505323311,-0.06706450335340293,3.997827716564258,-0.32611780876814117,0.381819455152691,-0.06066725915559815,6.293665816901473,0.25,0.25,0.07977028711007006,2.5,11.0,0.25,0.25,0.25,0.25,1.0,1.0,1.3057908005430334,1.3057908005430334,0.0,0.7310499338579136,0.6579449404721223,,,,,,0.003,0.0
W2,MODERNIZED,MODERN,STRICT_OOS_COST_GRID,4,6.990430622009569,0.25,3.9491669224671813,11.847500767401543,0.15866336112741705,-0.048160764714232196,0.8498509769635915,-0.07173251081797442,3.707954708408438,-0.394002600567406,0.37879388369046857,-0.06300973481855168,6.01167239921381,0.25,0.25,0.08206512429932168,2.6419551372528076,11.0,0.25,0.25,0.25,0.25,1.0,1.0,1.3390788064188077,1.3390788064188077,0.0,0.7051704938996313,0.6346534445096682,,,,,,0.003,25.0
W2,MODERNIZED,MODERN,STRICT_OOS_COST_GRID,4,6.990430622009569,0.25,3.6686719385296653,11.006015815588995,0.15286945665914484,-0.05292311454545584,0.8406097097310147,-0.07637729436481178,3.4450269258903234,-0.45526378689813285,0.376438088530954,-0.0653405563737294,5.761170541276618,0.25,0.25,0.0843485443881293,2.783910036087036,11.0,0.25,0.25,0.25,0.25,1.0,1.0,1.3747182205359274,1.3747182205359274,0.0,0.679419807373977,0.6114778266365793,,,,,,0.003,50.0
W2,MODERNIZED,MODERN,STRICT_OOS_COST_GRID,4,6.990430622009569,0.25,4.169496890209568,12.508490670628705,0.16298623511803056,-0.0448746031338525,0.8576384505323311,-0.06856450335340293,3.9748183997413373,-0.3499457678805592,0.381819455152691,-0.06066725915559815,6.293665816901473,0.25,0.25,0.07977028711007006,2.5,11.0,0.25,0.25,0.25,0.25,1.0,1.0,1.3155074873520005,1.3155074873520005,0.0,0.724383267191247,0.6519449404721223,,,,,,0.0045,0.0
W2,MODERNIZED,MODERN,STRICT_OOS_COST_GRID,4,6.990430622009569,0.25,3.8614497281234352,11.584349184370303,0.15716336112741708,-0.0496607647142322,0.8483509769635915,-0.07323251081797442,3.6859316394627264,-0.41670863271014824,0.37879388369046857,-0.06300973481855168,6.01167239921381,0.25,0.25,0.08206512429932168,2.6419551372528076,11.0,0.25,0.25,0.25,0.25,1.0,1.0,1.3494732024021294,1.3494732024021294,0.0,0.6985038272329648,0.6286534445096683,,,,,,0.0045,25.0
W2,MODERNIZED,MODERN,STRICT_OOS_COST_GRID,4,6.990430622009569,0.25,3.591589035781738,10.774767107345214,0.15136945665914486,-0.05442311454545584,0.8391097097310147,-0.07787729436481178,3.423894666173845,-0.47696607832876614,0.376438088530954,-0.0653405563737294,5.761170541276618,0.25,0.25,0.0843485443881293,2.783910036087036,11.0,0.25,0.25,0.25,0.25,1.0,1.0,1.3858636482069988,1.3858636482069988,0.0,0.6727531407073105,0.6054778266365795,,,,,,0.0045,50.0
W2,MODERNIZED,MODERN,STRICT_OOS_COST_GRID,4,6.990430622009569,0.25,4.011090442156649,12.033271326469949,0.16048623511803056,-0.0473746031338525,0.8551384505323311,-0.07106450335340293,3.9364695383698023,-0.3896590330679226,0.381819455152691,-0.06066725915559815,6.293665816901473,0.25,0.25,0.07977028711007006,2.5,11.0,0.25,0.25,0.25,0.25,1.0,1.0,1.3321056006819127,1.3321056006819127,0.0,0.7132721560801359,0.6419449404721222,,,,,,0.007,0.0
W2,MODERNIZED,MODERN,STRICT_OOS_COST_GRID,4,6.990430622009569,0.25,3.7229760720888727,11.168928216266618,0.15466336112741705,-0.0521607647142322,0.8458509769635915,-0.07573251081797443,3.649226524553207,-0.4545520196147187,0.37879388369046857,-0.06300973481855168,6.01167239921381,0.25,0.25,0.08206512429932168,2.6419551372528076,11.0,0.25,0.25,0.25,0.25,1.0,1.0,1.3672452395928956,1.3672452395928956,0.0,0.6873927161218535,0.6186534445096682,,,,,,0.007,25.0
W2,MODERNIZED,MODERN,STRICT_OOS_COST_GRID,4,6.990430622009569,0.25,3.4695109539013975,10.408532861704193,0.14886945665914483,-0.056923114545455844,0.8366097097310147,-0.08037729436481178,3.3886742333130466,-0.5131365640464883,0.376438088530954,-0.0653405563737294,5.761170541276618,0.25,0.25,0.0843485443881293,2.783910036087036,11.0,0.25,0.25,0.25,0.25,1.0,1.0,1.4049384751341856,1.4049384751341856,0.0,0.6616420295961992,0.5954778266365793,,,,,,0.007,50.0
W2,MODERNIZED,MODERN,STRICT_OOS_COST_GRID,4,6.990430622009569,0.25,3.835118542847733,11.505355628543198,0.15748623511803056,-0.05037460313385249,0.8521384505323311,-0.07406450335340294,3.8904509047239606,-0.4373149512927585,0.381819455152691,-0.06066725915559815,6.293665816901473,0.25,0.25,0.07977028711007006,2.5,11.0,0.25,0.25,0.25,0.25,1.0,1.0,1.3527189374577442,1.3527189374577442,0.0,0.6999388227468024,0.6299449404721222,,,,,,0.01,0.0
W2,MODERNIZED,MODERN,STRICT_OOS_COST_GRID,4,6.990430622009569,0.25,3.568415673978357,10.70524702193507,0.15166336112741705,-0.05516076471423219,0.8428509769635915,-0.07873251081797443,3.605180386661784,-0.49996408390020314,0.37879388369046857,-0.06300973481855168,6.01167239921381,0.25,0.25,0.08206512429932168,2.6419551372528076,11.0,0.25,0.25,0.25,0.25,1.0,1.0,1.3893450776412084,1.3893450776412084,0.0,0.6740593827885202,0.6066534445096682,,,,,,0.01,25.0
W2,MODERNIZED,MODERN,STRICT_OOS_COST_GRID,4,6.990430622009569,0.25,3.3326807419280167,9.998042225784049,0.14586945665914483,-0.05992311454545583,0.8336097097310147,-0.08337729436481178,3.346409713880089,-0.556541146907755,0.376438088530954,-0.0653405563737294,5.761170541276618,0.25,0.25,0.0843485443881293,2.783910036087036,11.0,0.25,0.25,0.25,0.25,1.0,1.0,1.428691325832045,1.428691325832045,0.0,0.6483086962628659,0.5834778266365793,,,,,,0.01,50.0
W2,TEXTBOOK,TEXTBOOK_TRADER,STRICT_OOS_COST_GRID,34,37.51812688821752,0.5,2.943981053216357,2.943981053216357,0.08179122911634046,-0.00119352292746244,0.2477306334229846,-0.08414817519030363,0.5351372738538276,-0.007956819516416266,0.3525446846851609,-0.0640164219106707,5.507097619062592,0.17647058823529413,0.17647058823529413,0.15,4.14587693620097,6.0,0.17647058823529413,0.14705882352941177,0.14705882352941177,0.11764705882352941,5.0,4.0,0.42341879810793015,0.7502440778456005,-0.7759999745916972,0.23408264225215283,2.7809017899555757,,,,,,0.003,0.0
W2,TEXTBOOK,TEXTBOOK_TRADER,STRICT_OOS_COST_GRID,34,37.51812688821752,0.47058823529411764,2.7180868795565405,3.0578477395011086,0.07646623805921987,-0.0061900639602430725,0.25706732112950564,-0.0840680580032564,0.49145404822798633,-0.04069205980422086,0.3502705649505393,-0.06635054554680365,5.279090956433185,0.17647058823529413,0.17647058823529413,0.15211970074812967,4.2176244258880615,6.0,0.17647058823529413,0.14705882352941177,0.14705882352941177,0.11764705882352941,5.0,4.0,0.4487220076417331,0.7946391854821913,-0.9142970432791983,0.21865871270088105,2.5998520940134755,,,,,,0.003,25.0
W2,TEXTBOOK,TEXTBOOK_TRADER,STRICT_OOS_COST_GRID,34,37.51812688821752,0.4411764705882353,2.5180161336408253,3.1894871026117118,0.07132100605904489,-0.011161746579925465,0.26815582777666336,-0.08407490582328549,0.4508684207993774,-0.0723713245988716,0.34700311872727096,-0.06867305662753292,5.052973258629467,0.17647058823529413,0.17647058823529413,0.15422885572139294,4.301709413528442,6.0,0.17647058823529413,0.14705882352941177,0.14705882352941177,0.11764705882352941,5.0,4.0,0.4766311779837067,0.8435907310381673,-1.0466950036686309,0.2037743030258425,2.424914206007526,,,,,,0.003,50.0
W2,TEXTBOOK,TEXTBOOK_TRADER,STRICT_OOS_COST_GRID,34,37.51812688821752,0.47058823529411764,2.8732421382041284,3.2323974054796443,0.08029122911634048,-0.0026935229274624396,0.261700980084552,-0.08096188285540314,0.5246946602149594,-0.017956819516416263,0.3525446846851609,-0.0640164219106707,5.507097619062592,0.17647058823529413,0.17647058823529413,0.15,4.14587693620097,6.0,0.17647058823529413,0.14705882352941177,0.14705882352941177,0.11764705882352941,5.0,4.0,0.43077963386306223,0.7631611901387498,-0.8194999745916973,0.2297897129592236,2.7299017899555764,,,,,,0.0045,0.0
W2,TEXTBOOK,TEXTBOOK_TRADER,STRICT_OOS_COST_GRID,34,37.51812688821752,0.47058823529411764,2.6548569339562538,2.986714050700786,0.07496623805921987,-0.007690063960243073,0.2555673211295057,-0.0855680580032564,0.4811674622831223,-0.05055271554192577,0.3502705649505393,-0.06635054554680365,5.279090956433185,0.17647058823529413,0.17647058823529413,0.15211970074812967,4.2176244258880615,6.0,0.17647058823529413,0.14705882352941177,0.14705882352941177,0.11764705882352941,5.0,4.0,0.4571119893279812,0.8093621262710001,-0.9577970432791982,0.21436939394562454,2.548852094013476,,,,,,0.0045,25.0
W2,TEXTBOOK,TEXTBOOK_TRADER,STRICT_OOS_COST_GRID,34,37.51812688821752,0.4411764705882353,2.4600407881929183,3.116051665044363,0.0698210060590449,-0.012661746579925467,0.2666558277766633,-0.08557490582328549,0.4407324043799465,-0.08209713105048452,0.34700311872727096,-0.06867305662753292,5.052973258629467,0.17647058823529413,0.17647058823529413,0.15422885572139294,4.301709413528442,6.0,0.17647058823529413,0.14705882352941177,0.11764705882352941,0.11764705882352941,5.0,4.0,0.4862390189155522,0.8604502818937382,-1.090195003668631,0.1994885887401283,2.3739142060075267,,,,,,0.0045,50.0
W2,TEXTBOOK,TEXTBOOK_TRADER,STRICT_OOS_COST_GRID,34,37.51812688821752,0.47058823529411764,2.7605520424866956,3.1056210477975323,0.07779122911634045,-0.00519352292746244,0.259200980084552,-0.08346188285540314,0.5072903041501791,-0.03462348618308293,0.3525446846851609,-0.0640164219106707,5.507097619062592,0.17647058823529413,0.17647058823529413,0.15,4.14587693620097,6.0,0.17647058823529413,0.14705882352941177,0.14705882352941177,0.11764705882352941,5.0,4.0,0.443678513136358,0.7857967002318484,-0.8919999745916973,0.2226348308043414,2.6449017899555756,,,,,,0.007,0.0
W2,TEXTBOOK,TEXTBOOK_TRADER,STRICT_OOS_COST_GRID,34,37.51812688821752,0.4411764705882353,2.5535933193255644,3.2345515378123815,0.07246623805921987,-0.010190063960243072,0.26998383548707217,-0.08346870727855826,0.4640231523750156,-0.06698714177143396,0.3502705649505393,-0.06635054554680365,5.279090956433185,0.17647058823529413,0.17647058823529413,0.15211970074812967,4.2176244258880615,6.0,0.17647058823529413,0.14705882352941177,0.14705882352941177,0.11764705882352941,5.0,4.0,0.4718671441447865,0.8352548253043725,-1.0302970432791985,0.2072205293535303,2.4638520940134754,,,,,,0.007,25.0
W2,TEXTBOOK,TEXTBOOK_TRADER,STRICT_OOS_COST_GRID,34,37.51812688821752,0.4411764705882353,2.3678035487082885,2.9992178283638316,0.06732100605904488,-0.015161746579925466,0.2641558277766633,-0.08807490582328549,0.42383904368089476,-0.09830680846983936,0.34700311872727096,-0.06867305662753292,5.052973258629467,0.17647058823529413,0.17647058823529413,0.15422885572139294,4.301709413528442,6.0,0.17647058823529413,0.14705882352941177,0.11764705882352941,0.11764705882352941,5.0,4.0,0.5032035327037526,0.8902191014423833,-1.162695003668631,0.19234573159727109,2.288914206007526,,,,,,0.007,50.0
W2,TEXTBOOK,TEXTBOOK_TRADER,STRICT_OOS_COST_GRID,34,37.51812688821752,0.47058823529411764,2.633926037679045,2.9631667923889253,0.07479122911634045,-0.00819352292746244,0.256200980084552,-0.08646188285540315,0.4864050768724428,-0.05462348618308294,0.3525446846851609,-0.0640164219106707,5.507097619062592,0.17647058823529413,0.17647058823529413,0.15,4.14587693620097,6.0,0.17647058823529413,0.14705882352941177,0.14705882352941177,0.11764705882352941,5.0,4.0,0.4602954381418049,0.81495679745485,-0.9789999745916972,0.21404897221848276,2.5429017899555753,,,,,,0.01,0.0
W2,TEXTBOOK,TEXTBOOK_TRADER,STRICT_OOS_COST_GRID,34,37.51812688821752,0.4117647058823529,2.4370755710468766,3.481536530066967,0.06946623805921985,-0.013190063960243073,0.28609749235152954,-0.0821756399453969,0.4434499804852875,-0.0867084532468438,0.3502705649505393,-0.06635054554680365,5.279090956433185,0.17647058823529413,0.17647058823529413,0.15211970074812967,4.2176244258880615,6.0,0.17647058823529413,0.14705882352941177,0.14705882352941177,0.11764705882352941,5.0,4.0,0.49097521988634507,0.868786134221549,-1.1172970432791982,0.19864189184301723,2.361852094013475,,,,,,0.01,25.0
W2,TEXTBOOK,TEXTBOOK_TRADER,STRICT_OOS_COST_GRID,34,37.51812688821752,0.4411764705882353,2.2638030931147926,2.867483917945404,0.06432100605904488,-0.018161746579925468,0.26115582777666335,-0.09107490582328548,0.4035670108420328,-0.11775842137306518,0.34700311872727096,-0.06867305662753292,5.052973258629467,0.17647058823529413,0.17647058823529413,0.15422885572139294,4.301709413528442,6.0,0.17647058823529413,0.14705882352941177,0.11764705882352941,0.11764705882352941,5.0,4.0,0.5253016836979834,0.9289962734567989,-1.2496950036686307,0.18377430302584252,2.186914206007526,,,,,,0.01,50.0
W3,MODERNIZED,MODERN_NOVOL,STRICT_OOS_COST_GRID,42,28.355822550831796,0.14285714285714285,0.29726880079573936,1.7836128047744362,-0.03137773715069179,-0.041437220413771625,0.09291370033837339,-0.05209297673220264,-0.5096914590925385,-1.0387566636567045,0.08853157370156857,-0.03862538053189221,2.2920569967840136,0.5714285714285714,0.5714285714285714,0.058552291064162834,1.2337891298632775,6.0,0.023809523809523808,0.023809523809523808,0.023809523809523808,0.0,1.0,0.0,,,-1.8692562532683867,-0.23449554454253652,-1.317864960329055,,,,,,0.003,0.0
W3,MODERNIZED,MODERN_NOVOL,STRICT_OOS_COST_GRID,42,28.355822550831796,0.14285714285714285,0.24959953894429937,1.4975972336657961,-0.03755779996430642,-0.05127757512439063,0.08744779659603759,-0.05839206605769709,-0.6263087780129988,-1.073108880120607,0.08629203405517176,-0.0412992259741145,2.08943465694146,0.6190476190476191,0.6190476190476191,0.060900040961758405,1.2850539239664238,6.5,0.023809523809523808,0.023809523809523808,0.023809523809523808,0.0,1.0,0.0,,,-2.1010563413507293,-0.278205925661529,-1.5774275985008697,,,,,,0.003,25.0
W3,MODERNIZED,MODERN_NOVOL,STRICT_OOS_COST_GRID,42,28.355822550831796,0.11904761904761904,0.21828326867025832,1.6152961881599115,-0.04229267189102174,-0.05602437957270351,0.09920086298002692,-0.061413419846568854,-0.6870866954516208,-1.1015950453420915,0.08411094742691319,-0.04338791541435889,1.9385800544609095,0.6190476190476191,0.6190476190476191,0.06323611051160474,1.3308321653356239,6.5,0.023809523809523808,0.023809523809523808,0.023809523809523808,0.0,1.0,0.0,,,-2.272296534323048,-0.31383254760122137,-1.776292219422913,,,,,,0.003,50.0
W3,MODERNIZED,MODERN_NOVOL,STRICT_OOS_COST_GRID,42,28.355822550831796,0.14285714285714285,0.28428383068163376,1.7057029840898026,-0.03287773715069179,-0.04293722041377162,0.09141370033837341,-0.053592976732202646,-0.5427732386743188,-1.0581349954850567,0.08853157370156857,-0.03862538053189221,2.2920569967840136,0.5714285714285714,0.5714285714285714,0.058552291064162834,1.2337891298632775,6.0,0.023809523809523808,0.023809523809523808,0.023809523809523808,0.0,1.0,0.0,,,-1.9247562532683868,-0.24570550895534793,-1.3808649603290553,,,,,,0.0045,0.0
W3,MODERNIZED,MODERN_NOVOL,STRICT_OOS_COST_GRID,42,28.355822550831796,0.11904761904761904,0.2393300527110687,1.7710423900619083,-0.039057799964306424,-0.05277757512439062,0.10322574856997191,-0.05828530652299269,-0.6571588201629206,-1.093729483789864,0.08629203405517176,-0.0412992259741145,2.08943465694146,0.6190476190476191,0.6190476190476191,0.060900040961758405,1.2850539239664238,6.5,0.023809523809523808,0.023809523809523808,0.023809523809523808,0.0,1.0,0.0,,,-2.156556341350729,-0.2893170367726402,-1.6404275985008698,,,,,,0.0045,25.0
W3,MODERNIZED,MODERN_NOVOL,STRICT_OOS_COST_GRID,42,28.355822550831796,0.11904761904761904,0.20985696460030076,1.5529415380422256,-0.043792671891021734,-0.0575243795727035,0.09770086298002692,-0.06291341984656885,-0.7160580016815463,-1.1215816163437335,0.08411094742691319,-0.04338791541435889,1.9385800544609095,0.6190476190476191,0.6190476190476191,0.06323611051160474,1.3308321653356239,6.5,0.023809523809523808,0.023809523809523808,0.023809523809523808,0.0,1.0,0.0,,,-2.3277965343230473,-0.3249632896506913,-1.8392922194229129,,,,,,0.0045,50.0
W3,MODERNIZED,MODERN_NOVOL,STRICT_OOS_COST_GRID,42,28.355822550831796,0.14285714285714285,0.264185481315134,1.5851128878908036,-0.03537773715069179,-0.04543722041377162,0.08891370033837338,-0.05609297673220264,-0.5979095379772866,-1.0904322151989774,0.08853157370156857,-0.03862538053189221,2.2920569967840136,0.5714285714285714,0.5714285714285714,0.058552291064162834,1.2337891298632775,6.0,0.023809523809523808,0.023809523809523808,0.023809523809523808,0.0,1.0,0.0,,,-2.017256253268387,-0.2643887829767002,-1.4858649603290552,,,,,,0.007,0.0
W3,MODERNIZED,MODERN_NOVOL,STRICT_OOS_COST_GRID,42,28.355822550831796,0.11904761904761904,0.22392891346927846,1.6570739596726605,-0.041557799964306426,-0.055277575124390625,0.10072574856997189,-0.06078530652299269,-0.708575557079457,-1.1280971565719584,0.08629203405517176,-0.0412992259741145,2.08943465694146,0.6190476190476191,0.6190476190476191,0.060900040961758405,1.2850539239664238,6.5,0.023809523809523808,0.023809523809523808,0.023809523809523808,0.0,1.0,0.0,,,-2.2490563413507294,-0.3078355552911587,-1.7454275985008698,,,,,,0.007,25.0
W3,MODERNIZED,MODERN_NOVOL,STRICT_OOS_COST_GRID,42,28.355822550831796,0.11904761904761904,0.19667189873214116,1.4553720506178445,-0.046292671891021736,-0.060024379572703505,0.09520086298002692,-0.06541341984656886,-0.7643435120647558,-1.1548925680131372,0.08411094742691319,-0.04338791541435889,1.9385800544609095,0.6190476190476191,0.6190476190476191,0.06323611051160474,1.3308321653356239,6.5,0.023809523809523808,0.023809523809523808,0.0,0.0,1.0,0.0,,,-2.4202965343230476,-0.34351452639980795,-1.9442922194229129,,,,,,0.007,50.0
W3,MODERNIZED,MODERN_NOVOL,STRICT_OOS_COST_GRID,42,28.355822550831796,0.11904761904761904,0.24263586311390078,1.7955053870428659,-0.03837773715069179,-0.048437220413771624,0.1032782585878663,-0.05752043927752395,-0.6640730971408475,-1.1291888788556819,0.08853157370156857,-0.03862538053189221,2.2920569967840136,0.5714285714285714,0.5714285714285714,0.058552291064162834,1.2337891298632775,6.0,0.023809523809523808,0.023809523809523808,0.023809523809523808,0.0,1.0,0.0,,,-2.1282562532683866,-0.286808711802323,-1.6118649603290551,,,,,,0.01,0.0
W3,MODERNIZED,MODERN_NOVOL,STRICT_OOS_COST_GRID,42,28.355822550831796,0.11904761904761904,0.20704113469181123,1.5321043967194032,-0.044557799964306415,-0.05827757512439063,0.09772574856997189,-0.06378530652299266,-0.7702756413793006,-1.1693383639104717,0.08629203405517176,-0.0412992259741145,2.08943465694146,0.6190476190476191,0.6190476190476191,0.060900040961758405,1.2850539239664238,6.5,0.023809523809523808,0.023809523809523808,0.023809523809523808,0.0,1.0,0.0,,,-2.3600563413507287,-0.33005777751338083,-1.8714275985008695,,,,,,0.01,25.0
W3,MODERNIZED,MODERN_NOVOL,STRICT_OOS_COST_GRID,42,28.355822550831796,0.11904761904761904,0.1821218133273439,1.3477014186223448,-0.049292671891021725,-0.0630243795727035,0.09220086298002692,-0.06841341984656885,-0.822286124524607,-1.1948657100164213,0.08411094742691319,-0.04338791541435889,1.9385800544609095,0.6190476190476191,0.6190476190476191,0.06323611051160474,1.3308321653356239,6.5,0.023809523809523808,0.023809523809523808,0.0,0.0,1.0,0.0,,,-2.531296534323047,-0.3657760104987478,-2.0702922194229125,,,,,,0.01,50.0
W3,TEXTBOOK,TEXTBOOK_NOVOL,STRICT_OOS_COST_GRID,0,,,,,,,,,,,,,,,,,,,,,,,,,,,,,,,,,,,0.003,0.0
W3,TEXTBOOK,TEXTBOOK_NOVOL,STRICT_OOS_COST_GRID,0,,,,,,,,,,,,,,,,,,,,,,,,,,,,,,,,,,,0.003,25.0
W3,TEXTBOOK,TEXTBOOK_NOVOL,STRICT_OOS_COST_GRID,0,,,,,,,,,,,,,,,,,,,,,,,,,,,,,,,,,,,0.003,50.0
W3,TEXTBOOK,TEXTBOOK_NOVOL,STRICT_OOS_COST_GRID,0,,,,,,,,,,,,,,,,,,,,,,,,,,,,,,,,,,,0.0045,0.0
W3,TEXTBOOK,TEXTBOOK_NOVOL,STRICT_OOS_COST_GRID,0,,,,,,,,,,,,,,,,,,,,,,,,,,,,,,,,,,,0.0045,25.0
W3,TEXTBOOK,TEXTBOOK_NOVOL,STRICT_OOS_COST_GRID,0,,,,,,,,,,,,,,,,,,,,,,,,,,,,,,,,,,,0.0045,50.0
W3,TEXTBOOK,TEXTBOOK_NOVOL,STRICT_OOS_COST_GRID,0,,,,,,,,,,,,,,,,,,,,,,,,,,,,,,,,,,,0.007,0.0
W3,TEXTBOOK,TEXTBOOK_NOVOL,STRICT_OOS_COST_GRID,0,,,,,,,,,,,,,,,,,,,,,,,,,,,,,,,,,,,0.007,25.0
W3,TEXTBOOK,TEXTBOOK_NOVOL,STRICT_OOS_COST_GRID,0,,,,,,,,,,,,,,,,,,,,,,,,,,,,,,,,,,,0.007,50.0
W3,TEXTBOOK,TEXTBOOK_NOVOL,STRICT_OOS_COST_GRID,0,,,,,,,,,,,,,,,,,,,,,,,,,,,,,,,,,,,0.01,0.0
W3,TEXTBOOK,TEXTBOOK_NOVOL,STRICT_OOS_COST_GRID,0,,,,,,,,,,,,,,,,,,,,,,,,,,,,,,,,,,,0.01,25.0
W3,TEXTBOOK,TEXTBOOK_NOVOL,STRICT_OOS_COST_GRID,0,,,,,,,,,,,,,,,,,,,,,,,,,,,,,,,,,,,0.01,50.0
