engine,variant,exit,window,n,trades_per_year,win_rate,pf,payoff,ev,median_ret,avg_winner,avg_loser,avg_r,median_r,mfe_mean,mae_mean,mfe_mae_ratio,stop_rate,first_exit_stop_rate,stop_dist_pct_med,stop_dist_atr_med,median_hold,ge10,ge20,ge30,ge40,n_ge20,n_ge40,top1pct_share,top5pct_share,pnl_ex_top5,pnl_per_100_slot_days,total_pnl_slots,executability,plain_tick_ok,exempt_proxy,margin_eligible_proxy,executable,n_plc,ev_signal,n_control,ev_control,placebo_p
S1,MODERNIZED,MODERN_NOVOL,PRE_2020_2022,153,51.03493150684932,0.32679738562091504,1.0201994348228738,2.10161083573512,0.0009544174341117165,-0.04283922986828245,0.14750462942832343,-0.07018646217472892,-0.023014285845559087,-0.7411808726334539,0.1331767077607099,-0.05053368298870212,2.635404741635087,0.41830065359477125,0.41830065359477125,0.07703963559086659,2.5996344089508057,29.0,0.21568627450980393,0.0718954248366013,0.026143790849673203,0.013071895424836602,11.0,2.0,5.917664787975644,18.58847828536193,-1.792499894322769,0.0026406124307250026,0.14602586741909263,THEORETICAL,,,,,153.0,0.0009544174341117165,304.0,-0.00925460020894922,0.14492753623188406
S1,MODERNIZED,MODERN_NOVOL,DISCOVERY,15,7.50513698630137,0.0,0.0,,-0.057920793535370475,-0.05496542037379602,,-0.057920793535370475,-1.182860399430884,-1.1532830157552247,0.015934388410322145,-0.031106119712438884,0.51225895603913,0.8666666666666667,0.8666666666666667,0.045077888535211816,2.647179365158081,9.0,0.0,0.0,0.0,0.0,0.0,0.0,,,-0.6837972851694709,-0.4964639445888898,-0.8688119030305571,THEORETICAL,,,,,15.0,-0.057920793535370475,30.0,-0.019718930082776674,0.9995002498750625
S1,MODERNIZED,MODERN_NOVOL,STRICT_OOS,101,60.475819672131145,0.3069306930693069,0.7154690842992734,1.6155753516435205,-0.012586867400003771,-0.026625076735450615,0.10311901308323652,-0.06382804304258159,-0.1903645835716345,-0.37924332142454714,0.14193280212796594,-0.04355176204464151,3.2589451141490375,0.39603960396039606,0.39603960396039606,0.07128597181092697,2.607576847076416,24.0,0.13861386138613863,0.0297029702970297,0.0,0.0,3.0,0.0,,,-2.3617001472275363,-0.04208121838465346,-1.271273607400381,THEORETICAL,,,,,101.0,-0.012586867400003771,194.0,-0.0056551640892365355,0.7766116941529235
S1,MODERNIZED,MODERN_NOVOL,EXTENDED,104,38.920081967213115,0.2980769230769231,0.6855022506931621,1.6142472355032527,-0.014101839230784136,-0.035495886188203554,0.10311901308323652,-0.06388055733673811,-0.21868371325961058,-0.5182262421677825,0.13830054372065664,-0.04299893190458926,3.2163716072653394,0.41346153846153844,0.41346153846153844,0.07106798962181143,2.607692003250122,24.0,0.1346153846153846,0.028846153846153848,0.0,0.0,3.0,0.0,,,-2.5570178198287055,-0.04811651181107448,-1.4665912800015501,THEORETICAL,,,,,,,,,
S1,MODERNIZED,MODERN_NOVOL,FULL_2023_2026,116,31.595078299776286,0.2672413793103448,0.5989927354795681,1.6423994359923642,-0.018449013020956362,-0.040139680643501804,0.10311901308323652,-0.0627855872471914,-0.31870455976033046,-0.8091419787870404,0.12563990380240858,-0.04194241174306358,2.9955336038392417,0.45689655172413796,0.45689655172413796,0.06927629296070265,2.6096558570861816,22.0,0.1206896551724138,0.02586206896551724,0.0,0.0,3.0,0.0,,,-3.2305120502580933,-0.06696137391836476,-2.140085510430938,THEORETICAL,,,,,,,,,
S1,MODERNIZED,MODERN_NOVOL,Y2020,5,5.0,0.2,0.3319294586817038,1.3277178347268153,-0.07394553200803658,-0.08654017118778021,0.18369841875473514,-0.13835651969872953,-0.3368037908985284,-1.157529803568525,0.12825939816336593,-0.09172660220901414,1.398279180461801,0.8,0.8,0.07703963559086659,2.5840651988983154,14.0,0.2,0.0,0.0,0.0,0.0,0.0,,,0.0,-0.46215957505022864,-0.3697276600401829,THEORETICAL,,,,,,,,,
S1,MODERNIZED,MODERN_NOVOL,Y2021,12,12.0,0.0,0.0,,-0.0695718856856669,-0.0687633947510009,,-0.0695718856856669,-1.0184424931854654,-1.072715019856605,0.02484471715164807,-0.05524344213593315,0.4497315190917077,0.5833333333333334,0.5833333333333334,0.063704828933352,2.627224326133728,14.5,0.0,0.0,0.0,0.0,0.0,0.0,,,-0.6350619696496392,-0.4216477920343449,-0.8348626282280028,THEORETICAL,,,,,,,,,
S1,MODERNIZED,MODERN_NOVOL,Y2022,136,136.0,0.3602941176470588,1.2312335853274945,2.1860677943569797,0.009931001144759399,-0.036295941929473975,0.1467659806665599,-0.06713697582728917,0.07635399366432116,-0.5253997882993461,0.14291619625552948,-0.04860367044555262,2.9404404018340293,0.3897058823529412,0.3897058823529412,0.07850320711502107,2.599397301673889,33.0,0.23529411764705882,0.08088235294117647,0.029411764705882353,0.014705882352941176,11.0,2.0,0.3383832750220901,1.8267117227642502,-0.5879096060545823,0.02571622535581261,1.3506161556872782,THEORETICAL,,,,,,,,,
S1,MODERNIZED,MODERN_NOVOL,Y2023,12,12.0,0.0,0.0,,-0.05612451920244898,-0.0542954621326332,,-0.05612451920244898,-1.185551896099903,-1.1645374448205477,0.015914357844258303,-0.03278590367650769,0.4854024461635178,0.8333333333333334,0.8333333333333334,0.0429448945386329,2.655374765396118,10.0,0.0,0.0,0.0,0.0,0.0,0.0,,,-0.4855235777680345,-0.45506366920904573,-0.6734942304293877,THEORETICAL,,,,,,,,,
S1,MODERNIZED,MODERN_NOVOL,Y2024,3,3.0,0.0,0.0,,-0.06510589086705647,-0.06026632293731492,,-0.06510589086705647,-1.1720944127548074,-1.1532830157552247,0.016014510674577525,-0.02438698385616367,0.6566827111147634,1.0,1.0,0.05225631706528658,2.6259429454803467,6.0,0.0,0.0,0.0,0.0,0.0,0.0,,,0.0,-0.7233987874117385,-0.1953176726011694,THEORETICAL,,,,,,,,,
S1,MODERNIZED,MODERN_NOVOL,Y2025,101,101.0,0.3069306930693069,0.7154690842992734,1.6155753516435205,-0.012586867400003771,-0.026625076735450615,0.10311901308323652,-0.06382804304258159,-0.1903645835716345,-0.37924332142454714,0.14193280212796594,-0.04355176204464151,3.2589451141490375,0.39603960396039606,0.39603960396039606,0.07128597181092697,2.607576847076416,24.0,0.13861386138613863,0.0297029702970297,0.0,0.0,3.0,0.0,,,-2.3617001472275363,-0.04208121838465346,-1.271273607400381,THEORETICAL,,,,,,,,,
S1,TEXTBOOK,TEXTBOOK_NOVOL,PRE_2020_2022,152,50.7013698630137,0.3092105263157895,0.6005561512033818,1.3416679973692571,-0.030630163141139935,-0.06887833722126438,0.1489336804325955,-0.11100635978843103,-0.2711244856882778,-0.6096436094783152,0.192470433162103,-0.08339724010265924,2.30787533166779,0.42105263157894735,0.4144736842105263,0.15288220551378423,4.806813955307007,124.5,0.1513157894736842,0.09210526315789473,0.05263157894736842,0.02631578947368421,14.0,4.0,,,-6.808737073484611,-0.024782608774669417,-4.65578479745327,THEORETICAL,,,,,152.0,-0.030630163141139935,304.0,-0.031875546759527716,0.44427786106946526
S1,TEXTBOOK,TEXTBOOK_NOVOL,DISCOVERY,16,8.005479452054795,0.0625,0.21820539417347304,3.273080912602096,-0.06658169793030713,-0.08028723318123093,0.2973361142856598,-0.09084288541137162,-0.6423920910956459,-1.0957734387429143,0.07248289861436413,-0.07499398329698331,0.9665161847361134,0.6875,0.6875,0.09521200589088774,5.444278240203857,26.5,0.0625,0.0625,0.0,0.0,1.0,0.0,,,-1.2555525131297711,-0.0891470432539677,-1.0653071668849141,THEORETICAL,,,,,16.0,-0.06658169793030713,32.0,-0.030642794870548426,0.9295352323838081
S1,TEXTBOOK,TEXTBOOK_NOVOL,STRICT_OOS,103,61.6733606557377,0.33980582524271846,0.5821462367828945,1.1310269743210521,-0.034629506047499814,-0.09670452237645272,0.1419787191039713,-0.12553079840487463,-0.2694111021546063,-0.9980276549669765,0.20468281326627336,-0.08329023969907624,2.4574645721489436,0.49514563106796117,0.47572815533980584,0.14433370454452193,4.830505847930908,97.0,0.17475728155339806,0.07766990291262135,0.038834951456310676,0.02912621359223301,8.0,3.0,,,-5.685085386311616,-0.031541222292014684,-3.5668391228924805,THEORETICAL,,,,,103.0,-0.034629506047499814,198.0,-0.034627280323174775,0.5157421289355323
S1,TEXTBOOK,TEXTBOOK_NOVOL,EXTENDED,107,40.04277663934427,0.32710280373831774,0.5624848856201222,1.1571117647042517,-0.036123491818017356,-0.0906054803781737,0.1419787191039713,-0.1227009554606507,-0.2849276502565885,-0.9980276549669765,0.1982977003158914,-0.08251960544557575,2.403037426623118,0.4953271028037383,0.4766355140186916,0.14433370454452193,4.830505847930908,89.0,0.16822429906542055,0.07476635514018691,0.037383177570093455,0.028037383177570093,8.0,3.0,,,-5.983459887946992,-0.03394856286090077,-3.865213624527857,THEORETICAL,,,,,,,,,
S1,TEXTBOOK,TEXTBOOK_NOVOL,FULL_2023_2026,119,32.41219239373602,0.3025210084033613,0.5320467629577776,1.2266633701526541,-0.03892559907375962,-0.0906054803781737,0.14629420230346266,-0.11926189846628976,-0.31955980655004,-1.0525636319706184,0.18690803482568052,-0.0821747766534167,2.274518318607553,0.5210084033613446,0.5042016806722689,0.1368681294154357,4.941987991333008,87.0,0.15966386554621848,0.07563025210084033,0.03361344537815126,0.025210084033613446,9.0,3.0,,,-6.774844161322572,-0.037046797214998956,-4.632146289777395,THEORETICAL,,,,,,,,,
S1,TEXTBOOK,TEXTBOOK_NOVOL,Y2020,6,6.0,0.3333333333333333,0.12716119035064663,0.25432238070129326,-0.1014953294023263,-0.15434765998180203,0.04435962319439822,-0.17442280570068858,-0.6641240902597875,-1.103771478102546,0.2059937148615021,-0.11355305818373414,1.8140745670468394,0.6666666666666666,0.6666666666666666,0.15288220551378434,4.170717716217041,51.5,0.0,0.0,0.0,0.0,0.0,0.0,,,-0.21155313678417764,-0.13082104756476,-0.6089719764139578,THEORETICAL,,,,,,,,,
S1,TEXTBOOK,TEXTBOOK_NOVOL,Y2021,13,13.0,0.0,0.0,,-0.1208523134885265,-0.12414975507045509,,-0.1208523134885265,-1.097284243114826,-1.1036415605185212,0.03470925613045704,-0.08893802282375719,0.39026341072634546,0.8461538461538461,0.8461538461538461,0.10122921935056395,4.5639978219156685,34.0,0.0,0.0,0.0,0.0,0.0,0.0,,,-1.2285813809935098,-0.20947734338011262,-1.5710800753508445,THEORETICAL,,,,,,,,,
S1,TEXTBOOK,TEXTBOOK_NOVOL,Y2022,133,133.0,0.3383458646616541,0.7362565198134993,1.4397905276352874,-0.01861453192246968,-0.05389320872524009,0.15358141630984873,-0.10666927817763248,-0.17264272272606596,-0.4280086720789424,0.20728062572762931,-0.08149524699092449,2.543468893967676,0.3684210526315789,0.3609022556390977,0.15288220551378426,4.838254928588867,152.0,0.17293233082706766,0.10526315789473684,0.06015037593984962,0.03007518796992481,14.0,4.0,,,-4.628685021719812,-0.014089879606672743,-2.4757327456884677,THEORETICAL,,,,,,,,,
S1,TEXTBOOK,TEXTBOOK_NOVOL,Y2023,12,12.0,0.08333333333333333,0.27938066022712477,3.0731872624983723,-0.0639110554374615,-0.09898904007910528,0.2973361142856598,-0.09675170723047252,-0.6283632001666506,-1.0957734387429143,0.08535018420463407,-0.07910005325666518,1.0790155087214464,0.75,0.75,0.09182994031384478,5.444278240203857,36.0,0.08333333333333333,0.08333333333333333,0.0,0.0,1.0,0.0,,,-0.8673085517180978,-0.06859862837652399,-0.7669326652495381,THEORETICAL,,,,,,,,,
S1,TEXTBOOK,TEXTBOOK_NOVOL,Y2024,4,4.0,0.0,0.0,,-0.07459362540884398,-0.056772265800583935,,-0.07459362540884398,-0.6844787638826318,-0.7642237199669011,0.033881041843554394,-0.06267577341793773,0.5405763662081541,0.5,0.5,0.139931156715417,5.360900402069092,21.0,0.0,0.0,0.0,0.0,0.0,0.0,,,0.0,-0.3874993527732155,-0.29837450163537593,THEORETICAL,,,,,,,,,
S1,TEXTBOOK,TEXTBOOK_NOVOL,Y2025,103,103.0,0.33980582524271846,0.5821462367828945,1.1310269743210521,-0.034629506047499814,-0.09670452237645272,0.1419787191039713,-0.12553079840487463,-0.2694111021546063,-0.9980276549669765,0.20468281326627336,-0.08329023969907624,2.4574645721489436,0.49514563106796117,0.47572815533980584,0.14433370454452193,4.830505847930908,97.0,0.17475728155339806,0.07766990291262135,0.038834951456310676,0.02912621359223301,8.0,3.0,,,-5.685085386311616,-0.031541222292014684,-3.5668391228924805,THEORETICAL,,,,,,,,,
S2,MODERNIZED,MODERN_NOVOL,PRE_2020_2022,41,13.676027397260276,0.3170731707317073,0.9355041235506995,2.014931958416891,-0.002084582700693701,-0.02920088834334012,0.09536156967813153,-0.04732743916229113,-0.1370578247177733,-0.7652158208619761,0.095614988927525,-0.03197501577004539,2.9903031046226523,0.2682926829268293,0.2682926829268293,0.05629496151556729,2.2165640536519318,21.0,0.12195121951219512,0.024390243902439025,0.024390243902439025,0.0,1.0,0.0,,,-0.9739771640870036,-0.007092771014808443,-0.08546789072844174,THEORETICAL,,,,,41.0,-0.002084582700693701,82.0,-0.00827881658243008,0.33383308345827084
S2,MODERNIZED,MODERN_NOVOL,DISCOVERY,4,2.0013698630136987,0.25,0.749635917005511,2.248907751016533,-0.008873857414459101,-0.0342987260587081,0.1062798171479034,-0.04725841560191327,-0.2669242415539578,-1.0734114177525949,0.06019567321444533,-0.02031477568084661,2.96314732489021,0.5,0.5,0.04495469107444721,2.3214164739600474,8.0,0.25,0.0,0.0,0.0,0.0,0.0,,,0.0,-0.04276557790100771,-0.035495429657836405,THEORETICAL,,,,,4.0,-0.008873857414459101,8.0,-0.040485600117152895,
S2,MODERNIZED,MODERN_NOVOL,STRICT_OOS,42,25.148360655737704,0.2857142857142857,0.48151461631502956,1.2037865407875739,-0.018387201797429843,-0.030911548988713074,0.05976633756741686,-0.04964861754336853,-0.38831154575058235,-0.7895573360125498,0.06989715462575405,-0.027743046913621453,2.5194476599264775,0.47619047619047616,0.47619047619047616,0.04977376348667551,1.8374252825964474,8.0,0.09523809523809523,0.0,0.0,0.0,0.0,0.0,,,-1.3935884302324095,-0.09862866864521755,-0.7722624754920534,THEORETICAL,,,,,42.0,-0.018387201797429843,84.0,-0.01681015106732985,0.5242378810594702
S2,MODERNIZED,MODERN_NOVOL,EXTENDED,44,16.466188524590166,0.29545454545454547,0.5344163571077241,1.2743774669491879,-0.0163048261281203,-0.030911548988713074,0.06334429753514659,-0.049706071535296735,-0.34613543300534316,-0.7895573360125498,0.07135772542489255,-0.027067318423754486,2.63630568450654,0.4772727272727273,0.4772727272727273,0.048101606400553554,1.8607846404056714,8.0,0.11363636363636363,0.0,0.0,0.0,0.0,0.0,,,-1.3767812754769457,-0.08410461308760764,-0.7174123496372932,THEORETICAL,,,,,,,,,
S2,MODERNIZED,MODERN_NOVOL,FULL_2023_2026,46,12.529082774049217,0.2826086956521739,0.5048178143029372,1.2814606055382252,-0.017559954459780213,-0.030911548988713074,0.06334429753514659,-0.04943132645778167,-0.3777561279943541,-0.9514520777111157,0.06905354754650982,-0.02709711028468451,2.5483731224852932,0.4782608695652174,0.4782608695652174,0.048101606400553554,1.8607846404056714,8.0,0.10869565217391304,0.0,0.0,0.0,0.0,0.0,,,-1.4671268309895422,-0.0932745848902875,-0.8077579051498899,THEORETICAL,,,,,,,,,
S2,MODERNIZED,MODERN_NOVOL,Y2020,2,2.0,0.0,0.0,,-0.014479423527426963,-0.014479423527426963,,-0.014479423527426963,-0.9911521320746536,-0.9911521320746536,0.09468403763868383,-0.013152320773409665,7.199036525181824,0.5,0.5,0.046840171938070094,1.3044185758852942,25.0,0.0,0.0,0.0,0.0,0.0,0.0,,,0.0,-0.06033093136427901,-0.028958847054853926,THEORETICAL,,,,,,,,,
S2,MODERNIZED,MODERN_NOVOL,Y2021,3,3.0,0.0,0.0,,-0.046246451796185195,-0.026513627460178678,,-0.046246451796185195,-1.1980380375319704,-1.1109654246876501,0.027722876670520202,-0.028057865918479735,0.9880607723718967,0.6666666666666666,0.6666666666666666,0.03134818211260965,1.9318690496624666,16.0,0.0,0.0,0.0,0.0,0.0,0.0,,,0.0,-0.3226496636943153,-0.13873935538855559,THEORETICAL,,,,,,,,,
S2,MODERNIZED,MODERN_NOVOL,Y2022,36,36.0,0.3611111111111111,1.0710431415326145,1.8949224811730871,0.00228417532541577,-0.03651740365652047,0.09536156967813153,-0.05032478670003227,-0.001193123241207979,-0.7375609880412931,0.1013243844649888,-0.033347150201933407,3.038472068870047,0.2222222222222222,0.2222222222222222,0.05742521520086602,2.2444649041095754,25.0,0.1388888888888889,0.027777777777777776,0.027777777777777776,0.0,1.0,0.0,4.361908673138162,6.308791991255769,-0.8062789616435942,0.007381536060589563,0.08223031171496772,THEORETICAL,,,,,,,,,
S2,MODERNIZED,MODERN_NOVOL,Y2023,2,2.0,0.0,0.0,,-0.04517277775629838,-0.04517277775629838,,-0.04517277775629838,-1.0734114177525949,-1.0734114177525949,0.018361634222089473,-0.027752531225144983,0.6616201626125204,0.5,0.5,0.0408708662085674,1.6731929726573118,7.5,0.0,0.0,0.0,0.0,0.0,0.0,,,0.0,-0.6949658116353598,-0.09034555551259676,THEORETICAL,,,,,,,,,
S2,MODERNIZED,MODERN_NOVOL,Y2024,2,2.0,0.5,2.0665070016096587,2.0665070016096587,0.02742506292738018,0.02742506292738018,0.1062798171479034,-0.05142969129314304,0.5395629346446792,0.5395629346446792,0.10202971220680118,-0.012877020136548234,7.923394630502681,0.5,0.5,0.04495469107444721,2.5496676174338617,36.0,0.5,0.0,0.0,0.0,0.0,0.0,1.9376403516251828,1.9376403516251828,0.0,0.07835732264965765,0.05485012585476036,THEORETICAL,,,,,,,,,
S2,MODERNIZED,MODERN_NOVOL,Y2025,42,42.0,0.2857142857142857,0.48151461631502956,1.2037865407875739,-0.018387201797429843,-0.030911548988713074,0.05976633756741686,-0.04964861754336853,-0.38831154575058235,-0.7895573360125498,0.06989715462575405,-0.027743046913621453,2.5194476599264775,0.47619047619047616,0.47619047619047616,0.04977376348667551,1.8374252825964474,8.0,0.09523809523809523,0.0,0.0,0.0,0.0,0.0,,,-1.3935884302324095,-0.09862866864521755,-0.7722624754920534,THEORETICAL,,,,,,,,,
S2,TEXTBOOK,TEXTBOOK_NOVOL,PRE_2020_2022,41,13.676027397260276,0.2682926829268293,0.5497617094537609,1.499350116692075,-0.018690727372286286,-0.04080367978588973,0.08506471195809187,-0.05673438846009161,-0.38757969197301234,-1.1337811317703153,0.14703343431506932,-0.03837239193267438,3.83175056100345,0.5365853658536586,0.5365853658536586,0.06180679327832891,2.2738270648170773,40.0,0.07317073170731707,0.024390243902439025,0.0,0.0,1.0,0.0,,,-1.462711596342221,-0.025216183687520165,-0.7663198222637377,THEORETICAL,,,,,41.0,-0.018690727372286286,82.0,-0.024829268604335767,0.30434782608695654
S2,TEXTBOOK,TEXTBOOK_NOVOL,DISCOVERY,4,2.0013698630136987,0.25,1.2658801497513175,3.797640449253952,0.011385655967936281,-0.03894977994229386,0.21683267284434418,-0.05709668299086635,-0.011013055762246649,-1.1475757004683806,0.14542433840706764,-0.029954258259265565,4.854880302772459,0.75,0.75,0.050710431740521617,2.700521369529545,12.0,0.25,0.25,0.0,0.0,1.0,0.0,4.761093112574664,4.761093112574664,0.0,0.011094427252556669,0.045542623871745125,THEORETICAL,,,,,4.0,0.011385655967936281,8.0,-0.029173566049817894,
S2,TEXTBOOK,TEXTBOOK_NOVOL,STRICT_OOS,42,25.148360655737704,0.14285714285714285,0.38847924128332284,2.330875447699937,-0.030102763848396486,-0.05125395397601454,0.1338631450456112,-0.05743041533073111,-0.7323931188746072,-1.1425269126320723,0.09763229593466731,-0.034926750308965304,2.7953444013829767,0.7142857142857143,0.6904761904761905,0.053481055422963095,1.8604805757954164,17.0,0.09523809523809523,0.023809523809523808,0.0,0.0,1.0,0.0,,,-1.9885600956984868,-0.05580737504447814,-1.2643160816326524,THEORETICAL,,,,,42.0,-0.030102763848396486,84.0,-0.026647263577822516,0.5807096451774113
S2,TEXTBOOK,TEXTBOOK_NOVOL,EXTENDED,44,16.466188524590166,0.1590909090909091,0.4811928170059169,2.543447747031275,-0.02499420080325456,-0.0509261665719692,0.14571593473114447,-0.057290712931384116,-0.6403697742281367,-1.1425269126320723,0.10551282989545786,-0.03392448984658271,3.1102259863779915,0.7045454545454546,0.6818181818181818,0.053481055422963095,1.8981084591872714,17.0,0.11363636363636363,0.045454545454545456,0.0,0.0,2.0,0.0,,,-1.9495795057363154,-0.04143725830230598,-1.0997448353432007,THEORETICAL,,,,,,,,,
S2,TEXTBOOK,TEXTBOOK_NOVOL,FULL_2023_2026,46,12.529082774049217,0.15217391304347827,0.4556094232887784,2.538395358323194,-0.02649507516871537,-0.0509261665719692,0.14571593473114447,-0.05740474361227996,-0.6696644177344019,-1.1425269126320723,0.10178812571487604,-0.03449435969594793,2.950862883442163,0.717391304347826,0.6956521739130435,0.053481055422963095,1.8981084591872714,14.5,0.10869565217391304,0.043478260869565216,0.0,0.0,2.0,0.0,,,-2.068608128154022,-0.04554459857103539,-1.218773457760907,THEORETICAL,,,,,,,,,
S2,TEXTBOOK,TEXTBOOK_NOVOL,Y2020,2,2.0,0.5,3.3746560602045688,3.3746560602045688,0.02050510540914419,0.02050510540914419,0.05828016898425347,-0.01726995816596509,-0.7071227404598255,-0.7071227404598255,0.2238796615271743,-0.025795202634399494,8.67912009454878,0.5,0.5,0.07254240785129507,2.0244185160431933,163.0,0.0,0.0,0.0,0.0,0.0,0.0,1.4211136158866953,1.4211136158866953,0.0,0.017340469690608196,0.04101021081828838,THEORETICAL,,,,,,,,,
S2,TEXTBOOK,TEXTBOOK_NOVOL,Y2021,3,3.0,0.0,0.0,,-0.04217375224857428,-0.023391698186317908,,-0.04217375224857428,-0.8656336762595984,-0.7169570187796149,0.027722876670520202,-0.0387817113315693,0.7148440777535537,0.3333333333333333,0.3333333333333333,0.06582243756228334,3.6974615968561237,17.0,0.0,0.0,0.0,0.0,0.0,0.0,,,0.0,-0.17572396770239285,-0.12652125674572284,THEORETICAL,,,,,,,,,
S2,TEXTBOOK,TEXTBOOK_NOVOL,Y2022,36,36.0,0.2777777777777778,0.5630913180376651,1.4640374268979295,-0.018911354898230644,-0.04444213122974111,0.08774316625547571,-0.05993232457273309,-0.32998946836652937,-1.1364624810588995,0.15270674594033148,-0.03903701472155952,3.9118448741418224,0.5555555555555556,0.5555555555555556,0.06153071619648152,2.2730964096921484,41.5,0.08333333333333333,0.027777777777777776,0.0,0.0,1.0,0.0,,,-1.3772005504147866,-0.024933483843116763,-0.6808087763363032,THEORETICAL,,,,,,,,,
S2,TEXTBOOK,TEXTBOOK_NOVOL,Y2023,2,2.0,0.0,0.0,,-0.059514311208853254,-0.059514311208853254,,-0.059514311208853254,-1.3141465748722359,-1.3141465748722359,0.019844633742076512,-0.047031496381982896,0.42194349039846224,1.0,1.0,0.05063534190171809,2.0304796667557747,12.0,0.0,0.0,0.0,0.0,0.0,0.0,,,0.0,-0.5410391928077568,-0.11902862241770651,THEORETICAL,,,,,,,,,
S2,TEXTBOOK,TEXTBOOK_NOVOL,Y2024,2,2.0,0.5,4.149000269186969,4.149000269186969,0.08228562314472582,0.08228562314472582,0.21683267284434418,-0.05226142655489255,1.2921204633477426,1.2921204633477426,0.2710040430720588,-0.012877020136548234,21.045555586488593,0.5,0.5,0.050710431740521617,2.894690971959532,310.0,0.5,0.5,0.0,0.0,1.0,0.0,1.3175611033714478,1.3175611033714478,0.0,0.04236068115558601,0.16457124628945163,THEORETICAL,,,,,,,,,
S2,TEXTBOOK,TEXTBOOK_NOVOL,Y2025,42,42.0,0.14285714285714285,0.38847924128332284,2.330875447699937,-0.030102763848396486,-0.05125395397601454,0.1338631450456112,-0.05743041533073111,-0.7323931188746072,-1.1425269126320723,0.09763229593466731,-0.034926750308965304,2.7953444013829767,0.7142857142857143,0.6904761904761905,0.053481055422963095,1.8604805757954164,17.0,0.09523809523809523,0.023809523809523808,0.0,0.0,1.0,0.0,,,-1.9885600956984868,-0.05580737504447814,-1.2643160816326524,THEORETICAL,,,,,,,,,
S_POOLED,MODERNIZED,ENGINE_DEFAULT,PRE_2020_2022,194,64.71095890410959,0.3247422680412371,1.0070791828127619,2.0940852848963774,0.00031215451902397536,-0.038292609835186356,0.13674495043225207,-0.06530056412626895,-0.04711627086494458,-0.7534546335488809,0.1252384063578203,-0.046611490432181886,2.6868569358458485,0.3865979381443299,0.3865979381443299,0.07121980685266774,2.5877422094345093,28.5,0.1958762886597938,0.061855670103092786,0.02577319587628866,0.010309278350515464,12.0,2.0,14.269501409761709,54.500368686503165,-1.938181355480335,0.0008991533287401814,0.060557976690651216,THEORETICAL,,,,,,,,,
S_POOLED,MODERNIZED,ENGINE_DEFAULT,DISCOVERY,19,9.506506849315068,0.05263157894736842,0.10516640466398118,1.8929952839516613,-0.04759512277307335,-0.05362550389147037,0.1062798171479034,-0.05614373054646095,-0.9900317346146889,-1.1394560846346953,0.025252553632242814,-0.028834257811051037,0.8757830285669604,0.7894736842105263,0.7894736842105263,0.045077888535211816,2.643475294113159,9.0,0.05263157894736842,0.0,0.0,0.0,0.0,0.0,,,-0.8917983596603027,-0.35050671809627665,-0.9043073326883937,THEORETICAL,,,,,,,,,
S_POOLED,MODERNIZED,ENGINE_DEFAULT,STRICT_OOS,143,85.62418032786886,0.3006993006993007,0.6569764168243155,1.5278521321495708,-0.014290462118128911,-0.028518439194153273,0.09102059200905428,-0.05957421539281769,-0.2485028521836331,-0.531960986724634,0.12077547908535824,-0.03890864291525101,3.104078426698812,0.4195804195804196,0.4195804195804196,0.06753126242303072,2.591097593307495,20.0,0.1258741258741259,0.02097902097902098,0.0,0.0,3.0,0.0,,,-3.1379862754678864,-0.05372071721588944,-2.0435360828924343,THEORETICAL,,,,,,,,,
S_POOLED,MODERNIZED,ENGINE_DEFAULT,EXTENDED,148,55.38627049180328,0.2972972972972973,0.6479780509326893,1.5315844840227202,-0.014756781281343537,-0.03428841803034225,0.09136739258039177,-0.05965547022284693,-0.2565747650759095,-0.6453977114685803,0.11839862476786193,-0.03826250627515189,3.0943771408082426,0.43243243243243246,0.43243243243243246,0.06661603092437768,2.5913881063461304,19.5,0.12837837837837837,0.02027027027027027,0.0,0.0,3.0,0.0,,,-3.2784538222142943,-0.05598573775029078,-2.1840036296388434,THEORETICAL,,,,,,,,,
S_POOLED,MODERNIZED,ENGINE_DEFAULT,FULL_2023_2026,162,44.124161073825505,0.2716049382716049,0.5769460764042282,1.5472644776295212,-0.018196564293708816,-0.036599045418958455,0.09136739258039177,-0.059050921094220894,-0.33547228901196685,-0.8626743199271031,0.10957217301369657,-0.03772707923019051,2.9043375540721197,0.46296296296296297,0.46296296296296297,0.06502925801442205,2.5935075283050537,17.5,0.11728395061728394,0.018518518518518517,0.0,0.0,3.0,0.0,,,-4.042293608156279,-0.072571231304304,-2.947843415580828,THEORETICAL,,,,,,,,,
S_POOLED,MODERNIZED,ENGINE_DEFAULT,Y2020,7,7.0,0.14285714285714285,0.315424405064565,1.8925464303873898,-0.056955215299290984,-0.07789000476798755,0.18369841875473514,-0.09706415430829535,-0.5237604598059927,-1.157529803568525,0.11866643801345676,-0.06927680751312715,1.7129316761741777,0.7142857142857143,0.7142857142857143,0.07703963559086659,2.3618753108955652,14.0,0.14285714285714285,0.0,0.0,0.0,0.0,0.0,,,-0.3889959028391503,-0.3114738336679976,-0.3986865070950369,THEORETICAL,,,,,,,,,
S_POOLED,MODERNIZED,ENGINE_DEFAULT,Y2021,15,15.0,0.0,0.0,,-0.06490679890777057,-0.06596763250700986,,-0.06490679890777057,-1.0543616020547664,-1.075129454798333,0.025420349055422498,-0.049806326892442465,0.5103839339591963,0.6,0.6,0.06201681337425483,2.5996344089508057,16.0,0.0,0.0,0.0,0.0,0.0,0.0,,,-0.8243659305786272,-0.4039842255670367,-0.9736019836165585,THEORETICAL,,,,,,,,,
S_POOLED,MODERNIZED,ENGINE_DEFAULT,Y2022,172,172.0,0.36046511627906974,1.2047395305846285,2.137441102650147,0.00833050271745492,-0.036295941929473975,0.13598763642705072,-0.06362169991886273,0.060123201753861606,-0.5885444152947834,0.1342109333226256,-0.04541044527828348,2.955507978399167,0.3546511627906977,0.3546511627906977,0.07331003145202622,2.5872210264205933,31.0,0.21511627906976744,0.06976744186046512,0.029069767441860465,0.011627906976744186,12.0,2.0,0.603087737185295,2.144737657103497,-0.56589286476874,0.02250779873393412,1.4328464674022463,THEORETICAL,,,,,,,,,
S_POOLED,MODERNIZED,ENGINE_DEFAULT,Y2023,14,14.0,0.0,0.0,,-0.05455998471014175,-0.0542954621326332,,-0.05455998471014175,-1.169531827764573,-1.1379512010114299,0.01626396875537704,-0.03206685046917016,0.5071894656762007,0.7857142857142857,0.7857142857142857,0.0429448945386329,2.64532732963562,10.0,0.0,0.0,0.0,0.0,0.0,0.0,,,-0.6042976451898328,-0.47443464965340654,-0.7638397859419845,THEORETICAL,,,,,,,,,
S_POOLED,MODERNIZED,ENGINE_DEFAULT,Y2024,5,5.0,0.2,0.4307232120762412,1.7228928483049648,-0.028093509349281807,-0.05142969129314304,0.1062798171479034,-0.06168684097357811,-0.4874314737950128,-1.1532830157552247,0.05042059128746699,-0.019782998368317494,2.548682982667362,0.8,0.8,0.04678432888573463,2.6259429454803467,6.0,0.2,0.0,0.0,0.0,0.0,0.0,,,0.0,-0.14481190386227738,-0.14046754674640904,THEORETICAL,,,,,,,,,
S_POOLED,MODERNIZED,ENGINE_DEFAULT,Y2025,143,143.0,0.3006993006993007,0.6569764168243155,1.5278521321495708,-0.014290462118128911,-0.028518439194153273,0.09102059200905428,-0.05957421539281769,-0.2485028521836331,-0.531960986724634,0.12077547908535824,-0.03890864291525101,3.104078426698812,0.4195804195804196,0.4195804195804196,0.06753126242303072,2.591097593307495,20.0,0.1258741258741259,0.02097902097902098,0.0,0.0,3.0,0.0,,,-3.1379862754678864,-0.05372071721588944,-2.0435360828924343,THEORETICAL,,,,,,,,,
S_POOLED,TEXTBOOK,ENGINE_DEFAULT,PRE_2020_2022,193,64.37739726027398,0.3005181347150259,0.5940839478020498,1.382781602642702,-0.028093806319777245,-0.05427832995039129,0.1368206002046724,-0.09894592171546672,-0.2958636745881437,-0.6697318858196514,0.18281801371791445,-0.0738323759836469,2.4761225855498235,0.44559585492227977,0.44041450777202074,0.14290882711906736,4.388571739196777,100.0,0.13471502590673576,0.07772020725388601,0.04145077720207254,0.02072538860103627,15.0,4.0,,,-7.57505689574835,-0.024842980090797502,-5.422104619717008,THEORETICAL,,,,,,,,,
S_POOLED,TEXTBOOK,ENGINE_DEFAULT,DISCOVERY,20,10.006849315068493,0.1,0.3351963067925599,3.016766761133039,-0.05098822715065845,-0.06953948724044781,0.257084393565002,-0.08521851834128738,-0.516116284028966,-1.1040795475272018,0.08707118657290483,-0.06598603828943976,1.3195395394246525,0.7,0.7,0.09151991705382198,4.878936529159546,25.0,0.1,0.1,0.0,0.0,2.0,0.0,,,-1.4949362913755244,-0.06351694444180435,-1.019764543013169,THEORETICAL,,,,,,,,,
S_POOLED,TEXTBOOK,ENGINE_DEFAULT,STRICT_OOS,145,86.82172131147541,0.2827586206896552,0.5443849159363683,1.3808788111556658,-0.03331831175534574,-0.06496747801249793,0.14079107411982103,-0.10195758887920955,-0.4035162380321237,-1.0697769928253937,0.17367507721160128,-0.06928150484125102,2.506802899410942,0.5586206896551724,0.5379310344827586,0.12006140445504589,4.439500331878662,75.0,0.15172413793103448,0.06206896551724138,0.027586206896551724,0.020689655172413793,9.0,3.0,,,-6.949401467944267,-0.035591242113784685,-4.831155204525133,THEORETICAL,,,,,,,,,
S_POOLED,TEXTBOOK,ENGINE_DEFAULT,EXTENDED,151,56.508965163934434,0.2781456953642384,0.5467540257680183,1.4189568763979525,-0.032880519601795076,-0.06480086124646084,0.14260158837516682,-0.10049747863878958,-0.3885001896920065,-1.0697769928253937,0.17126104933245376,-0.06835943931076982,2.5053021361670544,0.5562913907284768,0.5364238410596026,0.12006140445504589,4.481252670288086,64.0,0.152317880794702,0.06622516556291391,0.026490066225165563,0.019867549668874173,10.0,3.0,,,-7.08320472329019,-0.03536421140262158,-4.964958459871057,THEORETICAL,,,,,,,,,
S_POOLED,TEXTBOOK,ENGINE_DEFAULT,FULL_2023_2026,165,44.941275167785236,0.2606060606060606,0.5179477762394729,1.469526248865481,-0.03546011968205031,-0.06807852434529962,0.14620006572192246,-0.09948788994738499,-0.4171647284559833,-1.0768576302309842,0.1631776359220623,-0.06888205435012237,2.368942643502508,0.5757575757575758,0.5575757575757576,0.11235400470294976,4.4970316886901855,57.0,0.14545454545454545,0.06666666666666667,0.024242424242424242,0.01818181818181818,11.0,3.0,,,-7.9936176190834765,-0.03854487794418987,-5.850919747538302,THEORETICAL,,,,,,,,,
S_POOLED,TEXTBOOK,ENGINE_DEFAULT,Y2020,8,8.0,0.375,0.20560475069971856,0.342674584499531,-0.07099522069945868,-0.08106154466211124,0.048999805124349975,-0.14299223619374388,-0.674873752809797,-1.103771478102546,0.21046520152792014,-0.09161359429640048,2.2973140956242273,0.625,0.625,0.1442999230338231,3.9339898016451103,51.5,0.0,0.0,0.0,0.0,0.0,0.0,,,-0.5528380916444969,-0.08090623441533752,-0.5679617655956695,THEORETICAL,,,,,,,,,
S_POOLED,TEXTBOOK,ENGINE_DEFAULT,Y2021,16,16.0,0.0,0.0,,-0.10610008325603545,-0.0997842913494641,,-0.10610008325603545,-1.0538497618294707,-1.1003838950133589,0.03339930998171888,-0.07953371441897196,0.4199390186377592,0.75,0.75,0.0958443169405308,4.236476946717639,32.5,0.0,0.0,0.0,0.0,0.0,0.0,,,-1.4981059681864015,-0.20652084332075027,-1.6976013320965673,THEORETICAL,,,,,,,,,
S_POOLED,TEXTBOOK,ENGINE_DEFAULT,Y2022,169,169.0,0.3254437869822485,0.7116032859595498,1.474959538170703,-0.01867776048535368,-0.05160488130819109,0.14161082539087178,-0.09600997296949754,-0.20616037268498125,-0.5622215981242129,0.19565542056583807,-0.07245088982111893,2.700524742331127,0.40828402366863903,0.40236686390532544,0.14366863830313056,4.463695526123047,125.0,0.15384615384615385,0.08875739644970414,0.047337278106508875,0.023668639053254437,15.0,4.0,,,-5.309493798056116,-0.01554831673533863,-3.1565415220247717,THEORETICAL,,,,,,,,,
S_POOLED,TEXTBOOK,ENGINE_DEFAULT,Y2023,14,14.0,0.07142857142857142,0.2512775856643806,3.266608613636947,-0.0632829491190889,-0.09148225265743859,0.2973361142856598,-0.09102287707330031,-0.72633225369602,-1.1040795475272018,0.0759922484242687,-0.07451883084599628,1.0197724194213065,0.7857142857142857,0.7857142857142857,0.09151991705382198,5.211049556732178,26.5,0.07142857142857142,0.07142857142857142,0.0,0.0,1.0,0.0,,,-1.0316994909417052,-0.07771590242695127,-0.8859612876672445,THEORETICAL,,,,,,,,,
S_POOLED,TEXTBOOK,ENGINE_DEFAULT,Y2024,6,6.0,0.16666666666666666,0.6183983311792353,3.091991655896176,-0.022300542557654044,-0.04937665242983088,0.21683267284434418,-0.07012718563805369,-0.02561235480584038,-0.7642237199669011,0.11292204225305585,-0.0460761889908079,2.4507678418365626,0.5,0.5,0.09236192718379353,4.654892683029175,21.0,0.16666666666666666,0.16666666666666666,0.0,0.0,1.0,0.0,,,-0.18211233363437881,-0.02874398611083228,-0.13380325534592427,THEORETICAL,,,,,,,,,
S_POOLED,TEXTBOOK,ENGINE_DEFAULT,Y2025,145,145.0,0.2827586206896552,0.5443849159363683,1.3808788111556658,-0.03331831175534574,-0.06496747801249793,0.14079107411982103,-0.10195758887920955,-0.4035162380321237,-1.0697769928253937,0.17367507721160128,-0.06928150484125102,2.506802899410942,0.5586206896551724,0.5379310344827586,0.12006140445504589,4.439500331878662,75.0,0.15172413793103448,0.06206896551724138,0.027586206896551724,0.020689655172413793,9.0,3.0,,,-6.949401467944267,-0.035591242113784685,-4.831155204525133,THEORETICAL,,,,,,,,,
S1,MODERNIZED,MODERN_NOVOL,PRE_2020_2022,56,18.67945205479452,0.30357142857142855,0.8855778272976883,2.031619721447638,-0.00462364602917796,-0.036798245273002746,0.1178800274809982,-0.058022683200280395,-0.1490660008840025,-0.8378336885511457,0.11196720103178061,-0.045450956266714825,2.4634729437756127,0.4107142857142857,0.4107142857142857,0.06341019692560299,2.6258602142333984,33.0,0.17857142857142858,0.03571428571428571,0.017857142857142856,0.0,2.0,0.0,,,-1.3886737255433468,-0.013183512099489092,-0.25892417763396575,EXECUTABLE,,,,,153.0,0.0009544174341117165,304.0,-0.00925460020894922,0.14492753623188406
S1,MODERNIZED,MODERN_NOVOL,DISCOVERY,9,4.5030821917808215,0.0,0.0,,-0.048149513660888495,-0.04264023793320769,,-0.048149513660888495,-1.1851583569125728,-1.1896188050063998,0.01671186190779582,-0.02559128570640386,0.6530293983476535,0.7777777777777778,0.7777777777777778,0.033488795829943734,2.7022318840026855,8.0,0.0,0.0,0.0,0.0,0.0,0.0,,,-0.2483310050869102,-0.4659630354279532,-0.43334562294799644,EXECUTABLE,,,,,15.0,-0.057920793535370475,30.0,-0.019718930082776674,0.9995002498750625
S1,MODERNIZED,MODERN_NOVOL,STRICT_OOS,30,17.96311475409836,0.23333333333333334,0.4074912121974515,1.3388996972201976,-0.022891577411324422,-0.012799999999999947,0.06747181394833554,-0.050393479129481805,-0.2997050469740995,-0.2537544824124143,0.15716573959395294,-0.03511361805679538,4.475919836564303,0.3333333333333333,0.3333333333333333,0.0698167602707685,2.7089600563049316,27.0,0.1,0.0,0.0,0.0,0.0,0.0,,,-1.1397419557369979,-0.08334312164317145,-0.6867473223397327,EXECUTABLE,,,,,101.0,-0.012586867400003771,194.0,-0.0056551640892365355,0.7766116941529235
S1,MODERNIZED,MODERN_NOVOL,EXTENDED,31,11.601178278688526,0.22580645161290322,0.3930319768583953,1.347538206371641,-0.023528630976546464,-0.012879365079365025,0.06747181394833554,-0.050070427412970374,-0.3301642627889486,-0.26475854035174157,0.15218009693484724,-0.034847813544603846,4.366991252982419,0.3548387096774194,0.3548387096774194,0.06753126242303072,2.706197738647461,25.0,0.0967741935483871,0.0,0.0,0.0,0.0,0.0,,,-1.1823821936702055,-0.0879840241583764,-0.7293875602729404,EXECUTABLE,,,,,,,,,
S1,MODERNIZED,MODERN_NOVOL,FULL_2023_2026,39,10.62248322147651,0.1794871794871795,0.29659883819480787,1.3558804031762646,-0.02872033193045459,-0.035344721205670615,0.06747181394833554,-0.04976236384143993,-0.5040404261906704,-0.8416872070397056,0.12475330628176287,-0.03291615674516657,3.790032574203297,0.4358974358974359,0.4358974358974359,0.059727319566429855,2.706197738647461,22.0,0.07692307692307693,0.0,0.0,0.0,0.0,0.0,,,-1.5730875786849945,-0.12214754038034123,-1.120092945287729,EXECUTABLE,,,,,,,,,
S1,MODERNIZED,MODERN_NOVOL,Y2020,4,4.0,0.25,0.5373295051497933,1.6119885154493798,-0.03954363081400132,-0.08221508797788388,0.18369841875473514,-0.11395764733691348,-0.10891461419707393,-1.1404249519911975,0.16032424770420742,-0.07521670024761734,2.1314980207375696,0.75,0.75,0.07216474189495195,2.5903910398483276,16.5,0.25,0.0,0.0,0.0,0.0,0.0,,,0.0,-0.20278785032821192,-0.15817452325600528,EXECUTABLE,,,,,,,,,
S1,MODERNIZED,MODERN_NOVOL,Y2021,5,5.0,0.0,0.0,,-0.05301194293431599,-0.03988629554665214,,-0.05301194293431599,-1.12530225976727,-1.127174009263964,0.018840380501910482,-0.03844025248199832,0.4901211434741093,0.6,0.6,0.044512078539097034,2.6491618156433105,18.0,0.0,0.0,0.0,0.0,0.0,0.0,,,0.0,-0.2850104458834193,-0.26505971467157996,EXECUTABLE,,,,,,,,,
S1,MODERNIZED,MODERN_NOVOL,Y2022,47,47.0,0.3404255319148936,1.0992239276691262,2.1297463598589323,0.00349595872965148,-0.020182623310804285,0.11376637802638964,-0.05341780606866499,-0.04862821901871261,-0.408387796001292,0.11775881626496452,-0.0436635210113951,2.696961068124405,0.3617021276595745,0.3617021276595745,0.06290793249468506,2.6264944076538086,37.0,0.19148936170212766,0.0425531914893617,0.02127659574468085,0.0,2.0,0.0,2.3459368944202796,3.9520879701065996,-0.9215593325318825,0.009163974361049614,0.16431006029361955,EXECUTABLE,,,,,,,,,
S1,MODERNIZED,MODERN_NOVOL,Y2023,8,8.0,0.0,0.0,,-0.0488381731268486,-0.0431748116548161,,-0.0488381731268486,-1.1778105593723414,-1.1645374448205477,0.018474492501060674,-0.02543098664734711,0.7264559868339943,0.75,0.75,0.03308037724357679,2.704970121383667,8.0,0.0,0.0,0.0,0.0,0.0,0.0,,,-0.20273473235343553,-0.44398339206226,-0.3907053850147888,EXECUTABLE,,,,,,,,,
S1,MODERNIZED,MODERN_NOVOL,Y2024,1,1.0,0.0,0.0,,-0.04264023793320769,-0.04264023793320769,,-0.04264023793320769,-1.2439407372344229,-1.2439407372344229,0.0026108171616769926,-0.026873678178857885,0.09715146338735946,1.0,1.0,0.03427835157807205,2.697206497192383,6.0,0.0,0.0,0.0,0.0,0.0,0.0,,,0.0,-0.8528047586641538,-0.04264023793320769,EXECUTABLE,,,,,,,,,
S1,MODERNIZED,MODERN_NOVOL,Y2025,30,30.0,0.23333333333333334,0.4074912121974515,1.3388996972201976,-0.022891577411324422,-0.012799999999999947,0.06747181394833554,-0.050393479129481805,-0.2997050469740995,-0.2537544824124143,0.15716573959395294,-0.03511361805679538,4.475919836564303,0.3333333333333333,0.3333333333333333,0.0698167602707685,2.7089600563049316,27.0,0.1,0.0,0.0,0.0,0.0,0.0,,,-1.1397419557369979,-0.08334312164317145,-0.6867473223397327,EXECUTABLE,,,,,,,,,
S1,TEXTBOOK,TEXTBOOK_NOVOL,PRE_2020_2022,59,19.68013698630137,0.2542372881355932,0.33382623118660465,0.979223611480707,-0.04940556323215624,-0.0692011604684526,0.09737994809436007,-0.09944607845710497,-0.44991773890236986,-0.6455472489033598,0.1583116109336899,-0.07862484185056069,2.013506255880131,0.4406779661016949,0.4406779661016949,0.13670203030420772,5.127978324890137,115.0,0.0847457627118644,0.03389830508474576,0.01694915254237288,0.0,2.0,0.0,,,-3.890835907530213,-0.042578560191311975,-2.914928230697218,EXECUTABLE,,,,,152.0,-0.030630163141139935,304.0,-0.031875546759527716,0.44427786106946526
S1,TEXTBOOK,TEXTBOOK_NOVOL,DISCOVERY,9,4.5030821917808215,0.1111111111111111,0.43212170283448814,3.456973622675905,-0.0434164534766684,-0.07100045013559601,0.2973361142856598,-0.08601052444695942,-0.5427042396208512,-1.1077997755432532,0.10985780122646364,-0.07069430188848977,1.5539838189469461,0.7777777777777778,0.7777777777777778,0.09150913048082959,5.453111171722412,45.0,0.1111111111111111,0.1111111111111111,0.0,0.0,1.0,0.0,,,-0.471311298760257,-0.039529396185130565,-0.3907480812900156,EXECUTABLE,,,,,16.0,-0.06658169793030713,32.0,-0.030642794870548426,0.9295352323838081
S1,TEXTBOOK,TEXTBOOK_NOVOL,STRICT_OOS,29,17.36434426229508,0.3448275862068966,0.5203155424115221,0.988599530581892,-0.041029117234484665,-0.04821717788561802,0.12906287132579974,-0.13055121647673962,-0.20294325806874605,-0.715503625830176,0.20917221403822484,-0.07640221887938999,2.737776691648552,0.4827586206896552,0.4482758620689655,0.15288220551378423,5.491775035858154,99.0,0.13793103448275862,0.06896551724137931,0.034482758620689655,0.034482758620689655,2.0,1.0,,,-2.383064251188962,-0.037576011362705046,-1.1898443998000552,EXECUTABLE,,,,,103.0,-0.034629506047499814,198.0,-0.034627280323174775,0.5157421289355323
S1,TEXTBOOK,TEXTBOOK_NOVOL,EXTENDED,30,11.226946721311476,0.3333333333333333,0.5066204747773394,1.0132409495546786,-0.04189656843654845,-0.05763491559100834,0.12906287132579974,-0.12737628831772257,-0.23492836160362257,-0.8664678507252725,0.20245628539378996,-0.07509016962153367,2.696175630101805,0.5,0.4666666666666667,0.1490098029521119,5.3754966259002686,98.0,0.13333333333333333,0.06666666666666667,0.03333333333333333,0.03333333333333333,2.0,1.0,,,-2.450116904485361,-0.039481609960623644,-1.2568970530964536,EXECUTABLE,,,,,,,,,
S1,TEXTBOOK,TEXTBOOK_NOVOL,FULL_2023_2026,38,10.350111856823267,0.2894736842105263,0.5011633601250478,1.230128247579663,-0.0415945389760545,-0.06953948724044781,0.14436043886760522,-0.11735397439384176,-0.2834129642258236,-1.0532384652556295,0.18565037942491297,-0.07505034380259783,2.473677934283984,0.5526315789473685,0.5263157894736842,0.12382594063919317,5.472443103790283,92.0,0.13157894736842105,0.07894736842105263,0.02631578947368421,0.02631578947368421,3.0,1.0,,,-2.9841497011488465,-0.038040733600242384,-1.580592481090071,EXECUTABLE,,,,,,,,,
S1,TEXTBOOK,TEXTBOOK_NOVOL,Y2020,4,4.0,0.25,0.042625088769207724,0.12787526630762316,-0.11635410173698554,-0.15434765998180203,0.020721679070634574,-0.16204602867285892,-0.7952887542420644,-1.103771478102546,0.19546919237447496,-0.11548821278992955,1.6925466907175108,0.75,0.75,0.14020508378028784,4.701654672622681,51.5,0.0,0.0,0.0,0.0,0.0,0.0,,,0.0,-0.21349376465501935,-0.4654164069479422,EXECUTABLE,,,,,,,,,
S1,TEXTBOOK,TEXTBOOK_NOVOL,Y2021,6,6.0,0.0,0.0,,-0.09635906551883151,-0.09118092391090922,,-0.09635906551883151,-1.2117386397815744,-1.2138533851855433,0.029221795308076448,-0.07386541541216629,0.3956086234000027,0.8333333333333334,0.8333333333333334,0.07149583511676816,5.312405347824097,67.5,0.0,0.0,0.0,0.0,0.0,0.0,,,-0.13388611577818677,-0.109706715960719,-0.5781543931129891,EXECUTABLE,,,,,,,,,
S1,TEXTBOOK,TEXTBOOK_NOVOL,Y2022,49,49.0,0.2857142857142857,0.43486314555739913,1.0871578638934978,-0.038190967972169136,-0.05920537076521222,0.10285553873891189,-0.09460957065660155,-0.3284399946853493,-0.48606791956562934,0.17108525517839485,-0.07619837399082376,2.245261233513958,0.3673469387755102,0.3673469387755102,0.14827228681552573,5.089054584503174,134.0,0.10204081632653061,0.04081632653061224,0.02040816326530612,0.0,2.0,0.0,,,-2.8472651074692816,-0.030672962311691327,-1.8713574306362877,EXECUTABLE,,,,,,,,,
S1,TEXTBOOK,TEXTBOOK_NOVOL,Y2023,8,8.0,0.125,0.47877779797527303,3.351444585826911,-0.04046192849920212,-0.08028723318123093,0.2973361142856598,-0.0887187917541824,-0.46523022405907755,-1.1065564425598002,0.1226282320416243,-0.07490099698158839,1.6372042694140356,0.75,0.75,0.09151991705382198,5.628813743591309,47.5,0.125,0.125,0.0,0.0,1.0,0.0,,,-0.38173728253339123,-0.03331913823917828,-0.32369542799361695,EXECUTABLE,,,,,,,,,
S1,TEXTBOOK,TEXTBOOK_NOVOL,Y2024,1,1.0,0.0,0.0,,-0.06705265329639866,-0.06705265329639866,,-0.06705265329639866,-1.1624963641150412,-1.1624963641150412,0.007694354705178319,-0.03704074114370082,0.20772680209955324,1.0,1.0,0.057679882162421196,4.5385661125183105,18.0,0.0,0.0,0.0,0.0,0.0,0.0,,,0.0,-0.39442737233175684,-0.06705265329639866,EXECUTABLE,,,,,,,,,
S1,TEXTBOOK,TEXTBOOK_NOVOL,Y2025,29,29.0,0.3448275862068966,0.5203155424115221,0.988599530581892,-0.041029117234484665,-0.04821717788561802,0.12906287132579974,-0.13055121647673962,-0.20294325806874605,-0.715503625830176,0.20917221403822484,-0.07640221887938999,2.737776691648552,0.4827586206896552,0.4482758620689655,0.15288220551378423,5.491775035858154,99.0,0.13793103448275862,0.06896551724137931,0.034482758620689655,0.034482758620689655,2.0,1.0,,,-2.383064251188962,-0.037576011362705046,-1.1898443998000552,EXECUTABLE,,,,,,,,,
S2,MODERNIZED,MODERN_NOVOL,PRE_2020_2022,29,9.673287671232877,0.3103448275862069,0.9599539914595369,2.133231092132304,-0.0011359280600822808,-0.024286928904036484,0.08773997358387625,-0.04113008379986362,-0.16107804952218066,-0.7671443505159297,0.09037265317088349,-0.028309996705922026,3.1922523379163406,0.27586206896551724,0.27586206896551724,0.045729086598973276,1.9823324790867902,19.0,0.06896551724137931,0.034482758620689655,0.034482758620689655,0.0,1.0,0.0,,,-0.7279038259559318,-0.004087086072256345,-0.03294191374238614,EXECUTABLE,,,,,41.0,-0.002084582700693701,82.0,-0.00827881658243008,0.33383308345827084
S2,MODERNIZED,MODERN_NOVOL,DISCOVERY,4,2.0013698630136987,0.25,0.749635917005511,2.248907751016533,-0.008873857414459101,-0.0342987260587081,0.1062798171479034,-0.04725841560191327,-0.2669242415539578,-1.0734114177525949,0.06019567321444533,-0.02031477568084661,2.96314732489021,0.5,0.5,0.04495469107444721,2.3214164739600474,8.0,0.25,0.0,0.0,0.0,0.0,0.0,,,0.0,-0.04276557790100771,-0.035495429657836405,EXECUTABLE,,,,,4.0,-0.008873857414459101,8.0,-0.040485600117152895,
S2,MODERNIZED,MODERN_NOVOL,STRICT_OOS,25,14.969262295081966,0.16,0.4023131525823153,2.1121440510571556,-0.02025660010435295,-0.0361721341299897,0.08521913151292684,-0.04034721565050147,-0.5370585025648996,-1.124062657980037,0.050232352801311164,-0.02371085940609568,2.118537837072124,0.52,0.52,0.04484615581471637,1.6195702551817477,6.0,0.08,0.0,0.0,0.0,0.0,0.0,,,-0.8423826709691807,-0.172250000887355,-0.5064150026088238,EXECUTABLE,,,,,42.0,-0.018387201797429843,84.0,-0.01681015106732985,0.5242378810594702
S2,MODERNIZED,MODERN_NOVOL,EXTENDED,27,10.104252049180328,0.18518518518518517,0.49754732977447674,2.189208251007698,-0.016724625064965318,-0.0361721341299897,0.08943126863992215,-0.04085096454334882,-0.45730876647530116,-1.124062657980037,0.05406919423875486,-0.022908352793536608,2.360239285908414,0.5185185185185185,0.5185185185185185,0.04484615581471637,1.8377293472067024,6.0,0.1111111111111111,0.0,0.0,0.0,0.0,0.0,,,-0.8987212199536742,-0.12405628482254492,-0.45156487675406354,EXECUTABLE,,,,,,,,,
S2,MODERNIZED,MODERN_NOVOL,FULL_2023_2026,29,7.898769574944072,0.1724137931034483,0.45209924576509,2.170076379672432,-0.018686566629884837,-0.0361721341299897,0.08943126863992215,-0.041211115644427955,-0.4997986044944248,-1.124062657980037,0.05160660389277794,-0.023242434064682013,2.220361419512281,0.5172413793103449,0.5172413793103449,0.04484615581471637,1.8377293472067024,6.0,0.10344827586206896,0.0,0.0,0.0,0.0,0.0,,,-0.989066775466271,-0.14374282022988336,-0.5419104322666602,EXECUTABLE,,,,,,,,,
S2,MODERNIZED,MODERN_NOVOL,Y2020,2,2.0,0.0,0.0,,-0.014479423527426963,-0.014479423527426963,,-0.014479423527426963,-0.9911521320746536,-0.9911521320746536,0.09468403763868383,-0.013152320773409665,7.199036525181824,0.5,0.5,0.046840171938070094,1.3044185758852942,25.0,0.0,0.0,0.0,0.0,0.0,0.0,,,0.0,-0.06033093136427901,-0.028958847054853926,EXECUTABLE,,,,,,,,,
S2,MODERNIZED,MODERN_NOVOL,Y2021,3,3.0,0.0,0.0,,-0.046246451796185195,-0.026513627460178678,,-0.046246451796185195,-1.1980380375319704,-1.1109654246876501,0.027722876670520202,-0.028057865918479735,0.9880607723718967,0.6666666666666666,0.6666666666666666,0.03134818211260965,1.9318690496624666,16.0,0.0,0.0,0.0,0.0,0.0,0.0,,,0.0,-0.3226496636943153,-0.13873935538855559,EXECUTABLE,,,,,,,,,
S2,MODERNIZED,MODERN_NOVOL,Y2022,24,24.0,0.375,1.205765115231047,2.009608525385078,0.005614845362542641,-0.026743908623688303,0.08773997358387625,-0.04366023157025752,0.037714789191749115,-0.5970010644613006,0.09784459319444554,-0.029604652715395013,3.3050410736135536,0.20833333333333334,0.20833333333333334,0.046326794148987466,2.0732496158148317,26.5,0.08333333333333333,0.041666666666666664,0.041666666666666664,0.0,1.0,0.0,2.6617021982562834,2.6617021982562834,-0.5602056235125223,0.018847033384758512,0.13475628870102338,EXECUTABLE,,,,,,,,,
S2,MODERNIZED,MODERN_NOVOL,Y2023,2,2.0,0.0,0.0,,-0.04517277775629838,-0.04517277775629838,,-0.04517277775629838,-1.0734114177525949,-1.0734114177525949,0.018361634222089473,-0.027752531225144983,0.6616201626125204,0.5,0.5,0.0408708662085674,1.6731929726573118,7.5,0.0,0.0,0.0,0.0,0.0,0.0,,,0.0,-0.6949658116353598,-0.09034555551259676,EXECUTABLE,,,,,,,,,
S2,MODERNIZED,MODERN_NOVOL,Y2024,2,2.0,0.5,2.0665070016096587,2.0665070016096587,0.02742506292738018,0.02742506292738018,0.1062798171479034,-0.05142969129314304,0.5395629346446792,0.5395629346446792,0.10202971220680118,-0.012877020136548234,7.923394630502681,0.5,0.5,0.04495469107444721,2.5496676174338617,36.0,0.5,0.0,0.0,0.0,0.0,0.0,1.9376403516251828,1.9376403516251828,0.0,0.07835732264965765,0.05485012585476036,EXECUTABLE,,,,,,,,,
S2,MODERNIZED,MODERN_NOVOL,Y2025,25,25.0,0.16,0.4023131525823153,2.1121440510571556,-0.02025660010435295,-0.0361721341299897,0.08521913151292684,-0.04034721565050147,-0.5370585025648996,-1.124062657980037,0.050232352801311164,-0.02371085940609568,2.118537837072124,0.52,0.52,0.04484615581471637,1.6195702551817477,6.0,0.08,0.0,0.0,0.0,0.0,0.0,,,-0.8423826709691807,-0.172250000887355,-0.5064150026088238,EXECUTABLE,,,,,,,,,
S2,TEXTBOOK,TEXTBOOK_NOVOL,PRE_2020_2022,29,9.673287671232877,0.27586206896551724,0.6107298740105179,1.6031659192776098,-0.014399315203581686,-0.024286928904036484,0.08189321817184762,-0.05108218506088808,-0.28244609986567837,-0.8863392772817277,0.14909662826414638,-0.0349529699677677,4.265635463928748,0.4827586206896552,0.4827586206896552,0.06180679327832891,2.2165640536519318,46.0,0.06896551724137931,0.034482758620689655,0.0,0.0,1.0,0.0,,,-0.9715745125160403,-0.018112346168027278,-0.41758014090386886,EXECUTABLE,,,,,41.0,-0.018690727372286286,82.0,-0.024829268604335767,0.30434782608695654
S2,TEXTBOOK,TEXTBOOK_NOVOL,DISCOVERY,4,2.0013698630136987,0.25,1.2658801497513175,3.797640449253952,0.011385655967936281,-0.03894977994229386,0.21683267284434418,-0.05709668299086635,-0.011013055762246649,-1.1475757004683806,0.14542433840706764,-0.029954258259265565,4.854880302772459,0.75,0.75,0.050710431740521617,2.700521369529545,12.0,0.25,0.25,0.0,0.0,1.0,0.0,4.761093112574664,4.761093112574664,0.0,0.011094427252556669,0.045542623871745125,EXECUTABLE,,,,,4.0,0.011385655967936281,8.0,-0.029173566049817894,
S2,TEXTBOOK,TEXTBOOK_NOVOL,STRICT_OOS,25,14.969262295081966,0.16,0.516914841554577,2.7138029181615293,-0.021423032233418057,-0.0494572775324953,0.1432703313142533,-0.05279319671868878,-0.7049616954188244,-1.1795341103312666,0.08556625841649028,-0.02811612024837573,3.0433167044600844,0.76,0.76,0.044955913545913856,1.6195702551817477,11.0,0.08,0.04,0.0,0.0,1.0,0.0,,,-1.094924363531564,-0.0437740748537353,-0.5355758058354514,EXECUTABLE,,,,,42.0,-0.030102763848396486,84.0,-0.026647263577822516,0.5807096451774113
S2,TEXTBOOK,TEXTBOOK_NOVOL,EXTENDED,27,10.104252049180328,0.18518518518518517,0.6804215445587729,2.993854796058601,-0.013740909612814801,-0.0494572775324953,0.15798279962027148,-0.05276902534760713,-0.557029683658338,-1.1795341103312666,0.09930239061319905,-0.02698729801786999,3.6795973627091043,0.7407407407407407,0.7407407407407407,0.044955913545913856,1.8838399336046403,11.0,0.1111111111111111,0.07407407407407407,0.0,0.0,2.0,0.0,,,-1.160918557647357,-0.0230151711877171,-0.37100455954599965,EXECUTABLE,,,,,,,,,
S2,TEXTBOOK,TEXTBOOK_NOVOL,FULL_2023_2026,29,7.898769574944072,0.1724137931034483,0.6171457778915561,2.9622997338794694,-0.016897695929782974,-0.0494572775324953,0.15798279962027148,-0.05333113250271099,-0.6092446416730897,-1.1795341103312666,0.09382254531174232,-0.028369656525739848,3.3071442097516033,0.7586206896551724,0.7586206896551724,0.044955913545913856,1.8838399336046403,12.0,0.10344827586206896,0.06896551724137931,0.0,0.0,2.0,0.0,,,-1.2799471800650635,-0.02998979081785228,-0.49003318196370627,EXECUTABLE,,,,,,,,,
S2,TEXTBOOK,TEXTBOOK_NOVOL,Y2020,2,2.0,0.5,3.3746560602045688,3.3746560602045688,0.02050510540914419,0.02050510540914419,0.05828016898425347,-0.01726995816596509,-0.7071227404598255,-0.7071227404598255,0.2238796615271743,-0.025795202634399494,8.67912009454878,0.5,0.5,0.07254240785129507,2.0244185160431933,163.0,0.0,0.0,0.0,0.0,0.0,0.0,1.4211136158866953,1.4211136158866953,0.0,0.017340469690608196,0.04101021081828838,EXECUTABLE,,,,,,,,,
S2,TEXTBOOK,TEXTBOOK_NOVOL,Y2021,3,3.0,0.0,0.0,,-0.04217375224857428,-0.023391698186317908,,-0.04217375224857428,-0.8656336762595984,-0.7169570187796149,0.027722876670520202,-0.0387817113315693,0.7148440777535537,0.3333333333333333,0.3333333333333333,0.06582243756228334,3.6974615968561237,17.0,0.0,0.0,0.0,0.0,0.0,0.0,,,0.0,-0.17572396770239285,-0.12652125674572284,EXECUTABLE,,,,,,,,,
S2,TEXTBOOK,TEXTBOOK_NOVOL,Y2022,24,24.0,0.2916666666666667,0.6425269664143525,1.5604226327205701,-0.013836212290684763,-0.03337568279608889,0.08526651091293248,-0.05464321596276246,-0.17415793276692607,-1.0011346899800655,0.15803642777476398,-0.03523752457507318,4.484890175473848,0.5,0.5,0.06153071619648152,2.1903654030974025,54.0,0.08333333333333333,0.041666666666666664,0.0,0.0,1.0,0.0,,,-0.8676406715461435,-0.016628397344838973,-0.33206909497643433,EXECUTABLE,,,,,,,,,
S2,TEXTBOOK,TEXTBOOK_NOVOL,Y2023,2,2.0,0.0,0.0,,-0.059514311208853254,-0.059514311208853254,,-0.059514311208853254,-1.3141465748722359,-1.3141465748722359,0.019844633742076512,-0.047031496381982896,0.42194349039846224,1.0,1.0,0.05063534190171809,2.0304796667557747,12.0,0.0,0.0,0.0,0.0,0.0,0.0,,,0.0,-0.5410391928077568,-0.11902862241770651,EXECUTABLE,,,,,,,,,
S2,TEXTBOOK,TEXTBOOK_NOVOL,Y2024,2,2.0,0.5,4.149000269186969,4.149000269186969,0.08228562314472582,0.08228562314472582,0.21683267284434418,-0.05226142655489255,1.2921204633477426,1.2921204633477426,0.2710040430720588,-0.012877020136548234,21.045555586488593,0.5,0.5,0.050710431740521617,2.894690971959532,310.0,0.5,0.5,0.0,0.0,1.0,0.0,1.3175611033714478,1.3175611033714478,0.0,0.04236068115558601,0.16457124628945163,EXECUTABLE,,,,,,,,,
S2,TEXTBOOK,TEXTBOOK_NOVOL,Y2025,25,25.0,0.16,0.516914841554577,2.7138029181615293,-0.021423032233418057,-0.0494572775324953,0.1432703313142533,-0.05279319671868878,-0.7049616954188244,-1.1795341103312666,0.08556625841649028,-0.02811612024837573,3.0433167044600844,0.76,0.76,0.044955913545913856,1.6195702551817477,11.0,0.08,0.04,0.0,0.0,1.0,0.0,,,-1.094924363531564,-0.0437740748537353,-0.5355758058354514,EXECUTABLE,,,,,,,,,
S_POOLED,MODERNIZED,ENGINE_DEFAULT,PRE_2020_2022,85,28.352739726027398,0.3058823529411765,0.9054067783713587,2.054576920150391,-0.0034337187220747282,-0.029301124205160452,0.10744693190122521,-0.05229637831878317,-0.15316422924291032,-0.8186559695817015,0.104599649408651,-0.03960286418126787,2.6412142548549955,0.36470588235294116,0.36470588235294116,0.06172411551056703,2.602036237716675,29.0,0.1411764705882353,0.03529411764705882,0.023529411764705882,0.0,3.0,0.0,,,-1.6386386275478135,-0.010536681999146277,-0.2918660913763519,EXECUTABLE,,,,,,,,,
S_POOLED,MODERNIZED,ENGINE_DEFAULT,DISCOVERY,13,6.504452054794521,0.07692307692307693,0.18479561903815425,2.217547428457851,-0.03606469635429484,-0.04264023793320769,0.1062798171479034,-0.047926739146144696,-0.9026247829560757,-1.1394560846346953,0.03009149615599567,-0.023967744160078554,1.255499723086874,0.6923076923076923,0.6923076923076923,0.03427835157807205,2.697206497192383,8.0,0.07692307692307693,0.0,0.0,0.0,0.0,0.0,,,-0.456332079577742,-0.2663869617078596,-0.4688410526058329,EXECUTABLE,,,,,,,,,
S_POOLED,MODERNIZED,ENGINE_DEFAULT,STRICT_OOS,55,32.932377049180324,0.2,0.4053044827994678,1.6212179311978712,-0.02169386045361012,-0.026625076735450615,0.07392538397182329,-0.04559867155996847,-0.40759298133355415,-0.6351066109463337,0.10855965468820668,-0.02993054594284097,3.62705227280269,0.41818181818181815,0.41818181818181815,0.05663674188431688,2.582493543624878,15.0,0.09090909090909091,0.0,0.0,0.0,0.0,0.0,,,-1.8724195208756604,-0.10672292709736642,-1.1931623249485566,EXECUTABLE,,,,,,,,,
S_POOLED,MODERNIZED,ENGINE_DEFAULT,EXTENDED,58,21.705430327868854,0.20689655172413793,0.43775186458825466,1.678048814254976,-0.020361248914258688,-0.02712524013350107,0.07662158673649662,-0.04566111908402095,-0.389352221401561,-0.6453977114685803,0.10650778016252839,-0.02928978871221048,3.6363451170314134,0.43103448275862066,0.43103448275862066,0.053187249329004205,2.58431613445282,13.5,0.10344827586206896,0.0,0.0,0.0,0.0,0.0,,,-1.860209632954108,-0.09899014560159294,-1.180952437027004,EXECUTABLE,,,,,,,,,
S_POOLED,MODERNIZED,ENGINE_DEFAULT,FULL_2023_2026,68,18.521252796420583,0.17647058823529413,0.3561775814697194,1.6621620468586904,-0.02444122614050573,-0.03575842766783016,0.07662158673649662,-0.04609754318557765,-0.5022314139966833,-0.9697749233899704,0.09355838908646046,-0.028790598543195215,3.2496159795390356,0.47058823529411764,0.47058823529411764,0.051326854619338724,2.5947964191436768,11.0,0.08823529411764706,0.0,0.0,0.0,0.0,0.0,,,-2.3412605734814935,-0.12843921001193118,-1.6620033775543894,EXECUTABLE,,,,,,,,,
S_POOLED,MODERNIZED,ENGINE_DEFAULT,Y2020,6,6.0,0.16666666666666666,0.4953685853567471,2.4768429267837355,-0.031188895051809867,-0.04757998146697632,0.18369841875473514,-0.07416635781311888,-0.40299378682293385,-1.1404249519911975,0.13844417768236622,-0.05452857375621478,2.538929008143869,0.6666666666666666,0.6666666666666666,0.07216474189495195,2.47297025489694,16.5,0.16666666666666666,0.0,0.0,0.0,0.0,0.0,,,-0.17744276605497267,-0.14851854786576127,-0.1871333703108592,EXECUTABLE,,,,,,,,,
S_POOLED,MODERNIZED,ENGINE_DEFAULT,Y2021,8,8.0,0.0,0.0,,-0.05047488375751695,-0.038463906013124875,,-0.05047488375751695,-1.1525781764290324,-1.119069716975807,0.022171316565139126,-0.03454685752067885,0.6417752049334141,0.625,0.625,0.0395912942722152,2.592448115348816,17.0,0.0,0.0,0.0,0.0,0.0,0.0,,,-0.2476648081822288,-0.2969110809265703,-0.4037990700601356,EXECUTABLE,,,,,,,,,
S_POOLED,MODERNIZED,ENGINE_DEFAULT,Y2022,71,71.0,0.352112676056338,1.1294180246032781,2.0781291652700316,0.004212202098516097,-0.024286928904036484,0.1043968724270848,-0.05023598829744517,-0.019441850046162203,-0.43541283316481044,0.11102724790309892,-0.03891122750288802,2.8533473505778866,0.30985915492957744,0.30985915492957744,0.06172411551056703,2.605807065963745,35.0,0.15492957746478872,0.04225352112676056,0.028169014084507043,0.0,3.0,0.0,1.2888813263779384,3.8890170068500765,-1.0056658900243756,0.01192449557394908,0.2990663489946429,EXECUTABLE,,,,,,,,,
S_POOLED,MODERNIZED,ENGINE_DEFAULT,Y2023,10,10.0,0.0,0.0,,-0.04810509405273856,-0.0431748116548161,,-0.04810509405273856,-1.156930731048392,-1.1354283899596456,0.018451920845266433,-0.025895295562906685,0.7125588043759423,0.7,0.7,0.03308037724357679,2.6747056245803833,8.0,0.0,0.0,0.0,0.0,0.0,0.0,,,-0.3215087997752338,-0.4762880599281045,-0.48105094052738556,EXECUTABLE,,,,,,,,,
S_POOLED,MODERNIZED,ENGINE_DEFAULT,Y2024,3,3.0,0.3333333333333333,1.1297958659262226,2.259591731852445,0.004069962640517556,-0.04264023793320769,0.1062798171479034,-0.04703496461317536,-0.0549382893150215,-1.1925710787951098,0.06889008052509311,-0.01754257281731812,3.9270226347348816,0.6666666666666666,0.6666666666666666,0.04312505326315979,2.697206497192383,6.0,0.3333333333333333,0.0,0.0,0.0,0.0,0.0,8.704405628515246,8.704405628515246,0.0,0.016279850562070226,0.01220988792155267,EXECUTABLE,,,,,,,,,
S_POOLED,MODERNIZED,ENGINE_DEFAULT,Y2025,55,55.0,0.2,0.4053044827994678,1.6212179311978712,-0.02169386045361012,-0.026625076735450615,0.07392538397182329,-0.04559867155996847,-0.40759298133355415,-0.6351066109463337,0.10855965468820668,-0.02993054594284097,3.62705227280269,0.41818181818181815,0.41818181818181815,0.05663674188431688,2.582493543624878,15.0,0.09090909090909091,0.0,0.0,0.0,0.0,0.0,,,-1.8724195208756604,-0.10672292709736642,-1.1931623249485566,EXECUTABLE,,,,,,,,,
S_POOLED,TEXTBOOK,ENGINE_DEFAULT,PRE_2020_2022,88,29.353424657534248,0.26136363636363635,0.38834576896492645,1.0974989122921834,-0.03786941331364872,-0.0517729222254167,0.09199325942566007,-0.08382082059063492,-0.394728221492551,-0.70761943171133,0.1552748552812267,-0.06423297498009481,2.4173698217986153,0.45454545454545453,0.45454545454545453,0.10105792182062764,4.416703701019287,91.0,0.07954545454545454,0.03409090909090909,0.011363636363636364,0.0,3.0,0.0,,,-4.487221856408963,-0.03641488686664577,-3.3325083716010875,EXECUTABLE,,,,,,,,,
S_POOLED,TEXTBOOK,ENGINE_DEFAULT,DISCOVERY,13,6.504452054794521,0.15384615384615385,0.5983060237048111,3.290683130376461,-0.026554265955251573,-0.06807852434529962,0.257084393565002,-0.0781249313225704,-0.3791069522797421,-1.1077997755432532,0.12080135112818795,-0.058158903848728474,2.077091264346947,0.7692307692307693,0.7692307692307693,0.08085758654621474,4.748326301574707,20.0,0.15384615384615385,0.15384615384615385,0.0,0.0,2.0,0.0,,,-0.7708334156255627,-0.024675157785437492,-0.34520545741827047,EXECUTABLE,,,,,,,,,
S_POOLED,TEXTBOOK,ENGINE_DEFAULT,STRICT_OOS,54,32.333606557377045,0.25925925925925924,0.5192650897950675,1.4836145422716216,-0.031952226030287155,-0.04883722770905666,0.13312214560821506,-0.08972825610376292,-0.435359201286375,-1.090377870119553,0.15194723458371812,-0.05404754358725375,2.8113624505138923,0.6111111111111112,0.5925925925925926,0.07138947290739082,4.388376422635648,52.5,0.1111111111111111,0.05555555555555555,0.018518518518518517,0.018518518518518517,3.0,1.0,,,-3.1278442386420853,-0.03930342154067213,-1.7254202056355064,EXECUTABLE,,,,,,,,,
S_POOLED,TEXTBOOK,ENGINE_DEFAULT,EXTENDED,57,21.331198770491806,0.2631578947368421,0.5610284339159841,1.5708796149647555,-0.02855967741477989,-0.0494572775324953,0.138702847423957,-0.08829629342861449,-0.38750267205059297,-1.0940114754098362,0.1535939141819311,-0.052304598861903515,2.9365279062258995,0.6140350877192983,0.5964912280701754,0.07026294927095428,4.245144263728329,43.0,0.12280701754385964,0.07017543859649122,0.017543859649122806,0.017543859649122806,4.0,1.0,,,-3.086251702369177,-0.033946441719162834,-1.6279016126424537,EXECUTABLE,,,,,,,,,
S_POOLED,TEXTBOOK,ENGINE_DEFAULT,FULL_2023_2026,67,18.248881431767337,0.23880597014925373,0.5345344332428796,1.703828505961679,-0.030904860642593686,-0.05226142655489255,0.1486174266028134,-0.08722557820978022,-0.424444585807476,-1.1053131095763473,0.14590400346548088,-0.054845270205151835,2.660284157954163,0.6417910447761194,0.6268656716417911,0.07209199432266014,4.5385661125183105,43.0,0.11940298507462686,0.07462686567164178,0.014925373134328358,0.014925373134328358,5.0,1.0,,,-3.6443461452083996,-0.03576827885738084,-2.070625663053777,EXECUTABLE,,,,,,,,,
S_POOLED,TEXTBOOK,ENGINE_DEFAULT,Y2020,6,6.0,0.3333333333333333,0.1569340199616023,0.3138680399232046,-0.07073436602160897,-0.08106154466211124,0.039500924027444026,-0.12585201104613544,-0.7659000829813181,-1.103771478102546,0.2049393487587081,-0.0855905427380862,2.3944158104691384,0.6666666666666666,0.6666666666666666,0.13162280130032655,4.038603105783293,51.5,0.0,0.0,0.0,0.0,0.0,0.0,,,-0.17744276605497267,-0.09337870101862569,-0.4244061961296538,EXECUTABLE,,,,,,,,,
S_POOLED,TEXTBOOK,ENGINE_DEFAULT,Y2021,9,9.0,0.0,0.0,,-0.07829729442874576,-0.08262803453892052,,-0.07829729442874576,-1.0963703186075824,-1.2012846378392168,0.028722155762224366,-0.062170847385300626,0.46198752261200954,0.6666666666666666,0.6666666666666666,0.06878306101337132,4.416567802429199,46.0,0.0,0.0,0.0,0.0,0.0,0.0,,,-0.444932423502613,-0.11764201166255625,-0.7046756498587119,EXECUTABLE,,,,,,,,,
S_POOLED,TEXTBOOK,ENGINE_DEFAULT,Y2022,73,73.0,0.2876712328767123,0.4803569795261168,1.189455377874194,-0.030183925008393453,-0.04984095313387084,0.09699252946358544,-0.0815436470066926,-0.27771712501353896,-0.5638052698372348,0.1667952297306258,-0.06273179336098794,2.6588627678920065,0.410958904109589,0.410958904109589,0.10088662429069133,4.502099990844727,111.0,0.0958904109589041,0.0410958904109589,0.0136986301369863,0.0,3.0,0.0,,,-3.3581400104205983,-0.027209515011270956,-2.203426525612722,EXECUTABLE,,,,,,,,,
S_POOLED,TEXTBOOK,ENGINE_DEFAULT,Y2023,10,10.0,0.1,0.401772894244894,3.615956048204046,-0.04427240504113235,-0.08028723318123093,0.2973361142856598,-0.08222890718855368,-0.6350134942217092,-1.1069838789727375,0.10207151238171475,-0.0693270968616673,1.4723177084046146,0.8,0.8,0.08796808550756213,5.219882488250732,32.5,0.1,0.1,0.0,0.0,1.0,0.0,,,-0.5647017878482684,-0.04456205842086799,-0.44272405041132346,EXECUTABLE,,,,,,,,,
S_POOLED,TEXTBOOK,ENGINE_DEFAULT,Y2024,3,3.0,0.3333333333333333,1.8173267825104686,3.6346535650209373,0.03250619766435099,-0.05226142655489255,0.21683267284434418,-0.059657039925645604,0.4739148541934813,-1.1624963641150412,0.18323414694976528,-0.020931593805599096,8.753951020239608,0.6666666666666666,0.6666666666666666,0.057466149108906364,3.4775637728697157,18.0,0.3333333333333333,0.3333333333333333,0.0,0.0,1.0,0.0,2.223500833936262,2.223500833936262,0.0,0.024048974844156096,0.09751859299305297,EXECUTABLE,,,,,,,,,
S_POOLED,TEXTBOOK,ENGINE_DEFAULT,Y2025,54,54.0,0.25925925925925924,0.5192650897950675,1.4836145422716216,-0.031952226030287155,-0.04883722770905666,0.13312214560821506,-0.08972825610376292,-0.435359201286375,-1.090377870119553,0.15194723458371812,-0.05404754358725375,2.8113624505138923,0.6111111111111112,0.5925925925925926,0.07138947290739082,4.388376422635648,52.5,0.1111111111111111,0.05555555555555555,0.018518518518518517,0.018518518518518517,3.0,1.0,,,-3.1278442386420853,-0.03930342154067213,-1.7254202056355064,EXECUTABLE,,,,,,,,,
S1,MODERNIZED,,DISCOVERY,15,,,,,,,,,,,,,,,,,,,,,,,,,,,,,,AUDIT,0.0,0.6,1.0,0.6,15.0,-0.057920793535370475,30.0,-0.019718930082776674,0.9995002498750625
S1,MODERNIZED,,PRE_2020_2022,153,,,,,,,,,,,,,,,,,,,,,,,,,,,,,,AUDIT,0.0,0.3660130718954248,1.0,0.3660130718954248,153.0,0.0009544174341117165,304.0,-0.00925460020894922,0.14492753623188406
S1,MODERNIZED,,STRICT_OOS,101,,,,,,,,,,,,,,,,,,,,,,,,,,,,,,AUDIT,0.039603960396039604,0.26732673267326734,1.0,0.297029702970297,101.0,-0.012586867400003771,194.0,-0.0056551640892365355,0.7766116941529235
S1,TEXTBOOK,,DISCOVERY,16,,,,,,,,,,,,,,,,,,,,,,,,,,,,,,AUDIT,0.0,0.5625,1.0,0.5625,16.0,-0.06658169793030713,32.0,-0.030642794870548426,0.9295352323838081
S1,TEXTBOOK,,PRE_2020_2022,152,,,,,,,,,,,,,,,,,,,,,,,,,,,,,,AUDIT,0.006578947368421052,0.3815789473684211,1.0,0.3881578947368421,152.0,-0.030630163141139935,304.0,-0.031875546759527716,0.44427786106946526
S1,TEXTBOOK,,STRICT_OOS,103,,,,,,,,,,,,,,,,,,,,,,,,,,,,,,AUDIT,0.02912621359223301,0.2621359223300971,1.0,0.2815533980582524,103.0,-0.034629506047499814,198.0,-0.034627280323174775,0.5157421289355323
S2,MODERNIZED,,DISCOVERY,4,,,,,,,,,,,,,,,,,,,,,,,,,,,,,,AUDIT,0.75,0.75,1.0,1.0,4.0,-0.008873857414459101,8.0,-0.040485600117152895,
S2,MODERNIZED,,PRE_2020_2022,41,,,,,,,,,,,,,,,,,,,,,,,,,,,,,,AUDIT,0.4634146341463415,0.36585365853658536,1.0,0.7073170731707317,41.0,-0.002084582700693701,82.0,-0.00827881658243008,0.33383308345827084
S2,MODERNIZED,,STRICT_OOS,42,,,,,,,,,,,,,,,,,,,,,,,,,,,,,,AUDIT,0.42857142857142855,0.35714285714285715,1.0,0.5952380952380952,42.0,-0.018387201797429843,84.0,-0.01681015106732985,0.5242378810594702
S2,TEXTBOOK,,DISCOVERY,4,,,,,,,,,,,,,,,,,,,,,,,,,,,,,,AUDIT,0.75,0.75,1.0,1.0,4.0,0.011385655967936281,8.0,-0.029173566049817894,
S2,TEXTBOOK,,PRE_2020_2022,41,,,,,,,,,,,,,,,,,,,,,,,,,,,,,,AUDIT,0.4634146341463415,0.36585365853658536,1.0,0.7073170731707317,41.0,-0.018690727372286286,82.0,-0.024829268604335767,0.30434782608695654
S2,TEXTBOOK,,STRICT_OOS,42,,,,,,,,,,,,,,,,,,,,,,,,,,,,,,AUDIT,0.42857142857142855,0.35714285714285715,1.0,0.5952380952380952,42.0,-0.030102763848396486,84.0,-0.026647263577822516,0.5807096451774113
