pdf_file,pdf_part,pdf_page,overall_scan_page,printed_page,chapter_no,chapter_title,section,page_type,main_topic,charts_on_page,scan_quality,notes
d9c610d2-Weinstein_Claude_Part1_pages_001-075.pdf,1,1,1,,,,,cover,"Front cover: title, author photo, 'over 60,000 copies sold' starburst",,ok,Sales starburst implies a later printing of the 1988 book
d9c610d2-Weinstein_Claude_Part1_pages_001-075.pdf,1,2,2,,,,,blank,Blank inside page; black binding edge at left,,ok,
d9c610d2-Weinstein_Claude_Part1_pages_001-075.pdf,1,3,3,,,,,front-matter,"Half-title page with handwritten signature, apparently dated 2006",,ok (handwriting illegible),Signature and year reading [UNSURE]
d9c610d2-Weinstein_Claude_Part1_pages_001-075.pdf,1,4,4,,,,,blank,Blank page,,ok,
d9c610d2-Weinstein_Claude_Part1_pages_001-075.pdf,1,5,5,,,,,front-matter,"Title page: title, author, McGraw-Hill and office cities",,ok,
d9c610d2-Weinstein_Claude_Part1_pages_001-075.pdf,1,6,6,,,,,front-matter,Copyright page: (c) 1988 Stan Weinstein; Library of Congress data; ISBNs,,ok,LCCN 88-2817; ISBN 1-55623-079-6 and 1-55623-683-2
d9c610d2-Weinstein_Claude_Part1_pages_001-075.pdf,1,7,7,,,,,front-matter,"Dedication to wife Rita and daughters Marcy, Marla and Marni",,ok,
d9c610d2-Weinstein_Claude_Part1_pages_001-075.pdf,1,8,8,,,,,blank,Blank page,,ok,
d9c610d2-Weinstein_Claude_Part1_pages_001-075.pdf,1,9,9,vii,,,Acknowledgments,front-matter,Thanks to chart services (esp. Mansfield) and colleagues,,ok,Lists sources of the reproduced charts; no method content
d9c610d2-Weinstein_Claude_Part1_pages_001-075.pdf,1,10,10,viii,,,Acknowledgments (cont.),front-matter,"Thanks to PTR staff, publisher, editor and family",,ok,
d9c610d2-Weinstein_Claude_Part1_pages_001-075.pdf,1,11,11,ix,,,Contents,contents,Contents: Chapters 1-4 (start),,ok,Full TOC transcribed in WEINSTEIN_CHAPTER_NOTES.md
d9c610d2-Weinstein_Claude_Part1_pages_001-075.pdf,1,12,12,x,,,Contents (cont.),contents,Contents: Chapter 4 (end) to Chapter 8 (start),,ok,
d9c610d2-Weinstein_Claude_Part1_pages_001-075.pdf,1,13,13,xi,,,Contents (cont.),contents,Contents: Chapter 8 (end) to Chapter 10 and Index (p.343),,ok,
d9c610d2-Weinstein_Claude_Part1_pages_001-075.pdf,1,14,14,,,,,blank,Blank page,,ok,
d9c610d2-Weinstein_Claude_Part1_pages_001-075.pdf,1,15,15,1,1,It All Starts Here!,Chapter opening (untitled intro),text,"'Buy low, sell high' rejected; news and brokers don't produce profits",,ok,Chapter 1 opening page
d9c610d2-Weinstein_Claude_Part1_pages_001-075.pdf,1,16,16,2,1,It All Starts Here!,Chapter intro (cont.),text,"Pros act on market action, not news; control greed and fear; ~1 hour per week",,"ok (binding shadow at left, text unaffected)",
d9c610d2-Weinstein_Claude_Part1_pages_001-075.pdf,1,17,17,3,1,It All Starts Here!,Chapter intro (cont.); My Philosophy of Investing (begins at bottom),text,Not get-rich-quick; only the most important factors; chapter quizzes,,ok,
d9c610d2-Weinstein_Claude_Part1_pages_001-075.pdf,1,18,18,4,1,It All Starts Here!,My Philosophy of Investing (cont.),text,Lesson 1 consistency; Lesson 2 market discounts the future; technical analysis defined,,ok,Footnotes 1-2 (fundamental vs technical; John Magee)
d9c610d2-Weinstein_Claude_Part1_pages_001-075.pdf,1,19,19,5,1,It All Starts Here!,My Philosophy of Investing (cont.); Why the Technical Approach,text,Win while right <50% by cutting losses; the tape reflects all fundamentals,,ok,Footnote 3
d9c610d2-Weinstein_Claude_Part1_pages_001-075.pdf,1,20,20,6,1,It All Starts Here!,Why the Technical Approach (cont.),text,Breakout above resistance on huge volume reveals informed buying,,ok,Volume example: 20-30k shares/week then 250-300k on breakout; footnote 4
d9c610d2-Weinstein_Claude_Part1_pages_001-075.pdf,1,21,21,7,1,It All Starts Here!,Why the Technical Approach (cont.),text+chart,Piedmont Aviation and Spectradyne: PTR buy arrows before takeover news,Chart 1-1; Chart 1-2,ok (data-box fine print partly unreadable),"Chart 1-1 start year, MA period and lower-panel line [UNSURE]"
d9c610d2-Weinstein_Claude_Part1_pages_001-075.pdf,1,22,22,8,1,It All Starts Here!,Why the Technical Approach (cont.),text+chart,Harrah's and TS Industries bought despite weak earnings,Chart 1-3; Chart 1-4,ok (data-box fine print partly unreadable),Chart 1-3 lower-panel label [UNSURE]; Chart 1-4 '3/2' arrow meaning [UNSURE]
d9c610d2-Weinstein_Claude_Part1_pages_001-075.pdf,1,23,23,9,1,It All Starts Here!,Why the Technical Approach (cont.),text+chart,Earnings fell as stocks soared; Nov 1974 doom headlines at the bottom,Chart 1-5,ok (some headlines cut off within the collage itself),"Chart 1-5 is a headline collage, not a price chart"
d9c610d2-Weinstein_Claude_Part1_pages_001-075.pdf,1,24,24,10,1,It All Starts Here!,Why the Technical Approach (cont.),text,"Buy on bad news, sell on good; six basic philosophy rules",,ok,Six-rule list has no heading
d9c610d2-Weinstein_Claude_Part1_pages_001-075.pdf,1,25,25,11,1,It All Starts Here!,Why the Technical Approach (cont.); Let's All Speak the Same Language,text+chart,"Schematic Stock XYZ: ranges, breakout/breakdown, pullbacks, 30-week MA, volume",Chart 1-6,ok,Chart 1-6 is the reference drawing cited throughout later chapters; sentence continues on p.12
d9c610d2-Weinstein_Claude_Part1_pages_001-075.pdf,1,26,26,12,1,It All Starts Here!,Let's All Speak the Same Language (cont.): Support,text,How to study the definitions with Chart 1-6; Support defined,,ok (binding shadow),
d9c610d2-Weinstein_Claude_Part1_pages_001-075.pdf,1,27,27,13,1,It All Starts Here!,Let's All Speak the Same Language (cont.): Resistance; Trading Range; Moving Average,text,"Resistance, trading range, 30-week vs 10-week MA, MA calculation",,ok; unreadable pencil mark in right margin,
d9c610d2-Weinstein_Claude_Part1_pages_001-075.pdf,1,28,28,14,1,It All Starts Here!,Let's All Speak the Same Language (cont.): Moving Average (cont.); Breakout; Breakdown; Pullback,text,MA buy/short rules; breakout/breakdown definitions and volume; pullback,,ok; pencil check marks,Footnote 5 (10-week MA formula)
d9c610d2-Weinstein_Claude_Part1_pages_001-075.pdf,1,29,29,15,1,It All Starts Here!,Let's All Speak the Same Language (cont.): Pullback (cont.); Trendline,text+chart,Short entry on light-volume rebound; significant trendlines (3+ touches); Skyline,Chart 1-7,ok,
d9c610d2-Weinstein_Claude_Part1_pages_001-075.pdf,1,30,30,16,1,It All Starts Here!,Let's All Speak the Same Language (cont.): Trendline (cont.),text+chart,Steep vs horizontal trendline breaks (less vs most bearish),Chart 1-8; Chart 1-9,ok (binding shadow),
d9c610d2-Weinstein_Claude_Part1_pages_001-075.pdf,1,31,31,17,1,It All Starts Here!,Let's All Speak the Same Language (cont.): Trendline (cont.); Uptrend; Downtrend,text+chart,Declining vs horizontal upside breaks; trend definitions,Chart 1-10; Chart 1-11,ok,
d9c610d2-Weinstein_Claude_Part1_pages_001-075.pdf,1,32,32,18,1,It All Starts Here!,Let's All Speak the Same Language (cont.): Trader; Investor; Short/Intermediate/Long Term; Relative Strength,text,Time-frame definitions; relative strength formula,,ok; pencil check mark,
d9c610d2-Weinstein_Claude_Part1_pages_001-075.pdf,1,33,33,19,1,It All Starts Here!,Let's All Speak the Same Language (cont.): Short Selling; Quiz (Q1-4),text,Short selling explained; quiz questions 1-4,,ok,
d9c610d2-Weinstein_Claude_Part1_pages_001-075.pdf,1,34,34,20,1,It All Starts Here!,Quiz (Q5-8); Answers; Charts - They Come in All Forms,text,"Quiz 5-8, answers, introduction to chart types",,ok,
d9c610d2-Weinstein_Claude_Part1_pages_001-075.pdf,1,35,35,21,1,It All Starts Here!,Charts - They Come in All Forms (cont.),text+chart,Bar charts vs point-and-figure; Marion Labs P&F chart,Chart 1-12,ok; P&F detail small/blurry,Chart 1-12 exact values [UNSURE]
d9c610d2-Weinstein_Claude_Part1_pages_001-075.pdf,1,36,36,22,1,It All Starts Here!,Charts - They Come in All Forms (cont.),text+chart,Why P&F is not used alone; how to plot a daily bar and volume,Chart 1-13,ok,
d9c610d2-Weinstein_Claude_Part1_pages_001-075.pdf,1,37,37,23,1,It All Starts Here!,Charts - They Come in All Forms (cont.),text+chart,Daily/weekly/monthly charts compared; Limited daily chart,Chart 1-14,ok; small chart text blurry; pencil check,Chart 1-14 MA lines and annotations [UNSURE]
d9c610d2-Weinstein_Claude_Part1_pages_001-075.pdf,1,38,38,24,1,It All Starts Here!,Charts - They Come in All Forms (cont.),chart,Limited on Mansfield weekly and Horsey monthly charts,Chart 1-15; Chart 1-16,ok; data boxes blurry,
d9c610d2-Weinstein_Claude_Part1_pages_001-075.pdf,1,39,39,25,1,It All Starts Here!,Charts - They Come in All Forms (cont.); Reading the Mansfield Chart (items 1-3),text,"Why weekly Mansfield charts; price bars, volume, weighted 30-week MA",,ok; pencil checks,Footnote 6
d9c610d2-Weinstein_Claude_Part1_pages_001-075.pdf,1,40,40,26,1,It All Starts Here!,Reading the Mansfield Chart (cont.): items 3-4,text+chart,Annotated IBM chart; never buy below a declining MA; long-range background,Chart 1-17,ok; pencil 'NB!' and brackets,Dotted line hugging price on Mansfield charts not explained here [UNSURE]
d9c610d2-Weinstein_Claude_Part1_pages_001-075.pdf,1,41,41,27,1,It All Starts Here!,Reading the Mansfield Chart (cont.): items 4-5,text+chart,Goodyear breakout into virgin territory; new lows; RS line rules,Chart 1-18,ok,
d9c610d2-Weinstein_Claude_Part1_pages_001-075.pdf,1,42,42,28,1,It All Starts Here!,Reading the Mansfield Chart (cont.),chart,Campbell Resources breakdown; Amdahl breakout with RS,Chart 1-19; Chart 1-20,ok; small text blurry,
d9c610d2-Weinstein_Claude_Part1_pages_001-075.pdf,1,43,43,29,1,It All Starts Here!,Reading the Mansfield Chart (cont.): item 5,text+chart,RS crossing the zero line confirms moves; Newmont chart,Chart 1-21,ok; pencil check,
d9c610d2-Weinstein_Claude_Part1_pages_001-075.pdf,1,44,44,30,1,It All Starts Here!,Reading the Mansfield Chart (cont.),chart,Ocean Drilling and Reading & Bates breakdowns with negative RS,Chart 1-22; Chart 1-23,ok; small text blurry,Chart 1-22 breakdown timing [UNSURE]; last page of Chapter 1
d9c610d2-Weinstein_Claude_Part1_pages_001-075.pdf,1,45,45,31,2,One Glance Is Worth a Thousand Earnings Forecasts,Chapter opening (untitled intro),text,Price action over earnings; the four stages listed,,ok; pencil check,Chapter 2 opening page
d9c610d2-Weinstein_Claude_Part1_pages_001-075.pdf,1,46,46,32,2,One Glance Is Worth a Thousand Earnings Forecasts,Stage 1: The Basing Area,text+chart,Stage diagram; Stage 1 and its volume behaviour,Chart 2-1,ok,
d9c610d2-Weinstein_Claude_Part1_pages_001-075.pdf,1,47,47,33,2,One Glance Is Worth a Thousand Earnings Forecasts,Stage 1: The Basing Area (cont.),text+chart,Stage 1 on the chart; don't buy yet; Bethlehem Steel,Chart 2-2,ok,Chart 2-2 year ticks [UNSURE]
d9c610d2-Weinstein_Claude_Part1_pages_001-075.pdf,1,48,48,34,2,One Glance Is Worth a Thousand Earnings Forecasts,Stage 1 (cont.); Stage 2: Advancing Phase,text,"Ideal buy, breakout volume, pullback and MA in Stage 2",,ok (binding shadow),
d9c610d2-Weinstein_Claude_Part1_pages_001-075.pdf,1,49,49,35,2,One Glance Is Worth a Thousand Earnings Forecasts,Stage 2: Advancing Phase (cont.),text+chart,"International Paper Stage 2; late Stage 2 is a hold, not a buy",Chart 2-3,ok,
d9c610d2-Weinstein_Claude_Part1_pages_001-075.pdf,1,50,50,36,2,One Glance Is Worth a Thousand Earnings Forecasts,Stage 2 (cont.); Stage 3: The Top Area,text,"Entry discipline; Stage 3 top: heavy volume, MA flattening, traders exit",,ok,Ends mid-sentence in the investor half-sale rule; continues on p.37
d9c610d2-Weinstein_Claude_Part1_pages_001-075.pdf,1,51,51,37,2,One Glance Is Worth a Thousand Earnings Forecasts,Stage 3: The Top Area (cont.),text+chart,Stage 3 tactic: stop under new support; ICH Corp Stage 3 top,Chart 2-4,good; chart data boxes illegible,Starts mid-sentence ('...of their position')
d9c610d2-Weinstein_Claude_Part1_pages_001-075.pdf,1,52,52,38,2,One Glance Is Worth a Thousand Earnings Forecasts,Stage 3 (cont.); Stage 4: The Declining Phase,text,Never buy in Stage 3; Stage 4 defined; volume on breakdowns; short-sale footnote,,good,Footnote 1 (prefer heavy-volume breakdowns for shorts)
d9c610d2-Weinstein_Claude_Part1_pages_001-075.pdf,1,53,53,39,2,One Glance Is Worth a Thousand Earnings Forecasts,Stage 4: The Declining Phase (cont.),text,Old support becomes resistance; pledge never to buy or hold Stage 4,,good,
d9c610d2-Weinstein_Claude_Part1_pages_001-075.pdf,1,54,54,40,2,One Glance Is Worth a Thousand Earnings Forecasts,Stage 4: The Declining Phase (cont.),text,Averaging down condemned; XYZ breakdown and rally back to breakdown point,,good,
d9c610d2-Weinstein_Claude_Part1_pages_001-075.pdf,1,55,55,41,2,One Glance Is Worth a Thousand Earnings Forecasts,Stage 4: The Declining Phase (cont.),text+chart,Stage 4 pattern of lower highs/lows below falling MA; Levitz Furniture,Chart 2-5,good,
d9c610d2-Weinstein_Claude_Part1_pages_001-075.pdf,1,56,56,42,2,One Glance Is Worth a Thousand Earnings Forecasts,Buy the Numbers,text+chart,Example charts labelled Stage 1 and Stage 2,Chart 2-6; Chart 2-7,good; charts slightly soft,Chart 2-6 swing-point numbers unexplained [UNSURE]
d9c610d2-Weinstein_Claude_Part1_pages_001-075.pdf,1,57,57,43,2,One Glance Is Worth a Thousand Earnings Forecasts,Buy the Numbers (cont.),chart,Example charts labelled Stage 3 and Stage 4,Chart 2-8; Chart 2-9,good; charts slightly soft,
d9c610d2-Weinstein_Claude_Part1_pages_001-075.pdf,1,58,58,44,2,One Glance Is Worth a Thousand Earnings Forecasts,Buy the Numbers (cont.); Now It's Your Turn; Quiz,text+chart,MA is the starting point; quiz charts 1 and 2,Ch2 Quiz 1; Ch2 Quiz 2,good,
d9c610d2-Weinstein_Claude_Part1_pages_001-075.pdf,1,59,59,45,2,One Glance Is Worth a Thousand Earnings Forecasts,Quiz (cont.),chart,"Quiz charts 3, 4 and 5",Ch2 Quiz 3; Ch2 Quiz 4; Ch2 Quiz 5,good,
d9c610d2-Weinstein_Claude_Part1_pages_001-075.pdf,1,60,60,46,2,One Glance Is Worth a Thousand Earnings Forecasts,Quiz (cont.),chart,"Quiz charts 6, 7 and 8",Ch2 Quiz 6; Ch2 Quiz 7; Ch2 Quiz 8,good,
d9c610d2-Weinstein_Claude_Part1_pages_001-075.pdf,1,61,61,47,2,One Glance Is Worth a Thousand Earnings Forecasts,Quiz (cont.),chart,"Quiz charts 9, 10 and 11",Ch2 Quiz 9; Ch2 Quiz 10; Ch2 Quiz 11,good,
d9c610d2-Weinstein_Claude_Part1_pages_001-075.pdf,1,62,62,48,2,One Glance Is Worth a Thousand Earnings Forecasts,Quiz (cont.); Answers,text+chart,Quiz chart 12; answers 1-11,Ch2 Quiz 12,good,Answer 11 continues on p.49
d9c610d2-Weinstein_Claude_Part1_pages_001-075.pdf,1,63,63,49,2,One Glance Is Worth a Thousand Earnings Forecasts,Answers (cont.); The Real World,text+chart,Real Stage 2 breakouts; Starrett Housing,Chart 2-10,good,
d9c610d2-Weinstein_Claude_Part1_pages_001-075.pdf,1,64,64,50,2,One Glance Is Worth a Thousand Earnings Forecasts,The Real World (cont.),chart,ARA Services and Telex breakouts,Chart 2-11; Chart 2-12,good,
d9c610d2-Weinstein_Claude_Part1_pages_001-075.pdf,1,65,65,51,2,One Glance Is Worth a Thousand Earnings Forecasts,The Real World (cont.),text+chart,Micropolis; gains from the four breakouts; corrections held above MA,Chart 2-13,good,
d9c610d2-Weinstein_Claude_Part1_pages_001-075.pdf,1,66,66,52,2,One Glance Is Worth a Thousand Earnings Forecasts,The Real World (cont.),text+chart,Failed Stage 3 top becomes continuation; Stage 4 disasters; Avon,Chart 2-14,good,
d9c610d2-Weinstein_Claude_Part1_pages_001-075.pdf,1,67,67,53,2,One Glance Is Worth a Thousand Earnings Forecasts,The Real World (cont.),text+chart,Teleprompter and Crazy Eddie; Avon earnings vs price,Chart 2-15; Chart 2-16,good,
d9c610d2-Weinstein_Claude_Part1_pages_001-075.pdf,1,68,68,54,2,One Glance Is Worth a Thousand Earnings Forecasts,The Real World (cont.),text+chart,Endotronics; Avon and Teleprompter breakdown pattern,Chart 2-17,good,
d9c610d2-Weinstein_Claude_Part1_pages_001-075.pdf,1,69,69,55,2,One Glance Is Worth a Thousand Earnings Forecasts,The Real World (cont.),text,Sell and avoid Stage 4; commodities need a shorter MA; gold example,,good,No MA length is given for commodities
d9c610d2-Weinstein_Claude_Part1_pages_001-075.pdf,1,70,70,56,2,One Glance Is Worth a Thousand Earnings Forecasts,The Real World (cont.),text+chart,Gold weekly vs 30-week MA; mutual-fund switching; Janus,Chart 2-18,good,
d9c610d2-Weinstein_Claude_Part1_pages_001-075.pdf,1,71,71,57,2,One Glance Is Worth a Thousand Earnings Forecasts,The Real World (cont.),chart,Janus Fund weekly Stage 2 breakout above downtrend line,Chart 2-19,good,Chart 2-19 arrow position [UNSURE]; last page of Chapter 2
d9c610d2-Weinstein_Claude_Part1_pages_001-075.pdf,1,72,72,58,3,The Ideal Time to Buy,"Chapter opening; How, When, and What",text,"Chapter intro: when, how and what to buy; culling A+ stocks",,good,Chapter 3 opening page
d9c610d2-Weinstein_Claude_Part1_pages_001-075.pdf,1,73,73,59,3,The Ideal Time to Buy,The Investor's Way,text,Two investor entries: breakout and pullback; buy half on each,,good,Footnotes 1-2
d9c610d2-Weinstein_Claude_Part1_pages_001-075.pdf,1,74,74,60,3,The Ideal Time to Buy,The Investor's Way (cont.),text+chart,Ideal-buy schematic point A; Mexico Fund breakout,Chart 3-1; Chart 3-2,good,
d9c610d2-Weinstein_Claude_Part1_pages_001-075.pdf,1,75,75,61,3,The Ideal Time to Buy,The Investor's Way (cont.); The Trader's Way,text,Mexico Fund pullback buy; continuation buy; MA must trend up,,good; ends mid-sentence,Ends mid-sentence; continues on p.62 (Part 2 PDF 1); footnotes 3-4
ba2b0afd-Weinstein_Claude_Part2_pages_076-150.pdf,2,1,76,62,3,The Ideal Time to Buy,The Trader's Way (cont.),text+chart,'Ideal Buy for Trader' schematic; Swift Energy continuation; pullback statistics,Chart 3-3,ok (slight gutter shadow),Starts mid-sentence; no heading on page (The Trader's Way began on p.61); footnote 5
ba2b0afd-Weinstein_Claude_Part2_pages_076-150.pdf,2,2,77,63,3,The Ideal Time to Buy,The Trader's Way (cont.); Under the Microscope,text+chart,Swift Energy chart; buy full position on continuation; investor vs trader 75-80% split,Chart 3-4,ok; Mansfield chart small labels partly illegible,Handwritten check mark in margin
ba2b0afd-Weinstein_Claude_Part2_pages_076-150.pdf,2,3,78,64,3,The Ideal Time to Buy,Under the Microscope (cont.),text+chart,XYZ base 8-12; breakout above 12 = entry; don't chase,Chart 3-5,ok,"Footnote 6 (bigger base, greater upside)"
ba2b0afd-Weinstein_Claude_Part2_pages_076-150.pdf,2,4,79,65,3,The Ideal Time to Buy,Using Buy-Stop Orders,text,Buy-stop order mechanics (12 1/8 stop); OTC caveat,,ok (handwritten tick in margin),Footnotes 7-8
ba2b0afd-Weinstein_Claude_Part2_pages_076-150.pdf,2,5,80,66,3,The Ideal Time to Buy,Using Buy-Stop Orders (cont.); Buying within Limits,text,Gap-open risk; stop-limit with 1/4 or 1/2 point cushion,,ok,
ba2b0afd-Weinstein_Claude_Part2_pages_076-150.pdf,2,6,81,67,3,The Ideal Time to Buy,Buying within Limits (cont.),text,"GTC buy-stop-limit orders; mechanical, unemotional buying",,ok (handwritten tick in margin),
ba2b0afd-Weinstein_Claude_Part2_pages_076-150.pdf,2,7,82,68,3,The Ideal Time to Buy,Buying within Limits (cont.); Buying and Selling Patterns to Be Aware Of,text,Fear/greed; weekend chart-scan routine; Merrill/Hirsch seasonal data introduced,,ok,
ba2b0afd-Weinstein_Claude_Part2_pages_076-150.pdf,2,8,83,69,3,The Ideal Time to Buy,Buying and Selling Patterns to Be Aware Of (cont.),text+chart,Four-year presidential cycle,Chart 3-6,ok,Chart 3-6 point values read approximately
ba2b0afd-Weinstein_Claude_Part2_pages_076-150.pdf,2,9,84,70,3,The Ideal Time to Buy,Buying and Selling Patterns to Be Aware Of (cont.),text,Presidential cycle by year; December best month; Nov-Jan strongest,,ok,
ba2b0afd-Weinstein_Claude_Part2_pages_076-150.pdf,2,10,85,71,3,The Ideal Time to Buy,Buying and Selling Patterns to Be Aware Of (cont.),text+chart,Market year by month; Hirsch S&P monthly data; day-of-week myth,Chart 3-7,ok,Chart 3-7 August value 67.0 [UNSURE digit]; footnote 9
ba2b0afd-Weinstein_Claude_Part2_pages_076-150.pdf,2,11,86,72,3,The Ideal Time to Buy,Buying and Selling Patterns to Be Aware Of (cont.),text+chart,"Day-of-week stats: Monday worst, Friday best; pre-holiday bullish",Chart 3-8,ok,Footnote 10 (Oct 1987 crash; Tuesday lows)
ba2b0afd-Weinstein_Claude_Part2_pages_076-150.pdf,2,12,87,73,3,The Ideal Time to Buy,Buying and Selling Patterns (cont.); What Not to Buy,text+chart,Don't buy breakouts below a declining 30-week MA; Western Union,Chart 3-9,ok; chart labels small,
ba2b0afd-Weinstein_Claude_Part2_pages_076-150.pdf,2,13,88,74,3,The Ideal Time to Buy,What Not to Buy (cont.),text+chart,Western Union lesson; Cannon Group sucker breakout,Chart 3-10,ok; chart labels small,
ba2b0afd-Weinstein_Claude_Part2_pages_076-150.pdf,2,14,89,75,3,The Ideal Time to Buy,What to Buy; My 'Forest to the Trees' Approach; How to Implement the Strategy,text,"Three-step top-down: market trend, then best groups, then best stock",,ok,
ba2b0afd-Weinstein_Claude_Part2_pages_076-150.pdf,2,15,90,76,3,The Ideal Time to Buy,How to Implement the Strategy (cont.),text,Don't judge the market by the daily Dow; % of NYSE stocks in Stages 1-2,,ok,Footnote 11; indicators deferred to Chapter 8
ba2b0afd-Weinstein_Claude_Part2_pages_076-150.pdf,2,16,91,77,3,The Ideal Time to Buy,How to Implement the Strategy (cont.),chart,"DJIA vs NYSE Survey (Stages 1 and 2), Oct 1981-Jan 1983",Chart 3-11,ok,
ba2b0afd-Weinstein_Claude_Part2_pages_076-150.pdf,2,17,92,78,3,The Ideal Time to Buy,Selecting the Sector,text+chart,Sector analysis as important as market timing; oil group top 1980-81,Chart 3-12,ok; chart labels small,Chart 3-12 arrow meaning and data-box values [UNSURE]
ba2b0afd-Weinstein_Claude_Part2_pages_076-150.pdf,2,18,93,79,3,The Ideal Time to Buy,Selecting the Sector (cont.),text+chart,Chemicals (Stage 2) vs Electric Utilities (Stage 4); group charts lack volume,Chart 3-13; Chart 3-14,ok,
ba2b0afd-Weinstein_Claude_Part2_pages_076-150.pdf,2,19,94,80,3,The Ideal Time to Buy,Selecting the Sector (cont.),text,Group-stage rules; investor vs trader within groups; several stocks turning = signal,,ok,Footnotes 12-13
ba2b0afd-Weinstein_Claude_Part2_pages_076-150.pdf,2,20,95,81,3,The Ideal Time to Buy,Selecting the Sector (cont.); Here's How It Works,text,A+ group; cross-check members; 1978 casino stocks; 1982 mobile homes,,ok,Footnote 14
ba2b0afd-Weinstein_Claude_Part2_pages_076-150.pdf,2,21,96,82,3,The Ideal Time to Buy,Here's How It Works (cont.),text+chart,Hotel-Motel group and Bally; mobile homes +260%; low-P/E trap,Chart 3-15; Chart 3-16,ok; chart labels small,
ba2b0afd-Weinstein_Claude_Part2_pages_076-150.pdf,2,22,97,83,3,The Ideal Time to Buy,Here's How It Works (cont.),text+chart,"Caesars World and Mobile Homes group; Warner low P/E, then -60%",Chart 3-17; Chart 3-18,ok; chart labels small,Chart 3-17 RS scale label [UNSURE]
ba2b0afd-Weinstein_Claude_Part2_pages_076-150.pdf,2,23,98,84,3,The Ideal Time to Buy,Here's How It Works (cont.),text+chart,Coachmen and Fleetwood; Entertainment group broke below MA,Chart 3-19; Chart 3-20,ok; chart labels small,
ba2b0afd-Weinstein_Claude_Part2_pages_076-150.pdf,2,24,99,85,3,The Ideal Time to Buy,Here's How It Works (cont.),text+chart,Entertainment group; Warner Stage 4 (rally fails at trendline),Chart 3-21; Chart 3-22,ok; chart labels small,Footnote 15
ba2b0afd-Weinstein_Claude_Part2_pages_076-150.pdf,2,25,100,86,3,The Ideal Time to Buy,Here's How It Works (cont.),text+chart,Oil group 1986 breakout; contrary opinion; computer group Dec 1986,Chart 3-23,ok; ends mid-sentence,Ends mid-sentence; continues on p.87; footnote 16
ba2b0afd-Weinstein_Claude_Part2_pages_076-150.pdf,2,26,101,87,3,The Ideal Time to Buy,Here's How It Works (cont.),text+chart,Group confirmation: American Oil & Gas; Computer Equipment group breakout,Chart 3-24; Chart 3-25,ok (halftone charts low-res; small labels hard to read),Footnote 17
ba2b0afd-Weinstein_Claude_Part2_pages_076-150.pdf,2,27,102,88,3,The Ideal Time to Buy,Here's How It Works (cont.),text+chart,Compaq breakout; act fast when all factors align; group importance,Chart 3-26,ok,
ba2b0afd-Weinstein_Claude_Part2_pages_076-150.pdf,2,28,103,89,3,The Ideal Time to Buy,Here's How It Works (cont.),text+chart,REIT group negative; Lomas & Nettleton Stage 3 to Stage 4 trap,Chart 3-27; Chart 3-28,ok,
ba2b0afd-Weinstein_Claude_Part2_pages_076-150.pdf,2,29,104,90,3,The Ideal Time to Buy,Here's How It Works (cont.),text+chart,Brokerage group negative; McDonald & Co false breakout (point A),Chart 3-29; Chart 3-30,ok,
ba2b0afd-Weinstein_Claude_Part2_pages_076-150.pdf,2,30,105,91,3,The Ideal Time to Buy,Here's How It Works (cont.); Quiz,text+chart,"Lesson: A+ stock in A+ group; quiz Q1-Q3 (buy-stop order, quiz chart)",Ch3 Quiz Q2,ok,Quiz Q2 chart labels [UNSURE]
ba2b0afd-Weinstein_Claude_Part2_pages_076-150.pdf,2,31,106,92,3,The Ideal Time to Buy,Quiz (cont.),text+chart,Quiz Q4 (Stock A vs Stock B) and Q5 (GTC order),Ch3 Quiz Q4 Stock A; Ch3 Quiz Q4 Stock B,ok,
ba2b0afd-Weinstein_Claude_Part2_pages_076-150.pdf,2,32,107,93,3,The Ideal Time to Buy,Quiz (cont.),text+chart,"Quiz Q6 (XYZ diagram A-D), Q7-Q9, Q10 (chart)",Ch3 Quiz Q6 XYZ; Ch3 Quiz Q10,ok,
ba2b0afd-Weinstein_Claude_Part2_pages_076-150.pdf,2,33,108,94,3,The Ideal Time to Buy,Quiz (cont.); Answers,text+chart,Quiz Q11-Q12 (Group A vs Group B); answers 1-2,Ch3 Quiz Q12 Group A; Ch3 Quiz Q12 Group B,ok,
ba2b0afd-Weinstein_Claude_Part2_pages_076-150.pdf,2,34,109,95,3,The Ideal Time to Buy,Answers (cont.),text,Quiz answers 2 (end) through 12,,ok,Last page of Chapter 3
ba2b0afd-Weinstein_Claude_Part2_pages_076-150.pdf,2,35,110,96,4,Refining the Buying Process,Chapter opening; The Less Resistance the Better,text,Chapter intro; resistance review using XYZ,,ok,Chapter 4 opening page
ba2b0afd-Weinstein_Claude_Part2_pages_076-150.pdf,2,36,111,97,4,Refining the Buying Process,The Less Resistance the Better (cont.),text+chart,"XYZ diagram: resistance zone 18-20, 30-week MA; opportunity cost",Chart 4-1,ok,
ba2b0afd-Weinstein_Claude_Part2_pages_076-150.pdf,2,37,112,98,4,Refining the Buying Process,The Less Resistance the Better (cont.),text,Why XYZ is a B- buy; overhead resistance; older resistance less potent,,ok,
ba2b0afd-Weinstein_Claude_Part2_pages_076-150.pdf,2,38,113,99,4,Refining the Buying Process,The Less Resistance the Better (cont.),text+chart,ABC no-resistance diagram; 10-year long-range view; virgin territory; Allegis,Chart 4-2,ok,Footnotes 1-2
ba2b0afd-Weinstein_Claude_Part2_pages_076-150.pdf,2,39,114,100,4,Refining the Buying Process,The Less Resistance the Better (cont.),text+chart,Allegis A+ breakout vs Pan Am C- (overhead supply),Chart 4-3,ok,Footnote 3
ba2b0afd-Weinstein_Claude_Part2_pages_076-150.pdf,2,40,115,101,4,Refining the Buying Process,The Less Resistance the Better (cont.),text+chart,Pan Am chart; Reynolds Metals vs International Aluminum resistance,Chart 4-4,ok,Footnote 4
ba2b0afd-Weinstein_Claude_Part2_pages_076-150.pdf,2,41,116,102,4,Refining the Buying Process,The Less Resistance the Better (cont.),text+chart,Reynolds no-resistance breakout vs IAL breakout into overhead supply,Chart 4-5; Chart 4-6,ok,
ba2b0afd-Weinstein_Claude_Part2_pages_076-150.pdf,2,42,117,103,4,Refining the Buying Process,The Less Resistance the Better (cont.); The Importance of Volume,text,Check resistance before buying; volume must confirm the breakout,,ok (small handwritten check mark in right margin),
ba2b0afd-Weinstein_Claude_Part2_pages_076-150.pdf,2,43,118,104,4,Refining the Buying Process,The Importance of Volume (cont.),text+chart,'Volume Ideal' diagram; volume thresholds (2x average),Chart 4-7,ok,Footnote 5 (daily-chart threshold)
ba2b0afd-Weinstein_Claude_Part2_pages_076-150.pdf,2,44,119,105,4,Refining the Buying Process,The Importance of Volume (cont.),text+chart,Allied Signal weak-volume breakout vs Goodyear A+ volume,Chart 4-8,ok,
ba2b0afd-Weinstein_Claude_Part2_pages_076-150.pdf,2,45,120,106,4,Refining the Buying Process,The Importance of Volume (cont.),text+chart,Goodyear pullback buying; Puerto Rican Cement vs Texas Industries volume,Chart 4-9,ok,Chart 4-9 exchange label [UNSURE]
ba2b0afd-Weinstein_Claude_Part2_pages_076-150.pdf,2,46,121,107,4,Refining the Buying Process,The Importance of Volume (cont.),text+chart,PRN tenfold volume vs TXI contracting volume; four-point checklist,Chart 4-10; Chart 4-11,ok,
ba2b0afd-Weinstein_Claude_Part2_pages_076-150.pdf,2,47,122,108,4,Refining the Buying Process,The Importance of Volume (cont.); It's All Relative,text,Random-walk critique; relative strength definition and formula,,ok,Footnote 6
ba2b0afd-Weinstein_Claude_Part2_pages_076-150.pdf,2,48,123,109,4,Refining the Buying Process,It's All Relative (cont.),text+chart,Weekly RS calculation; rising RS in neutral range; don't short strong RS,Chart 4-12,ok,Footnotes 7-8
ba2b0afd-Weinstein_Claude_Part2_pages_076-150.pdf,2,49,124,110,4,Refining the Buying Process,It's All Relative (cont.),text+chart,"Mansfield RS line and zero line; never buy with negative, weak RS",Chart 4-13,ok,
ba2b0afd-Weinstein_Claude_Part2_pages_076-150.pdf,2,50,125,111,4,Refining the Buying Process,It's All Relative (cont.),text,"Merck, Adams-Russell, Alpine Group RS examples; inferior RS introduced",,ok,Charts 4-14 to 4-16 discussed here but printed on pp.112-113; footnote 9; ends mid-sentence
ba2b0afd-Weinstein_Claude_Part2_pages_076-150.pdf,2,51,126,112,4,Refining the Buying Process,It's All Relative (cont.),text+chart,Adams-Russell and Alpine RS breakouts; poor-RS breakouts introduced (Acme),Chart 4-14; Chart 4-15,good,Starts mid-sentence; Chart 4-14 breakout date [UNSURE]
ba2b0afd-Weinstein_Claude_Part2_pages_076-150.pdf,2,52,127,113,4,Refining the Buying Process,It's All Relative (cont.),text+chart,RS divergence schematic; Acme United poor RS,Chart 4-16; Chart 4-17,good,
ba2b0afd-Weinstein_Claude_Part2_pages_076-150.pdf,2,53,128,114,4,Refining the Buying Process,It's All Relative (cont.),text+chart,Care Enterprises; Grand Auto; lesson on RS,Chart 4-18,good,
ba2b0afd-Weinstein_Claude_Part2_pages_076-150.pdf,2,54,129,115,4,Refining the Buying Process,It's All Relative (cont.); Quick Reference Guide on Buying,text+chart,Grand Auto chart; step-by-step buying checklist,Chart 4-19,good,
ba2b0afd-Weinstein_Claude_Part2_pages_076-150.pdf,2,55,130,116,4,Refining the Buying Process,Quick Reference Guide on Buying (cont.); Further Tips for Buying,text,Last checklist item; head-and-shoulders bottom introduced,,good,
ba2b0afd-Weinstein_Claude_Part2_pages_076-150.pdf,2,56,131,117,4,Refining the Buying Process,Further Tips for Buying (cont.),text+chart,H&S bottom diagram; neckline; don't jump the gun,Chart 4-20,good,Footnote 10
ba2b0afd-Weinstein_Claude_Part2_pages_076-150.pdf,2,57,132,118,4,Refining the Buying Process,Further Tips for Buying (cont.),text+chart,H&S: volume inside pattern unimportant; MA and breakout-volume rules; Unocal daily,Chart 4-21,good (reader's handwritten check mark in margin),Chart 4-21 MA/RS line identification [UNSURE]
ba2b0afd-Weinstein_Claude_Part2_pages_076-150.pdf,2,58,133,119,4,Refining the Buying Process,Further Tips for Buying (cont.),text+chart,Unocal weekly; neckline buy at 24 7/8; ASA introduced,Chart 4-22,good,Footnote 11
ba2b0afd-Weinstein_Claude_Part2_pages_076-150.pdf,2,59,134,120,4,Refining the Buying Process,Further Tips for Buying (cont.),text+chart,ASA Ltd H&S bottom walkthrough; buy-stop and pullback buys,Chart 4-23,good,
ba2b0afd-Weinstein_Claude_Part2_pages_076-150.pdf,2,60,135,121,4,Refining the Buying Process,Further Tips for Buying (cont.),text+chart,ARA Services H&S bottom with double right shoulder,Chart 4-24,good,Footnote 12
ba2b0afd-Weinstein_Claude_Part2_pages_076-150.pdf,2,61,136,122,4,Refining the Buying Process,Further Tips for Buying (cont.),text+chart,Sunshine Mining; H&S bottoms as market and group indicators,Chart 4-25,good,
ba2b0afd-Weinstein_Claude_Part2_pages_076-150.pdf,2,62,137,123,4,Refining the Buying Process,Further Tips for Buying (cont.); Double-Barreled Action,text+chart,TRW H&S bottom; double bottom introduced with schematic,Chart 4-26; Chart 4-27,good,
ba2b0afd-Weinstein_Claude_Part2_pages_076-150.pdf,2,63,138,124,4,Refining the Buying Process,Double-Barreled Action (cont.),text,"Double-bottom rules; Anchor Glass, Sun Micro, Harvard; DJIA 1974",,good,
ba2b0afd-Weinstein_Claude_Part2_pages_076-150.pdf,2,64,139,125,4,Refining the Buying Process,Double-Barreled Action (cont.),text+chart,"Anchor Glass and Sun Microsystems; double bottoms common, so be demanding",Chart 4-28; Chart 4-29,good,
ba2b0afd-Weinstein_Claude_Part2_pages_076-150.pdf,2,65,140,126,4,Refining the Buying Process,Double-Barreled Action (cont.),chart,Harvard Industries; DJIA 1973-76 double bottom,Chart 4-30; Chart 4-31,good,
ba2b0afd-Weinstein_Claude_Part2_pages_076-150.pdf,2,66,141,127,4,Refining the Buying Process,Double-Barreled Action (cont.); Bigger Is Better,text,Large bases lead to large moves; American Barrick and Korea Fund,,good,
ba2b0afd-Weinstein_Claude_Part2_pages_076-150.pdf,2,67,142,128,4,Refining the Buying Process,Bigger Is Better (cont.),text+chart,American Barrick and Korea Fund charts; recap begins,Chart 4-32; Chart 4-33,good,
ba2b0afd-Weinstein_Claude_Part2_pages_076-150.pdf,2,68,143,129,4,Refining the Buying Process,Bigger Is Better (cont.); Stan's Don't Commandments; Quiz,text,Nine 'don't buy' rules; quiz questions 1-3,,good (handwritten mark in margin),
ba2b0afd-Weinstein_Claude_Part2_pages_076-150.pdf,2,69,144,130,4,Refining the Buying Process,Quiz (cont.),text+chart,Quiz questions 4-8 with H&S chart (Q8); Q9 chart A,Ch4 Quiz Q8; Ch4 Quiz Q9 A,good,
ba2b0afd-Weinstein_Claude_Part2_pages_076-150.pdf,2,70,145,131,4,Refining the Buying Process,Quiz (cont.),text+chart,Q9 chart B; Q10 charts A and B,Ch4 Quiz Q9 B; Ch4 Quiz Q10 A; Ch4 Quiz Q10 B,good,No printed page number visible; 131 assigned by sequence
ba2b0afd-Weinstein_Claude_Part2_pages_076-150.pdf,2,71,146,132,4,Refining the Buying Process,Quiz (cont.),text+chart,Q11 charts A and B; Q12 prompt,Ch4 Quiz Q11 A; Ch4 Quiz Q11 B,good,
ba2b0afd-Weinstein_Claude_Part2_pages_076-150.pdf,2,72,147,133,4,Refining the Buying Process,Quiz (cont.),chart,"Q12 charts A, B and C",Ch4 Quiz Q12 A; Ch4 Quiz Q12 B; Ch4 Quiz Q12 C,good,
ba2b0afd-Weinstein_Claude_Part2_pages_076-150.pdf,2,73,148,134,4,Refining the Buying Process,Answers,text+chart,Answers 1-9; Bethlehem Steel H&S chart reproduced,Ch4 Answer Q8,good,
ba2b0afd-Weinstein_Claude_Part2_pages_076-150.pdf,2,74,149,135,4,Refining the Buying Process,Answers (cont.),text,Answers 9 (cont.) to 12 with outcomes,,good,
ba2b0afd-Weinstein_Claude_Part2_pages_076-150.pdf,2,75,150,136,4,Refining the Buying Process,Don't Put All Your Eggs in One Basket,text+chart,Diversification rationale; Dravo 'Stopped Out' chart,Chart 4-34,good,Last provided page; section and Chapter 4 continue on pp.137-138 (not provided); Chart 4-35 (Tandem) cited but not printed
