date,taiex,mkt_stage,breadth12
2019-01-04,9215.383549310658,0,
2019-01-11,9585.560176449846,0,
2019-01-18,9660.85466618555,0,
2019-01-25,9792.025799817216,0,
2019-01-30,9755.341098648045,0,
2019-02-15,9885.500579208649,0,
2019-02-22,10139.042446941166,0,
2019-02-27,10204.112365346993,0,
2019-03-08,10059.318291816624,0,
2019-03-15,10253.290490850075,0,
2019-03-22,10449.561008510993,0,
2019-03-29,10451.495917782835,0,
2019-04-03,10513.707670716043,0,
2019-04-12,10612.830027931377,0,
2019-04-19,10773.123019385424,0,
2019-04-26,10757.37855459983,0,
2019-05-03,10898.646575193185,0,
2019-05-10,10522.164304640179,0,
2019-05-17,10199.14249686195,0,
2019-05-24,10144.306971660482,0,
2019-05-31,10311.48509712245,0,
2019-06-06,10223.785579923113,0,
2019-06-14,10337.198764501538,0,
2019-06-21,10611.327281136491,0,
2019-06-28,10539.68652870599,0,
2019-07-05,10593.608619581157,0,
2019-07-12,10631.540698808822,0,
2019-07-19,10679.510733751318,0,
2019-07-26,10697.966035892381,0,
2019-08-02,10361.134672600407,1,0.9528907922912205
2019-08-08,10307.556347331913,1,0.9543478260869566
2019-08-16,10235.26735118597,1,0.9323144104803494
2019-08-23,10350.399363797755,1,0.9263392857142857
2019-08-30,10428.915428361703,1,0.9318181818181818
2019-09-06,10588.609285472692,1,0.9230769230769231
2019-09-12,10634.683698641255,1,0.9102844638949672
2019-09-20,10735.004324542702,1,0.9019189765458422
2019-09-27,10636.77575790472,1,0.8528138528138528
2019-10-04,10700.421504511474,1,0.8211920529801324
2019-10-09,10695.982017248161,1,0.771889400921659
2019-10-18,10981.071745798718,1,0.7585421412300684
2019-10-25,11094.907270979624,1,0.7757437070938215
2019-11-01,11196.475274939565,1,0.7651006711409396
2019-11-08,11373.278837388356,1,0.7667386609071274
2019-11-15,11320.299646462921,1,0.7467532467532467
2019-11-22,11360.765769305488,1,0.7352297592997812
2019-11-29,11284.911432724633,1,0.7235421166306696
2019-12-06,11402.842679562178,1,0.7346491228070176
2019-12-13,11715.266684780418,2,0.7748917748917749
2019-12-20,11746.058261263777,2,0.7911392405063291
2019-12-27,11876.2079199499,2,0.8240343347639485
2020-01-03,11894.712331463348,2,0.8259958071278826
2020-01-10,11810.460292205215,2,0.8241525423728814
2020-01-17,11874.931076267983,2,0.8283261802575107
2020-01-20,11902.844843529772,2,0.8166311300639659
2020-01-31,11290.342929310058,2,0.7541322314049587
2020-02-07,11405.956213771184,2,0.689795918367347
2020-02-14,11605.232225021864,2,0.6673553719008265
2020-02-21,11478.186278670266,3,0.639412997903564
2020-02-27,11091.027630561468,3,0.6168831168831169
2020-03-06,11120.13966650937,3,0.6252723311546841
2020-03-13,9948.448972727574,3,0.5291666666666667
2020-03-20,9069.607288332654,3,0.35403726708074534
2020-03-27,9526.157479616872,3,0.2755102040816326
2020-04-01,9491.496084589828,3,0.20166320166320167
2020-04-10,9976.677039972603,3,0.2028985507246377
2020-04-17,10408.27967008689,3,0.24947145877378435
2020-04-24,10163.047108161358,3,0.3070362473347548
2020-04-30,10796.341930647506,3,0.3654618473895582
2020-05-08,10707.237885398048,3,0.4161849710982659
2020-05-15,10622.278671177613,3,0.45623836126629425
2020-05-22,10618.575824500027,3,0.48713235294117646
2020-05-29,10747.2522020147,3,0.5203539823008849
2020-06-05,11274.922586382174,3,0.5380530973451327
2020-06-12,11226.343595222139,3,0.5623931623931624
2020-06-19,11344.127513942536,3,0.6036184210526315
2020-06-24,11452.96370501498,3,0.6311475409836066
2020-07-03,11697.027463877823,3,0.6516129032258065
2020-07-10,11858.616942762746,3,0.6681749622926093
2020-07-17,11964.575324613616,3,0.6741405082212257
2020-07-24,12084.873643199966,3,0.6661631419939577
2020-07-31,12439.2075868088,3,0.6595092024539877
2020-08-07,12600.355081342288,3,0.6721044045676998
2020-08-14,12567.540198716797,3,0.6832504145936982
2020-08-21,12383.262189791501,3,0.6912972085385879
2020-08-28,12502.11669282983,3,0.7163695299837926
2020-09-04,12412.835853839797,3,0.7256778309409888
2020-09-11,12450.158976849934,3,0.7356143079315708
2020-09-18,12646.272344519231,2,0.7562893081761006
2020-09-25,12015.01065004969,2,0.7373417721518988
2020-09-30,12292.675041496124,2,0.7342192691029901
2020-10-08,12657.636253288365,2,0.7627118644067796
2020-10-16,12523.25336670293,2,0.8253119429590018
2020-10-23,12669.059093304359,2,0.8482142857142857
2020-10-30,12322.857661761944,2,0.8590225563909775
2020-11-06,12742.438317517173,2,0.866913123844732
2020-11-13,13036.89811431817,2,0.8683274021352313
2020-11-20,13472.115194239752,2,0.87751677852349
2020-11-27,13620.081733225974,2,0.8724409448818897
2020-12-04,13880.705172455944,2,0.8703976435935199
2020-12-11,14007.652900062783,2,0.8814504881450488
2020-12-18,13996.131841302025,2,0.8674033149171271
2020-12-25,14076.14083078638,2,0.8604972375690608
2020-12-31,14470.106037907288,2,0.8480662983425414
2021-01-08,15188.497580856543,2,0.8434903047091413
2021-01-15,15338.222235374034,2,0.8079561042524005
2021-01-22,15733.690189289822,2,0.7922437673130194
2021-01-29,14868.65806040865,2,0.7641242937853108
2021-02-05,15520.91892250863,2,0.7324159021406728
2021-02-19,16050.298313034988,2,0.7312977099236642
2021-02-26,15669.622102080584,2,0.7366071428571429
2021-03-05,15572.807885367194,2,0.7426900584795322
2021-03-12,15965.63375504884,2,0.7748251748251749
2021-03-19,15783.98800848321,2,0.7863695937090432
2021-03-26,16015.43065864394,2,0.7933247753530167
2021-04-01,16276.103207246295,2,0.8127388535031848
2021-04-09,16553.885461186455,2,0.8284023668639053
2021-04-16,16853.167798355338,2,0.8415730337078652
2021-04-23,16992.108034697798,2,0.8468176914778857
2021-04-29,17253.75294887331,2,0.8625393494228751
2021-05-07,16977.11003237241,2,0.8614072494669509
2021-05-14,15545.16913059075,2,0.8320526893523601
2021-05-21,16011.678702593987,2,0.7954545454545454
2021-05-28,16570.346922808818,2,0.754017305315204
2021-06-04,16841.9708614523,2,0.7391304347826086
2021-06-11,16906.903273615455,2,0.7671033478893741
2021-06-18,17010.052599366092,2,0.7872023809523809
2021-06-25,17191.21707408238,2,0.8020231213872833
2021-07-02,17394.687025734464,2,0.790436005625879
2021-07-09,17346.883962658067,2,0.7912087912087912
2021-07-16,17576.48992229172,2,0.7927927927927928
2021-07-23,17259.901442295504,2,0.7979669631512071
2021-07-30,16940.189606215805,2,0.8049095607235142
2021-08-06,17214.0922197378,2,0.8028909329829172
2021-08-13,16679.615276358214,2,0.7503410641200545
2021-08-20,16050.848338005664,2,0.7169014084507043
2021-08-27,16903.377220678438,2,0.7079646017699115
2021-09-03,17204.898945227935,2,0.7232142857142857
2021-09-10,17163.303306820595,2,0.728110599078341
2021-09-17,16969.04627342733,2,0.7472178060413355
2021-09-24,16952.741961796593,2,0.7326892109500805
2021-10-01,16275.720154141729,3,0.6977848101265823
2021-10-08,16344.021469250272,3,0.6709677419354839
2021-10-15,16482.27417437939,3,0.6490939044481054
2021-10-22,16587.90843437254,3,0.6016129032258064
2021-10-29,16684.820869830695,3,0.5714285714285714
2021-11-05,16988.79806299928,3,0.5486443381180224
2021-11-12,17206.08739203959,3,0.5546995377503852
2021-11-19,17500.920420070688,3,0.5579710144927537
2021-11-26,17059.996831078348,3,0.5078014184397163
2021-12-03,17381.908767040743,3,0.5305555555555556
2021-12-10,17508.728810279383,3,0.5702479338842975
2021-12-17,17495.302307870206,3,0.6324549237170597
2021-12-24,17641.69734694022,3,0.6890756302521008
2021-12-30,17894.31595847196,2,0.7244755244755244
2022-01-07,17846.11019854203,3,0.7083333333333334
2022-01-14,18075.519720686156,3,0.6685236768802229
2022-01-21,17580.467781454645,3,0.6242937853107344
2022-01-26,17359.573824481515,3,0.5660377358490566
2022-02-11,17984.775422399154,3,0.5485799701046338
2022-02-18,17907.585310889506,3,0.5313479623824452
2022-02-25,17337.749619395057,3,0.4850863422291994
2022-03-04,17420.587308728598,3,0.4856687898089172
2022-03-11,16957.210914683325,3,0.45482866043613707
2022-03-18,17145.57482339078,3,0.4776579352850539
2022-03-25,17362.078402472973,3,0.5339506172839507
2022-04-01,17311.633255162436,3,0.5446153846153846
2022-04-08,16976.65822614649,3,0.56656346749226
2022-04-15,16701.292153327522,3,0.5696784073506891
2022-04-22,16721.82969285757,3,0.566412213740458
2022-04-29,16296.630924901867,3,0.5303265940902022
2022-05-06,16115.928078285971,3,0.5319488817891374
2022-05-13,15550.522052180359,3,0.5089722675367048
2022-05-20,15857.26901395127,3,0.5215231788079471
2022-05-27,15976.47710447074,3,0.5335628227194492
2022-06-02,16257.726480101044,3,0.5247863247863248
2022-06-10,16166.92325056718,3,0.5309278350515464
2022-06-17,15362.649237196716,3,0.48299319727891155
2022-06-24,15030.728811142917,4,0.40871021775544386
2022-07-01,14087.593136425803,4,0.3390119250425894
2022-07-08,14206.879801941086,4,0.29809358752166376
2022-07-15,14291.436319307992,4,0.28291814946619215
2022-07-22,14683.073742178005,4,0.2724014336917563
2022-07-29,14732.88046764758,4,0.2937956204379562
2022-08-05,14768.209750139018,4,0.31135531135531136
2022-08-12,15016.634421269368,4,0.3398576512455516
2022-08-19,15134.310299370523,4,0.38448275862068965
2022-08-26,15006.291987445764,4,0.42320261437908496
2022-09-02,14411.675706647482,4,0.48325358851674644
2022-09-08,14323.65206759043,4,0.49445324881141045
2022-09-16,14302.377887474653,4,0.49838709677419357
2022-09-23,13866.895616942213,4,0.4823529411764706
2022-09-30,13185.453965772991,4,0.4166666666666667
2022-10-07,13458.207419981252,4,0.41454545454545455
2022-10-14,12894.274675047092,4,0.37545787545787546
2022-10-21,12590.857328723663,4,0.3333333333333333
2022-10-28,12560.625599085453,4,0.29508196721311475
2022-11-04,12794.671045982419,4,0.28781512605042014
2022-11-11,13758.049603995289,4,0.305327868852459
2022-11-18,14246.61910607241,4,0.3152804642166344
2022-11-25,14515.267016749556,4,0.39926062846580407
2022-12-02,14704.01397856159,4,0.47700170357751276
2022-12-09,14443.488758076383,4,0.5251677852348994
2022-12-16,14269.759442338689,4,0.5916398713826366
2022-12-23,14017.415843292285,4,0.5725677830940988
2022-12-30,13885.861656556042,4,0.5611390284757118
2023-01-06,14117.314128591252,4,0.5360281195079086
2023-01-13,14560.074408110671,4,0.5370370370370371
2023-01-17,14666.936402413368,4,0.5430210325047801
2023-02-03,15324.736801718012,1,0.6334519572953736
2023-02-10,15309.011980681375,1,0.726027397260274
2023-02-17,15203.967033156803,1,0.7801302931596091
2023-02-24,15227.627928770333,1,0.8212703101920237
2023-03-03,15330.394201416391,1,0.8052708638360175
2023-03-10,15249.638749471831,1,0.8095238095238095
2023-03-17,15177.703340807042,1,0.784741144414169
2023-03-24,15631.21857287806,1,0.768918918918919
2023-03-31,15585.409350320364,1,0.7575757575757576
2023-04-07,15554.411514472997,1,0.7330567081604425
2023-04-14,15645.686193981728,1,0.7609289617486339
2023-04-21,15325.06092357573,1,0.7552083333333334
2023-04-28,15301.675040447537,1,0.7569352708058125
2023-05-05,15347.729809867147,1,0.7928759894459103
2023-05-12,15226.223400720211,1,0.7912813738441216
2023-05-19,15886.803390501665,2,0.8257261410788381
2023-05-26,16211.052932589437,2,0.8593103448275862
2023-06-02,16409.31729076905,2,0.8849797023004059
2023-06-09,16585.610115745072,2,0.89453125
2023-06-16,16980.95038529268,2,0.9044025157232705
2023-06-21,16895.98134919777,2,0.9106699751861043
2023-06-30,16614.23105796917,2,0.90625
2023-07-07,16367.377886755045,2,0.8762254901960784
2023-07-14,16975.843010564975,2,0.8513011152416357
2023-07-21,16727.339764438824,2,0.8256097560975609
2023-07-28,16984.898778832172,2,0.8105515587529976
2023-08-04,16543.651067982108,2,0.824969400244798
2023-08-11,16305.539365051935,2,0.8234552332912989
2023-08-18,16089.517057819074,2,0.8055555555555556
2023-08-25,16188.000993193444,2,0.7692307692307693
2023-09-01,16348.451134639105,2,0.7541229385307346
2023-09-08,16280.758775748092,2,0.7503852080123267
2023-09-15,16619.51522643743,2,0.7484567901234568
2023-09-22,16053.343094122662,3,0.7217125382262997
2023-09-28,16062.438149887761,3,0.6944444444444444
2023-10-06,16226.296481776719,3,0.6921875
2023-10-13,16483.62959305711,3,0.6902927580893683
2023-10-20,16147.868814083062,3,0.6604938271604939
2023-10-27,15847.211414487485,3,0.6547987616099071
2023-11-03,16213.606619953282,3,0.6277258566978193
2023-11-10,16385.509067038372,3,0.6087662337662337
2023-11-17,16902.414676979766,3,0.632
2023-11-24,16979.48692599569,3,0.6475903614457831
2023-12-01,17127.728477467255,2,0.6648122392211405
2023-12-08,17074.33676781381,2,0.6939313984168866
2023-12-15,17359.053265134266,2,0.7148387096774194
2023-12-22,17283.189106678936,2,0.7263294422827496
2023-12-29,17611.41650792962,2,0.7227456258411844
2024-01-05,17207.07940136169,3,0.6923076923076923
2024-01-12,17200.88179856711,3,0.6575539568345323
2024-01-19,17366.566999108665,3,0.6191860465116279
2024-01-26,17674.492585816748,3,0.6119186046511628
2024-02-02,17738.236551168266,3,0.6084425036390102
2024-02-05,17773.732805525797,3,0.6008771929824561
2024-02-16,18275.807385007898,3,0.6104078762306611
2024-02-23,18552.72531399414,2,0.6320754716981132
2024-03-01,18598.632755296607,2,0.6297229219143576
2024-03-08,19432.892951443362,2,0.6431054461181923
2024-03-15,19331.90443807752,2,0.6633663366336634
2024-03-22,19868.110031364933,2,0.7004504504504504
2024-03-29,19932.954046657807,2,0.728310502283105
2024-04-03,19975.335435023255,2,0.7467608951707891
2024-04-12,20367.198761006228,2,0.7592371871275327
2024-04-19,19179.29215246397,2,0.7327887981330222
2024-04-26,19762.112362016152,2,0.7482598607888631
2024-05-03,19968.185110404473,2,0.7442396313364056
2024-05-10,20339.962703083307,2,0.7537746806039489
2024-05-17,20879.802389926972,2,0.7744186046511627
2024-05-24,21181.206251982752,2,0.7871853546910755
2024-05-31,20797.053097463722,2,0.7878453038674034
2024-06-07,21469.02646163774,2,0.8022222222222222
2024-06-14,22103.8534965422,2,0.8122222222222222
2024-06-21,22839.18777296316,2,0.7955801104972375
2024-06-28,22621.986840793135,2,0.7864184008762322
2024-07-05,23136.987007086114,2,0.7717391304347826
2024-07-12,23490.908431966945,2,0.7568134171907757
2024-07-19,22461.900108703107,2,0.7360824742268042
2024-07-26,21725.210413604407,2,0.7279411764705882
2024-08-02,21252.66038879822,2,0.6951476793248945
2024-08-09,21086.5823132776,2,0.6782608695652174
2024-08-16,21951.23138905419,2,0.6655132641291811
2024-08-23,21763.35857407056,2,0.6794717887154862
2024-08-30,21871.438480808323,2,0.687192118226601
2024-09-06,21053.374555673065,2,0.7052767052767053
2024-09-13,21372.055094932744,2,0.6983094928478544
2024-09-20,21764.704170873814,2,0.681045751633987
2024-09-27,22416.2578580115,2,0.6447534766118836
2024-10-04,21905.44181024544,2,0.6453634085213033
2024-10-11,22493.703338257517,2,0.6485148514851485
2024-10-18,23068.901773216057,2,0.6464019851116626
2024-10-25,22932.554511735347,2,0.6340852130325815
2024-11-01,22374.308632122997,2,0.6181353767560664
2024-11-08,23134.335100977503,2,0.5953002610966057
2024-11-15,22337.66321845174,2,0.5679487179487179
2024-11-22,22496.335600617185,2,0.5596330275229358
2024-11-29,21865.948052976033,2,0.5503978779840849
2024-12-06,22780.13866361134,2,0.5567282321899736
2024-12-13,22610.426494534473,2,0.5600539811066126
2024-12-20,22109.284993127625,2,0.5215633423180593
2024-12-27,22861.080731170954,2,0.5150684931506849
2025-01-03,22500.24470665878,3,0.46453407510431155
2025-01-10,22601.960038735873,3,0.4422535211267606
2025-01-17,22735.75361285272,3,0.43352601156069365
2025-01-22,23106.36240246887,3,0.4172767203513909
2025-02-07,23060.062086187343,3,0.38799414348462663
2025-02-14,22740.2029219905,3,0.38659058487874465
2025-02-21,23307.553679242435,3,0.4339887640449438
2025-02-27,22642.544024072147,3,0.44026845637583895
2025-03-07,22173.932570930974,3,0.4642857142857143
2025-03-14,21576.742959019884,3,0.49933774834437084
2025-03-21,21813.49924327232,3,0.5139072847682119
2025-03-28,21218.087390641453,3,0.49733333333333335
2025-04-02,20918.844340970467,3,0.4517426273458445
2025-04-11,19180.912761752577,3,0.344
2025-04-18,19049.55501250587,3,0.31043956043956045
2025-04-25,19518.74595624115,3,0.2861150070126227
2025-05-02,20417.359073956963,3,0.2696793002915452
2025-05-09,20542.489754785667,3,0.2878787878787879
2025-05-16,21454.598128031987,3,0.336322869955157
2025-05-23,21266.558341182248,3,0.36082474226804123
2025-05-29,20967.05010090041,3,0.38269794721407624
2025-06-06,21274.82835949134,3,0.39820359281437123
2025-06-13,21679.774422276816,3,0.4099099099099099
2025-06-20,21653.049101826662,3,0.39820359281437123
2025-06-27,22177.87114259599,3,0.4186746987951807
2025-07-04,22145.871475552034,3,0.43891402714932126
2025-07-11,22345.776086769205,3,0.4546899841017488
2025-07-18,22966.616772419336,3,0.47581903276131043
2025-07-25,22948.200757776183,3,0.4899845916795069
2025-08-01,23016.95387911064,3,0.5237366003062787
2025-08-08,23593.380048378724,3,0.5480059084194978
2025-08-15,23901.02080072699,3,0.5774058577405857
2025-08-22,23341.164133700513,3,0.5964673913043478
2025-08-29,23801.44663728574,3,0.6248366013071895
2025-09-05,24058.269011093358,3,0.6119592875318066
2025-09-12,25020.871641022597,3,0.6012738853503184
2025-09-19,25122.75394496579,3,0.584070796460177
2025-09-26,25124.66921048868,2,0.5786736020806242
2025-10-03,26284.377217409325,2,0.5826666666666667
2025-10-09,26815.603120337237,2,0.6080536912751678
2025-10-17,26816.04510468867,2,0.5883940620782726
2025-10-23,27041.84017702549,2,0.6111869031377899
2025-10-31,27730.441974687976,2,0.627906976744186
2025-11-07,27158.867811411215,2,0.6934812760055479
2025-11-14,26909.480596582183,2,0.7277856135401974
2025-11-21,25964.066246986567,2,0.731638418079096
2025-11-28,27134.381878341675,2,0.7485549132947977
2025-12-05,27482.47893165803,2,0.7394468704512372
2025-12-12,27695.74129216304,2,0.7346041055718475
2025-12-19,27203.007315307947,2,0.7388059701492538
2025-12-26,28047.364398416394,2,0.73568281938326
2026-01-02,28827.01497247465,2,0.7292263610315186
2026-01-09,29749.436313921142,2,0.7403314917127072
2026-01-16,30849.230886536046,2,0.7477243172951885
2026-01-23,31392.193929463203,2,0.7438118811881188
2026-01-30,31492.612774109413,2,0.7395459976105138
2026-02-06,31492.612774109413,2,0.737410071942446
2026-02-11,31492.612774109413,2,0.7312348668280871
2026-02-26,31492.612774109413,2,0.7326732673267327
2026-03-06,29878.654262935877,2,0.7267080745341615
2026-03-13,29701.496316658573,2,0.7144670050761421
2026-03-20,29829.158171731204,2,0.7039312039312039
2026-03-27,29445.63015923277,2,0.6934487021013597
2026-04-02,28965.28864602553,2,0.6428571428571429
2026-04-10,31495.58289528482,2,0.6475095785440613
2026-04-17,32728.54777879523,2,0.6564495530012772
2026-04-24,34620.94181129637,2,0.6606714628297362
2026-04-30,34615.810793577155,2,0.6927639383155397
2026-05-08,36996.62969302343,2,0.6971428571428572
2026-05-15,36612.84379575228,2,0.6975446428571429
2026-05-22,37587.12357449374,2,0.7412031782065834
2026-05-29,39779.11746484192,2,0.743139407244786
2026-06-05,40079.68661373123,2,0.7534246575342466
2026-06-12,39277.66497058547,2,0.7697095435684648
2026-06-18,41319.54324547799,2,0.7903885480572597
2026-06-26,39635.7868866822,2,0.8065506653019447
2026-07-03,41600.03295240897,2,0.8238396624472574
2026-07-09,40331.94238433901,2,0.8401727861771058
2026-07-17,37945.76126013592,2,0.8217821782178217
2026-07-24,38820.408590825435,2,0.8098510882016037
2026-07-31,38344.575614851536,2,0.7588652482269503
2026-08-07,39328.237063772845,2,0.7386363636363636
2026-08-14,40737.79966112328,2,0.7445997458703939
2026-08-21,40216.0543030276,2,0.727735368956743
2026-08-28,41200.60500978587,2,0.7453825857519789
2026-09-04,41395.95717140717,2,0.7470355731225297
2026-09-11,41070.2398108889,2,0.7513736263736264
2026-09-18,41955.85169070802,2,0.7679558011049724
2026-09-24,42706.2519164188,2,0.7747252747252747
2026-10-02,43107.43169698071,2,0.7863945578231293
2026-10-05,44206.82116080276,2,0.775235531628533
