example,symbol,name,strategy,variant,candidate_date,stage,why_candidate,why_high_rr,pre_trade_rr,one_second_trigger_time(LEARNED),entry_time,entry_date,entry_price,structural_stop,stop_distance_pct,stop_distance_atr,confirmation,add,exit_date,exit_reason,return,mae,mfe,failure_reason,window
SUCCESS,3231,緯創,HYBRID_A,PRE_REGISTERED,2023-03-20,2,動能試單且週線 Stage 2,PreTradeRR=13.28; 停損 7.5%; 上方無壓力,13.28291140165266,,09:00:00 開盤,2023-03-21,,,0.0752847,,TREND_FAILURE_MA20x2,,2023-08-07,TREND_FAILURE_MA20x2,2.12803,-0.0146256,3.46447,,DISCOVERY
SUCCESS,3078,僑威,HYBRID_A,PRE_REGISTERED,2023-03-14,2,動能試單且週線 Stage 2,PreTradeRR=0.61; 停損 8.6%; 上方壓力 5.2%,0.6053410768508911,,09:00:00 開盤,2023-03-15,,,0.0860686,,TREND_FAILURE_MA20x2,,2023-07-12,TREND_FAILURE_MA20x2,0.934962,-0.0469772,1.32931,,DISCOVERY
SUCCESS,6944,兆聯實業,HYBRID_A,PRE_REGISTERED,2024-01-15,2,動能試單且週線 Stage 2,PreTradeRR=15.32; 停損 6.5%; 上方無壓力,15.322758586873913,,09:00:00 開盤,2024-01-16,,,0.0652624,,TREND_FAILURE_MA20x2,,2024-04-24,TREND_FAILURE_MA20x2,0.776294,-0.0245036,1.17653,,DISCOVERY
SUCCESS,8054,安國,HYBRID_A,PRE_REGISTERED,2023-11-27,2,動能試單且週線 Stage 2,PreTradeRR=17.13; 停損 5.8%; 上方無壓力,17.131149226014678,,09:00:00 開盤,2023-11-28,,,0.0583732,,TREND_FAILURE_MA20x2,,2024-03-01,TREND_FAILURE_MA20x2,0.773639,-0.0096273,1.66319,,DISCOVERY
SUCCESS,2344,華邦電,HYBRID_A,PRE_REGISTERED,2025-09-15,2,動能試單且週線 Stage 2,PreTradeRR=0.16; 停損 7.0%; 上方壓力 1.2%,0.1644858419895172,,09:00:00 開盤,2025-09-16,,,0.0702489,,TREND_FAILURE_MA20x2,,2025-11-24,TREND_FAILURE_MA20x2,0.654806,-0.0307251,1.60104,,STRICT_OOS
SUCCESS,4747,強生*,HYBRID_A,PRE_REGISTERED,2023-05-30,2,動能試單且週線 Stage 2,PreTradeRR=0.44; 停損 7.1%; 上方壓力 3.1%,0.4396446943283081,,09:00:00 開盤,2023-05-31,,,0.0708587,,TREND_FAILURE_MA20x2,,2023-07-25,TREND_FAILURE_MA20x2,0.612569,-0.00249377,1.18379,,DISCOVERY
SUCCESS,2348,海悅,HYBRID_A,PRE_REGISTERED,2024-03-11,2,動能試單且週線 Stage 2,PreTradeRR=13.12; 停損 7.6%; 上方無壓力,13.119485716159927,,09:00:00 開盤,2024-03-12,,,0.0762225,,TREND_FAILURE_MA20x2,,2024-05-27,TREND_FAILURE_MA20x2,0.530246,-0.0155047,0.977665,,DISCOVERY
SUCCESS,2404,漢唐,HYBRID_A,PRE_REGISTERED,2025-07-07,2,動能試單且週線 Stage 2,PreTradeRR=21.24; 停損 4.7%; 上方無壓力,21.235164583143103,,09:00:00 開盤,2025-07-08,,,0.0470917,,TREND_FAILURE_MA20x2,,2025-09-05,TREND_FAILURE_MA20x2,0.508149,-0.0143865,0.925164,,STRICT_OOS
SUCCESS,8996,高力,HYBRID_A,PRE_REGISTERED,2023-06-01,2,動能試單且週線 Stage 2,PreTradeRR=13.84; 停損 7.2%; 上方無壓力,13.83841710649769,,09:00:00 開盤,2023-06-02,,,0.0722626,,PROBE_MAX_LIFE,,2023-07-04,PROBE_MAX_LIFE,0.422164,-0.0100363,0.40292,,DISCOVERY
SUCCESS,3661,世芯-KY,HYBRID_A,PRE_REGISTERED,2023-05-10,2,動能試單且週線 Stage 2,PreTradeRR=0.37; 停損 8.0%; 上方壓力 3.0%,0.37138694524765015,,09:00:00 開盤,2023-05-11,,,0.0800776,,TREND_FAILURE_MA20x2,,2023-08-02,TREND_FAILURE_MA20x2,0.407203,-0.0468274,0.706844,,DISCOVERY
FAILURE,1524,耿鼎,HYBRID_A,PRE_REGISTERED,2025-03-11,2,動能試單且週線 Stage 2,PreTradeRR=0.03; 停損 7.3%; 上方壓力 0.3%,0.03427942842245102,,09:00:00 開盤,2025-03-12,,,0.0733888,,TREND_FAILURE_MA20x2,,2025-04-08,TREND_FAILURE_MA20x2,-0.197651,-0.0721451,0.138053,TREND_FAILURE_MA20x2,STRICT_OOS
FAILURE,4534,慶騰,HYBRID_A,PRE_REGISTERED,2026-07-13,2,動能試單且週線 Stage 2,PreTradeRR=0.37; 停損 10.9%; 上方壓力 4.0%,0.36744749546051025,,09:00:00 開盤,2026-07-14,,,0.109171,,HARD_STOP,,2026-07-29,HARD_STOP,-0.197242,-0.0870047,0.233029,HARD_STOP,STRICT_OOS
FAILURE,6245,立端,HYBRID_A,PRE_REGISTERED,2023-05-12,2,動能試單且週線 Stage 2,PreTradeRR=0.86; 停損 4.8%; 上方壓力 4.1%,0.8572368025779724,,09:00:00 開盤,2023-05-15,,,0.0484041,,TREND_FAILURE_MA20x2,,2023-06-12,TREND_FAILURE_MA20x2,-0.150272,-0.0233621,0.176974,TREND_FAILURE_MA20x2,DISCOVERY
FAILURE,3622,洋華,HYBRID_A,PRE_REGISTERED,2024-01-30,2,動能試單且週線 Stage 2,PreTradeRR=15.66; 停損 6.4%; 上方無壓力,15.661265618197138,,09:00:00 開盤,2024-01-31,,,0.0638518,,TREND_FAILURE_MA20x2,,2024-02-27,TREND_FAILURE_MA20x2,-0.14907,-0.0130123,0.25521,TREND_FAILURE_MA20x2,DISCOVERY
FAILURE,2429,銘旺科,HYBRID_A,PRE_REGISTERED,2025-06-05,2,動能試單且週線 Stage 2,PreTradeRR=1.48; 停損 6.4%; 上方壓力 9.5%,1.4754129648208618,,09:00:00 開盤,2025-06-06,,,0.0642442,,TREND_FAILURE_MA20x2,,2025-07-03,TREND_FAILURE_MA20x2,-0.138395,-0.0104105,0.244508,TREND_FAILURE_MA20x2,STRICT_OOS
FAILURE,2609,陽明,HYBRID_A,PRE_REGISTERED,2024-09-27,2,動能試單且週線 Stage 2,PreTradeRR=0.04; 停損 7.5%; 上方壓力 0.3%,0.04253637418150902,,09:00:00 開盤,2024-09-30,,,0.0750148,,F1_PROBE_LOW,,2024-10-04,F1_PROBE_LOW,-0.1320408,-0.0668049,0.0,F1_PROBE_LOW,DISCOVERY
FAILURE,6805,富世達,HYBRID_A,PRE_REGISTERED,2024-11-29,2,動能試單且週線 Stage 2,PreTradeRR=0.22; 停損 7.9%; 上方壓力 1.8%,0.22436833381652832,,09:00:00 開盤,2024-12-02,,,0.0790591,,HARD_STOP,,2024-12-16,HARD_STOP,-0.126769,-0.0208263,0.207791,HARD_STOP,DISCOVERY
FAILURE,8150,南茂,HYBRID_A,PRE_REGISTERED,2026-01-15,2,動能試單且週線 Stage 2,PreTradeRR=12.15; 停損 8.2%; 上方無壓力,12.151509885860868,,09:00:00 開盤,2026-01-16,,,0.0822943,,HARD_STOP,,2026-01-30,HARD_STOP,-0.123463,-0.0200499,0.179451,HARD_STOP,STRICT_OOS
FAILURE,6757,台灣虎航,HYBRID_A,PRE_REGISTERED,2024-07-01,2,動能試單且週線 Stage 2,PreTradeRR=15.72; 停損 6.4%; 上方無壓力,15.71556091980035,,09:00:00 開盤,2024-07-02,,,0.0636312,,HARD_STOP,,2024-07-16,HARD_STOP,-0.120147,-0.0185826,0.201834,HARD_STOP,DISCOVERY
FAILURE,3149,正達,HYBRID_A,PRE_REGISTERED,2025-10-08,2,動能試單且週線 Stage 2,PreTradeRR=11.75; 停損 8.5%; 上方無壓力,11.753229199722623,,09:00:00 開盤,2025-10-09,,,0.085083,,F1_PROBE_LOW,,2025-10-13,F1_PROBE_LOW,-0.1194288,-0.0325262,0.0,F1_PROBE_LOW,STRICT_OOS
SUCCESS,5225,東科-KY,HYBRID_B,PRE_REGISTERED,2023-08-25,2,Weinstein 突破且動能分數 ≥0.9,PreTradeRR=0.00; 停損 15.6%; 上方壓力 0.0%,3.0159331032564296e-08,,盤中觸及 buy/sell-stop（日線模擬）,2023-08-28,48.973242573724576,41.332500101191584,0.15601871697653213,6.043525695800781,STAGE3_EXIT,,2024-11-04,STAGE3_EXIT,1.6852530355280197,-0.12196951355084218,2.4622986499370887,,DISCOVERY
SUCCESS,4967,十銓,HYBRID_B,PRE_REGISTERED,2025-10-09,1,Weinstein 突破且動能分數 ≥0.9,PreTradeRR=0.86; 停損 15.2%; 上方壓力 13.1%,0.8587947487831116,,盤中觸及 buy/sell-stop（日線模擬）,2025-10-13,118.64988484527662,100.6008998688131,0.1521197007481296,3.302354574203491,END_OF_WINDOW,,2026-09-03,END_OF_WINDOW,1.360564623576064,-0.07290259789595532,1.7222950978457,,STRICT_OOS
SUCCESS,6643,M31,HYBRID_B,PRE_REGISTERED,2023-05-19,2,Weinstein 突破且動能分數 ≥0.9,PreTradeRR=0.04; 停損 15.2%; 上方壓力 0.6%,0.04108605906367302,,盤中觸及 buy/sell-stop（日線模擬）,2023-05-23,668.6624882327468,566.9457506212816,0.1521197007481297,4.289259910583496,STAGE3_EXIT,,2024-08-19,STAGE3_EXIT,1.0122795591579214,-0.04585645041011177,2.472294023127796,,DISCOVERY
SUCCESS,1618,合機,HYBRID_B,PRE_REGISTERED,2023-07-07,2,Weinstein 突破且動能分數 ≥0.9,PreTradeRR=0.41; 停損 15.5%; 上方壓力 6.3%,0.40845417976379395,,盤中觸及 buy/sell-stop（日線模擬）,2023-07-10,22.857,19.310257000664386,0.15517097603953334,5.876261151907066,STAGE3_EXIT,,2024-11-11,STAGE3_EXIT,0.8581707110325072,-0.0068687929299559025,2.134131421046331,,DISCOVERY
SUCCESS,2464,盟立,HYBRID_B,PRE_REGISTERED,2024-03-22,1,Weinstein 突破且動能分數 ≥0.9,PreTradeRR=0.04; 停損 15.9%; 上方壓力 0.7%,0.043067824095487595,,盤中觸及 buy/sell-stop（日線模擬）,2024-03-25,46.465875,39.089417303974905,0.1587500008560066,3.7416815259774423,STAGE3_HALF,,2025-03-28,STAGE3_SUPPORT_STOP,0.5649738927218162,-0.08535028309256376,1.1350421042637984,,DISCOVERY
SUCCESS,3617,碩天,HYBRID_B,PRE_REGISTERED,2023-05-12,2,Weinstein 突破且動能分數 ≥0.9,PreTradeRR=0.07; 停損 15.2%; 上方壓力 1.1%,0.07414025068283081,,盤中觸及 buy/sell-stop（日線模擬）,2023-05-16,138.76003508556022,117.65190007254483,0.15211970074812958,3.888340473175049,STAGE3_EXIT,,2024-01-15,STAGE3_EXIT,0.5087265190593087,-0.023494049158679364,1.339220237490017,,DISCOVERY
SUCCESS,3416,融程電,HYBRID_B,PRE_REGISTERED,2023-03-17,2,Weinstein 突破且動能分數 ≥0.9,PreTradeRR=0.25; 停損 15.2%; 上方壓力 3.8%,0.24743591248989105,,盤中觸及 buy/sell-stop（日線模擬）,2023-03-22,102.5617646036738,86.96009966396282,0.15211970074812964,5.225438117980957,STAGE3_EXIT,,2024-02-26,STAGE3_EXIT,0.42610701299515424,-0.02497778362831471,0.49522195950842707,,DISCOVERY
SUCCESS,1808,潤隆,HYBRID_B,PRE_REGISTERED,2023-08-11,2,Weinstein 突破且動能分數 ≥0.9,PreTradeRR=0.20; 停損 11.6%; 上方壓力 2.3%,0.19658955931663513,,盤中觸及 buy/sell-stop（日線模擬）,2023-08-16,85.97089190165924,76.03200106371811,0.1156076273968413,4.716761589050293,STAGE3_EXIT,,2024-10-21,STAGE3_EXIT,0.3131991460013532,-0.07643159227298335,0.6273593832319921,,DISCOVERY
SUCCESS,4938,和碩,HYBRID_B,PRE_REGISTERED,2023-07-14,2,Weinstein 突破且動能分數 ≥0.9,PreTradeRR=0.24; 停損 12.4%; 上方壓力 3.0%,0.24084587395191193,,盤中觸及 buy/sell-stop（日線模擬）,2023-07-19,78.69892614933896,68.90399982805899,0.12446073663944465,6.714033126831055,STAGE3_EXIT,,2024-11-11,STAGE3_EXIT,0.3088775933005911,-0.0571662952889157,0.5502117579503272,,DISCOVERY
SUCCESS,4747,強生*,HYBRID_B,PRE_REGISTERED,2023-05-26,2,Weinstein 突破且動能分數 ≥0.9,PreTradeRR=0.10; 停損 15.2%; 上方壓力 1.5%,0.0989360436797142,,盤中觸及 buy/sell-stop（日線模擬）,2023-05-31,66.5645962730064,56.4388098075366,0.15211970074812967,4.805457592010498,WEAK_VOL_FIRST_RALLY,,2023-06-05,WEAK_VOL_FIRST_RALLY,0.2048252577064668,-0.03552333230278015,0.12672504822247976,,DISCOVERY
FAILURE,2049,上銀,HYBRID_B,PRE_REGISTERED,2024-12-13,1,Weinstein 突破且動能分數 ≥0.9,PreTradeRR=0.16; 停損 15.2%; 上方壓力 2.4%,0.15944017469882965,,盤中觸及 buy/sell-stop（日線模擬）,2024-12-17,264.44847164691873,224.2206492766892,0.15211970074812967,4.6353044509887695,STRUCTURAL_STOP,,2025-04-09,STRUCTURAL_STOP,-0.32931175354870296,-0.24938117933804171,0.4048105385583536,STRUCTURAL_STOP,DISCOVERY
FAILURE,3617,碩天,HYBRID_B,PRE_REGISTERED,2024-08-30,1,Weinstein 突破且動能分數 ≥0.9,PreTradeRR=0.08; 停損 15.2%; 上方壓力 1.2%,0.0789436399936676,,盤中觸及 buy/sell-stop（日線模擬）,2024-09-03,310.92379776505817,263.62616269356556,0.15211970074812978,6.5887250900268555,STRUCTURAL_STOP,,2025-04-08,STRUCTURAL_STOP,-0.26341005769816267,-0.1750390217235992,0.2913131840152807,STRUCTURAL_STOP,DISCOVERY
FAILURE,7714,創泓科技,HYBRID_B,PRE_REGISTERED,2026-07-09,1,Weinstein 突破且動能分數 ≥0.9,PreTradeRR=0.09; 停損 16.9%; 上方壓力 1.6%,0.09365622699260712,,盤中觸及 buy/sell-stop（日線模擬）,2026-07-13,176.91904530864338,147.0648755682821,0.16874480465502906,2.9330413341522217,STRUCTURAL_STOP,,2026-07-28,STRUCTURAL_STOP,-0.19260323348385316,-0.11258846969027148,0.21807123686027619,STRUCTURAL_STOP,STRICT_OOS
FAILURE,3205,佰研,HYBRID_B,PRE_REGISTERED,2023-07-14,1,Weinstein 突破且動能分數 ≥0.9,PreTradeRR=0.19; 停損 16.9%; 上方壓力 3.1%,0.18591713905334473,,盤中觸及 buy/sell-stop（日線模擬）,2023-07-20,57.74227369499999,47.998565,0.16874480465502895,3.8588943481445312,STRUCTURAL_STOP,,2023-08-11,STRUCTURAL_STOP,-0.17532294264339138,-0.16871995284528596,0.054686559827543446,STRUCTURAL_STOP,DISCOVERY
FAILURE,4768,晶呈科技,HYBRID_B,PRE_REGISTERED,2023-07-14,1,Weinstein 突破且動能分數 ≥0.9,PreTradeRR=0.07; 停損 16.9%; 上方壓力 1.1%,0.066410131752491,,盤中觸及 buy/sell-stop（日線模擬）,2023-07-17,216.8351560529471,180.24535000244978,0.16874480465502908,4.592447757720947,STRUCTURAL_STOP,,2023-08-08,STRUCTURAL_STOP,-0.17532294264339138,-0.16295861244777532,0.16909086853099842,STRUCTURAL_STOP,DISCOVERY
FAILURE,8473,山林水,HYBRID_B,PRE_REGISTERED,2026-05-29,1,Weinstein 突破且動能分數 ≥0.9,PreTradeRR=0.93; 停損 16.9%; 上方壓力 15.7%,0.930992841720581,,盤中觸及 buy/sell-stop（日線模擬）,2026-06-01,51.79369114131274,43.05377484730902,0.16874480465502897,4.506771087646484,STRUCTURAL_STOP,,2026-07-14,STRUCTURAL_STOP,-0.17532294264339138,-0.1340644305494183,0.10438159829392712,STRUCTURAL_STOP,STRICT_OOS
FAILURE,2442,新美齊,HYBRID_B,PRE_REGISTERED,2024-04-19,2,Weinstein 突破且動能分數 ≥0.9,PreTradeRR=0.02; 停損 16.6%; 上方壓力 0.4%,0.022013412788510323,,盤中觸及 buy/sell-stop（日線模擬）,2024-04-24,30.024875,25.04700034904257,0.16579168609219622,5.688999533644226,STRUCTURAL_STOP,,2024-10-09,STRUCTURAL_STOP,-0.17237720687696562,-0.12888458951346982,0.30225356096230827,STRUCTURAL_STOP,DISCOVERY
FAILURE,6216,居易,HYBRID_B,PRE_REGISTERED,2024-10-25,2,Weinstein 突破且動能分數 ≥0.9,PreTradeRR=0.42; 停損 15.2%; 上方壓力 6.4%,0.42139554023742676,,盤中觸及 buy/sell-stop（日線模擬）,2024-10-30,51.180331946051034,43.39479516622781,0.15211970074812975,4.266047477722168,STRUCTURAL_STOP,,2024-11-12,STRUCTURAL_STOP,-0.16643393684294755,-0.12368681058803732,0.053138925494164546,STRUCTURAL_STOP,DISCOVERY
FAILURE,2426,鼎元,HYBRID_B,PRE_REGISTERED,2024-09-13,1,Weinstein 突破且動能分數 ≥0.9,PreTradeRR=0.41; 停損 15.2%; 上方壓力 6.3%,0.41363048553466797,,盤中觸及 buy/sell-stop（日線模擬）,2024-09-16,23.780252130479926,20.162807292676245,0.15211970074812972,2.5838890075683594,STRUCTURAL_STOP,,2024-11-12,STRUCTURAL_STOP,-0.15873940149625937,-0.13373500163600682,0.13539589144652164,STRUCTURAL_STOP,DISCOVERY
FAILURE,1513,中興電,HYBRID_B,PRE_REGISTERED,2024-06-07,2,Weinstein 突破且動能分數 ≥0.9,PreTradeRR=0.63; 停損 15.2%; 上方壓力 9.6%,0.6320933699607849,,盤中觸及 buy/sell-stop（日線模擬）,2024-06-14,191.04642460278845,161.98449966321215,0.15211970074812967,5.085837364196777,STRUCTURAL_STOP,,2024-08-06,STRUCTURAL_STOP,-0.15873940149625937,-0.1381522629266856,0.2754279178010812,STRUCTURAL_STOP,DISCOVERY
SUCCESS,8021,尖點,HYBRID_D,USER_SPEC,2025-07-08,1,動能試單 → Weinstein 確認 → 加碼,PreTradeRR=19.43; 停損 5.1%; 上方無壓力,19.428982212766783,,09:00:00 開盤,2025-07-09,,,0.0514695,,ADDED,2025-07-14,2026-07-20,MA10W_EXIT,6.994887536971891,,,,STRICT_OOS
SUCCESS,6223,旺矽,HYBRID_D,USER_SPEC,2025-08-29,2,動能試單 → Weinstein 確認 → 加碼,PreTradeRR=15.53; 停損 6.4%; 上方無壓力,15.53207451046784,,09:00:00 開盤,2025-09-01,,,0.0643829,,ADDED,2025-09-08,2026-07-20,MA10W_EXIT,2.6555855351180284,,,,STRICT_OOS
SUCCESS,3231,緯創,HYBRID_D,USER_SPEC,2023-03-20,2,動能試單 → Weinstein 確認 → 加碼,PreTradeRR=13.28; 停損 7.5%; 上方無壓力,13.28291140165266,,09:00:00 開盤,2023-03-21,,,0.0752847,,ADDED,2023-03-27,2023-08-28,MA10W_EXIT,1.8841215969251672,,,,DISCOVERY
SUCCESS,2344,華邦電,HYBRID_D,USER_SPEC,2025-09-15,2,動能試單 → Weinstein 確認 → 加碼,PreTradeRR=0.16; 停損 7.0%; 上方壓力 1.2%,0.1644858419895172,,09:00:00 開盤,2025-09-16,,,0.0702489,,ADDED,2025-09-22,2026-03-30,MA10W_EXIT,1.8801844933478542,,,,STRICT_OOS
SUCCESS,2421,建準,HYBRID_D,USER_SPEC,2023-03-14,2,動能試單 → Weinstein 確認 → 加碼,PreTradeRR=0.04; 停損 5.8%; 上方壓力 0.2%,0.03648426756262779,,09:00:00 開盤,2023-03-15,,,0.0583794,,ADDED,2023-03-20,2023-09-11,MA10W_EXIT,1.5380255589583096,,,,DISCOVERY
SUCCESS,7769,鴻勁,HYBRID_D,USER_SPEC,2025-06-19,2,動能試單 → Weinstein 確認 → 加碼,PreTradeRR=14.82; 停損 6.7%; 上方無壓力,14.819666883527793,,09:00:00 開盤,2025-06-20,,,0.0674779,,ADDED,2025-06-23,2026-03-30,MA10W_EXIT,1.4414507935017913,,,,STRICT_OOS
SUCCESS,2072,世紀風電,HYBRID_D,USER_SPEC,2023-10-17,2,動能試單 → Weinstein 確認 → 加碼,PreTradeRR=2.82; 停損 6.1%; 上方壓力 17.1%,2.82401967048645,,09:00:00 開盤,2023-10-18,,,0.0606063,,ADDED,2023-10-23,2024-04-15,MA10W_EXIT,1.3662889040359263,,,,DISCOVERY
SUCCESS,2348,海悅,HYBRID_D,USER_SPEC,2024-03-11,2,動能試單 → Weinstein 確認 → 加碼,PreTradeRR=13.12; 停損 7.6%; 上方無壓力,13.119485716159927,,09:00:00 開盤,2024-03-12,,,0.0762225,,ADDED,2024-03-18,2024-09-09,MA10W_EXIT,1.2217445658307373,,,,DISCOVERY
SUCCESS,7750,新代,HYBRID_D,USER_SPEC,2026-02-02,3,動能試單 → Weinstein 確認 → 加碼,PreTradeRR=14.02; 停損 7.1%; 上方無壓力,14.020978187564234,,09:00:00 開盤,2026-02-03,,,0.0713217,,ADDED,2026-02-09,2026-06-15,MA10W_EXIT,1.1436828874635367,,,,STRICT_OOS
SUCCESS,5508,永信建,HYBRID_D,USER_SPEC,2024-03-19,2,動能試單 → Weinstein 確認 → 加碼,PreTradeRR=18.46; 停損 5.4%; 上方無壓力,18.464663250703968,,09:00:00 開盤,2024-03-20,,,0.0541575,,ADDED,2024-03-25,2024-09-16,MA10W_EXIT,1.1351314805704351,,,,DISCOVERY
FAILURE,4303,信立,HYBRID_D,USER_SPEC,2025-03-10,2,動能試單 → Weinstein 確認 → 加碼,PreTradeRR=1.00; 停損 5.5%; 上方壓力 5.5%,1.0009700059890747,,09:00:00 開盤,2025-03-11,,,0.0545909,,ADDED,2025-03-24,2025-04-09,STOP_AFTER_ADD,-0.28193123557031446,,,STOP_AFTER_ADD,STRICT_OOS
FAILURE,8103,瀚荃,HYBRID_D,USER_SPEC,2024-06-21,2,動能試單 → Weinstein 確認 → 加碼,PreTradeRR=12.30; 停損 8.1%; 上方無壓力,12.301893384410796,,09:00:00 開盤,2024-06-24,,,0.0812883,,ADDED,2024-07-15,2024-08-06,STOP_AFTER_ADD,-0.2766764353179602,,,STOP_AFTER_ADD,DISCOVERY
FAILURE,3147,大綜,HYBRID_D,USER_SPEC,2025-04-22,2,動能試單 → Weinstein 確認 → 加碼,PreTradeRR=11.48; 停損 8.7%; 上方無壓力,11.475193500450402,,09:00:00 開盤,2025-04-23,,,0.0871445,,ADDED,2025-04-28,2025-06-02,MA10W_EXIT,-0.20956211770630054,,,MA10W_EXIT,STRICT_OOS
FAILURE,3563,牧德,HYBRID_D,USER_SPEC,2025-02-24,3,動能試單 → Weinstein 確認 → 加碼,PreTradeRR=1.43; 停損 4.0%; 上方壓力 5.8%,1.4346232414245605,,09:00:00 開盤,2025-02-25,,,0.0401355,,ADDED,2025-03-10,2025-04-08,STOP_AFTER_ADD,-0.20667727736542874,,,STOP_AFTER_ADD,STRICT_OOS
FAILURE,1524,耿鼎,HYBRID_D,USER_SPEC,2025-03-11,2,動能試單 → Weinstein 確認 → 加碼,PreTradeRR=0.03; 停損 7.3%; 上方壓力 0.3%,0.03427942842245102,,09:00:00 開盤,2025-03-12,,,0.0733888,,ADDED,2025-03-17,2025-04-08,STOP_AFTER_ADD,-0.1980858781264368,,,STOP_AFTER_ADD,STRICT_OOS
FAILURE,3293,鈊象,HYBRID_D,USER_SPEC,2024-07-12,2,動能試單 → Weinstein 確認 → 加碼,PreTradeRR=12.23; 停損 8.2%; 上方無壓力,12.230052173402571,,09:00:00 開盤,2024-07-15,,,0.0817658,,ADDED,2024-07-29,2024-08-05,STOP_AFTER_ADD,-0.18956784929850218,,,STOP_AFTER_ADD,DISCOVERY
FAILURE,1446,宏和,HYBRID_D,USER_SPEC,2024-11-14,2,動能試單 → Weinstein 確認 → 加碼,PreTradeRR=3.46; 停損 5.6%; 上方壓力 19.4%,3.4624390602111816,,09:00:00 開盤,2024-11-15,,,0.0561232,,ADDED,2024-11-25,2024-12-12,STOP_AFTER_ADD,-0.18381900540425608,,,STOP_AFTER_ADD,DISCOVERY
FAILURE,4534,慶騰,HYBRID_D,USER_SPEC,2026-07-13,2,動能試單 → Weinstein 確認 → 加碼,PreTradeRR=0.37; 停損 10.9%; 上方壓力 4.0%,0.36744749546051025,,09:00:00 開盤,2026-07-14,,,0.109171,,ADDED,2026-07-20,2026-07-29,STOP_AFTER_ADD,-0.18254369285120536,,,STOP_AFTER_ADD,STRICT_OOS
FAILURE,1783,和康生,HYBRID_D,USER_SPEC,2023-04-24,2,動能試單 → Weinstein 確認 → 加碼,PreTradeRR=0.96; 停損 6.0%; 上方壓力 5.7%,0.9574446678161621,,09:00:00 開盤,2023-04-25,,,0.059634,,ADDED,2023-05-08,2023-05-26,STOP_AFTER_ADD,-0.1795490932204216,,,STOP_AFTER_ADD,DISCOVERY
FAILURE,6620,漢達,HYBRID_D,USER_SPEC,2023-02-22,2,動能試單 → Weinstein 確認 → 加碼,PreTradeRR=19.50; 停損 5.1%; 上方無壓力,19.49895485601972,,09:00:00 開盤,2023-02-23,,,0.0512848,,ADDED,2023-03-01,2023-04-24,MA10W_EXIT,-0.1762653116888513,,,MA10W_EXIT,DISCOVERY
SUCCESS,3231,緯創,MOMENTUM,FROZEN_V1,2023-03-20,2,凍結 V1：Emerging Leader 試單訊號,PreTradeRR=13.28; 停損 7.5%; 上方無壓力,13.28291140165266,09:00:07,09:00:00 開盤,2023-03-21,,,0.0752847,,TREND_FAILURE_MA20x2,,2023-08-07,TREND_FAILURE_MA20x2,2.12803,-0.0146256,3.46447,,DISCOVERY
SUCCESS,3078,僑威,MOMENTUM,FROZEN_V1,2023-03-14,2,凍結 V1：Emerging Leader 試單訊號,PreTradeRR=0.61; 停損 8.6%; 上方壓力 5.2%,0.6053410768508911,09:00:27,09:00:00 開盤,2023-03-15,,,0.0860686,,TREND_FAILURE_MA20x2,,2023-07-12,TREND_FAILURE_MA20x2,0.934962,-0.0469772,1.32931,,DISCOVERY
SUCCESS,6944,兆聯實業,MOMENTUM,FROZEN_V1,2024-01-15,2,凍結 V1：Emerging Leader 試單訊號,PreTradeRR=15.32; 停損 6.5%; 上方無壓力,15.322758586873913,09:00:43,09:00:00 開盤,2024-01-16,,,0.0652624,,TREND_FAILURE_MA20x2,,2024-04-24,TREND_FAILURE_MA20x2,0.776294,-0.0245036,1.17653,,DISCOVERY
SUCCESS,8054,安國,MOMENTUM,FROZEN_V1,2023-11-27,2,凍結 V1：Emerging Leader 試單訊號,PreTradeRR=17.13; 停損 5.8%; 上方無壓力,17.131149226014678,09:06:07,09:00:00 開盤,2023-11-28,,,0.0583732,,TREND_FAILURE_MA20x2,,2024-03-01,TREND_FAILURE_MA20x2,0.773639,-0.0096273,1.66319,,DISCOVERY
SUCCESS,5371,中光電,MOMENTUM,FROZEN_V1,2025-07-21,4,凍結 V1：Emerging Leader 試單訊號,PreTradeRR=1.09; 停損 5.9%; 上方壓力 6.4%,1.0858492851257324,09:05:14,09:00:00 開盤,2025-07-22,,,0.0588314,,TREND_FAILURE_MA20x2,,2025-09-17,TREND_FAILURE_MA20x2,0.693129,-0.0422615,1.33635,,STRICT_OOS
SUCCESS,2344,華邦電,MOMENTUM,FROZEN_V1,2025-09-15,2,凍結 V1：Emerging Leader 試單訊號,PreTradeRR=0.16; 停損 7.0%; 上方壓力 1.2%,0.1644858419895172,09:00:01,09:00:00 開盤,2025-09-16,,,0.0702489,,TREND_FAILURE_MA20x2,,2025-11-24,TREND_FAILURE_MA20x2,0.654806,-0.0307251,1.60104,,STRICT_OOS
SUCCESS,4747,強生*,MOMENTUM,FROZEN_V1,2023-05-30,2,凍結 V1：Emerging Leader 試單訊號,PreTradeRR=0.44; 停損 7.1%; 上方壓力 3.1%,0.4396446943283081,09:01:34,09:00:00 開盤,2023-05-31,,,0.0708587,,TREND_FAILURE_MA20x2,,2023-07-25,TREND_FAILURE_MA20x2,0.612569,-0.00249377,1.18379,,DISCOVERY
SUCCESS,2609,陽明,MOMENTUM,FROZEN_V1,2024-04-25,3,凍結 V1：Emerging Leader 試單訊號,PreTradeRR=0.18; 停損 4.2%; 上方壓力 0.7%,0.1783127784729004,09:11:41,09:00:00 開盤,2024-04-26,,,0.0416739,,PROBE_MAX_LIFE,,2024-05-27,PROBE_MAX_LIFE,0.597568,-0.00355269,0.618036,,DISCOVERY
SUCCESS,2348,海悅,MOMENTUM,FROZEN_V1,2024-03-11,2,凍結 V1：Emerging Leader 試單訊號,PreTradeRR=13.12; 停損 7.6%; 上方無壓力,13.119485716159927,09:01:57,09:00:00 開盤,2024-03-12,,,0.0762225,,TREND_FAILURE_MA20x2,,2024-05-27,TREND_FAILURE_MA20x2,0.530246,-0.0155047,0.977665,,DISCOVERY
SUCCESS,2404,漢唐,MOMENTUM,FROZEN_V1,2025-07-07,2,凍結 V1：Emerging Leader 試單訊號,PreTradeRR=21.24; 停損 4.7%; 上方無壓力,21.235164583143103,,09:00:00 開盤,2025-07-08,,,0.0470917,,TREND_FAILURE_MA20x2,,2025-09-05,TREND_FAILURE_MA20x2,0.508149,-0.0143865,0.925164,,STRICT_OOS
FAILURE,1524,耿鼎,MOMENTUM,FROZEN_V1,2025-03-11,2,凍結 V1：Emerging Leader 試單訊號,PreTradeRR=0.03; 停損 7.3%; 上方壓力 0.3%,0.03427942842245102,09:07:01,09:00:00 開盤,2025-03-12,,,0.0733888,,TREND_FAILURE_MA20x2,,2025-04-08,TREND_FAILURE_MA20x2,-0.197651,-0.0721451,0.138053,TREND_FAILURE_MA20x2,STRICT_OOS
FAILURE,4534,慶騰,MOMENTUM,FROZEN_V1,2026-07-13,2,凍結 V1：Emerging Leader 試單訊號,PreTradeRR=0.37; 停損 10.9%; 上方壓力 4.0%,0.36744749546051025,09:06:19,09:00:00 開盤,2026-07-14,,,0.109171,,HARD_STOP,,2026-07-29,HARD_STOP,-0.197242,-0.0870047,0.233029,HARD_STOP,STRICT_OOS
FAILURE,6245,立端,MOMENTUM,FROZEN_V1,2023-05-12,2,凍結 V1：Emerging Leader 試單訊號,PreTradeRR=0.86; 停損 4.8%; 上方壓力 4.1%,0.8572368025779724,09:00:23,09:00:00 開盤,2023-05-15,,,0.0484041,,TREND_FAILURE_MA20x2,,2023-06-12,TREND_FAILURE_MA20x2,-0.150272,-0.0233621,0.176974,TREND_FAILURE_MA20x2,DISCOVERY
FAILURE,3622,洋華,MOMENTUM,FROZEN_V1,2024-01-30,2,凍結 V1：Emerging Leader 試單訊號,PreTradeRR=15.66; 停損 6.4%; 上方無壓力,15.661265618197138,09:04:35,09:00:00 開盤,2024-01-31,,,0.0638518,,TREND_FAILURE_MA20x2,,2024-02-27,TREND_FAILURE_MA20x2,-0.14907,-0.0130123,0.25521,TREND_FAILURE_MA20x2,DISCOVERY
FAILURE,4766,南寶,MOMENTUM,FROZEN_V1,2025-03-19,3,凍結 V1：Emerging Leader 試單訊號,PreTradeRR=0.15; 停損 4.7%; 上方壓力 0.7%,0.15220464766025543,09:02:35,09:00:00 開盤,2025-03-20,,,0.0467956,,F2_STRUCTURE,,2025-04-08,F2_STRUCTURE,-0.1488628,-0.0482247,0.0732481,F2_STRUCTURE,STRICT_OOS
FAILURE,2429,銘旺科,MOMENTUM,FROZEN_V1,2025-06-05,2,凍結 V1：Emerging Leader 試單訊號,PreTradeRR=1.48; 停損 6.4%; 上方壓力 9.5%,1.4754129648208618,09:02:01,09:00:00 開盤,2025-06-06,,,0.0642442,,TREND_FAILURE_MA20x2,,2025-07-03,TREND_FAILURE_MA20x2,-0.138395,-0.0104105,0.244508,TREND_FAILURE_MA20x2,STRICT_OOS
FAILURE,2609,陽明,MOMENTUM,FROZEN_V1,2024-09-27,2,凍結 V1：Emerging Leader 試單訊號,PreTradeRR=0.04; 停損 7.5%; 上方壓力 0.3%,0.04253637418150902,09:05:16,09:00:00 開盤,2024-09-30,,,0.0750148,,F1_PROBE_LOW,,2024-10-04,F1_PROBE_LOW,-0.1320408,-0.0668049,0.0,F1_PROBE_LOW,DISCOVERY
FAILURE,6805,富世達,MOMENTUM,FROZEN_V1,2024-11-29,2,凍結 V1：Emerging Leader 試單訊號,PreTradeRR=0.22; 停損 7.9%; 上方壓力 1.8%,0.22436833381652832,,09:00:00 開盤,2024-12-02,,,0.0790591,,HARD_STOP,,2024-12-16,HARD_STOP,-0.126769,-0.0208263,0.207791,HARD_STOP,DISCOVERY
FAILURE,4532,瑞智,MOMENTUM,FROZEN_V1,2025-03-03,1,凍結 V1：Emerging Leader 試單訊號,PreTradeRR=0.09; 停損 2.0%; 上方壓力 0.2%,0.08710414916276932,09:00:42,09:00:00 開盤,2025-03-04,,,0.0196922,,HARD_STOP,,2025-04-08,HARD_STOP,-0.124159,-0.0248517,0.0972568,HARD_STOP,STRICT_OOS
FAILURE,8150,南茂,MOMENTUM,FROZEN_V1,2026-01-15,2,凍結 V1：Emerging Leader 試單訊號,PreTradeRR=12.15; 停損 8.2%; 上方無壓力,12.151509885860868,09:00:34,09:00:00 開盤,2026-01-16,,,0.0822943,,HARD_STOP,,2026-01-30,HARD_STOP,-0.123463,-0.0200499,0.179451,HARD_STOP,STRICT_OOS
SUCCESS,2348,海悅,S1,MODERNIZED,2025-03-14,3,Stage 3 頂部跌破支撐（sell-stop）,PreTradeRR=0.07; 停損 11.7%; 上方壓力 0.8%,0.07091376930475235,,盤中觸及 buy/sell-stop（日線模擬）,2025-03-17,160.5975,179.4232143537652,0.11722296021896482,2.7031794788677783,MA10W_EXIT,,2025-09-08,MA10W_EXIT,0.2876618295030132,-0.04920686535962848,0.43191311934570253,,STRICT_OOS
SUCCESS,4968,立積,S1,MODERNIZED,2025-03-28,3,Stage 3 頂部跌破支撐（sell-stop）,PreTradeRR=0.11; 停損 13.2%; 上方壓力 1.4%,0.10925943404436111,,盤中觸及 buy/sell-stop（日線模擬）,2025-03-31,166.17225757283612,188.02421323154022,0.1315018281503817,3.0289838314056396,MA10W_EXIT,,2025-07-28,MA10W_EXIT,0.2491622663069263,-0.023034786209642055,0.3380363175656341,,STRICT_OOS
SUCCESS,6873,泓德能源,S1,MODERNIZED,2025-08-29,3,Stage 3 頂部跌破支撐（sell-stop）,PreTradeRR=0.85; 停損 14.1%; 上方壓力 12.0%,0.853432297706604,,盤中觸及 buy/sell-stop（日線模擬）,2025-09-01,148.62750000000003,169.58721469713112,0.14102178060675924,2.5516173647825804,MA10W_EXIT,,2025-12-29,MA10W_EXIT,0.205845564086229,-0.015962725605961126,0.39109518975348845,,STRICT_OOS
SUCCESS,1522,堤維西,S1,MODERNIZED,2025-03-07,3,Stage 3 頂部跌破支撐（sell-stop）,PreTradeRR=1.67; 停損 5.9%; 上方壓力 9.9%,1.6717355251312256,,盤中觸及 buy/sell-stop（日線模擬）,2025-03-11,58.653,62.132513458238606,0.05932370822018653,2.988539344791752,MA10W_EXIT,,2025-06-30,MA10W_EXIT,0.17423208828103776,-0.03149029408272708,0.31717047116075436,,STRICT_OOS
SUCCESS,2495,普安,S1,MODERNIZED,2025-03-21,3,Stage 3 頂部跌破支撐（sell-stop）,PreTradeRR=0.76; 停損 8.7%; 上方壓力 6.6%,0.7610436677932739,,盤中觸及 buy/sell-stop（日線模擬）,2025-03-28,27.895935820733907,30.32299338605388,0.08700398441252649,2.5741519927978516,MA10W_EXIT,,2025-08-04,MA10W_EXIT,0.17352479164994924,-0.03240845494755318,0.2794649210319363,,STRICT_OOS
SUCCESS,6695,芯鼎,S1,MODERNIZED,2025-03-07,3,Stage 3 頂部跌破支撐（sell-stop）,PreTradeRR=0.95; 停損 10.0%; 上方壓力 9.5%,0.9489768147468567,,盤中觸及 buy/sell-stop（日線模擬）,2025-03-11,55.06200000000002,60.57902844608338,0.10019665914938371,2.788389789582625,MA10W_EXIT,,2025-06-30,MA10W_EXIT,0.16936455995060096,-0.04427736006683336,0.35163996948893994,,STRICT_OOS
SUCCESS,3062,建漢,S1,MODERNIZED,2025-03-14,3,Stage 3 頂部跌破支撐（sell-stop）,PreTradeRR=0.60; 停損 9.1%; 上方壓力 5.5%,0.5998521447181702,,盤中觸及 buy/sell-stop（日線模擬）,2025-03-17,28.59209062500001,31.190535743671642,0.09087985739663369,2.5708999633789062,MA10W_EXIT,,2025-05-19,MA10W_EXIT,0.15505516614862278,-0.03874880607825393,0.3687065336797143,,STRICT_OOS
SUCCESS,3703,欣陸,S1,MODERNIZED,2025-03-07,3,Stage 3 頂部跌破支撐（sell-stop）,PreTradeRR=0.01; 停損 6.1%; 上方壓力 0.1%,0.012682372704148293,,盤中觸及 buy/sell-stop（日線模擬）,2025-03-11,27.746759131132357,29.432371551501777,0.06074988478485529,2.607576847076416,MA10W_EXIT,,2025-07-28,MA10W_EXIT,0.13440480448631964,-0.04877111224502473,0.20170857053958557,,STRICT_OOS
SUCCESS,6176,瑞儀,S1,MODERNIZED,2025-03-14,3,Stage 3 頂部跌破支撐（sell-stop）,PreTradeRR=0.69; 停損 4.9%; 上方壓力 3.4%,0.6870216727256775,,盤中觸及 buy/sell-stop（日線模擬）,2025-03-17,184.97839564400127,194.0134296592493,0.04884372568911426,2.6352181434631348,MA10W_EXIT,,2025-06-16,MA10W_EXIT,0.1334901762657898,-0.019037922475964253,0.2539669302400269,,STRICT_OOS
SUCCESS,3010,華立,S1,MODERNIZED,2025-01-03,3,Stage 3 頂部跌破支撐（sell-stop）,PreTradeRR=0.96; 停損 6.5%; 上方壓力 6.2%,0.9580819606781006,,盤中觸及 buy/sell-stop（日線模擬）,2025-01-09,116.85463131874731,124.46892897848133,0.0651604268808508,2.600003957748413,MA10W_EXIT,,2025-05-19,MA10W_EXIT,0.13286224910161606,-0.039753398122333916,0.3273694049614694,,STRICT_OOS
FAILURE,3231,緯創,S1,MODERNIZED,2025-04-02,3,Stage 3 頂部跌破支撐（sell-stop）,PreTradeRR=0.05; 停損 11.7%; 上方壓力 0.5%,0.046100419014692307,,盤中觸及 buy/sell-stop（日線模擬）,2025-04-09,81.08816356723305,90.53968601614872,0.11655859539942687,3.1134426593780518,STRUCTURAL_STOP,,2025-04-14,STRUCTURAL_STOP,-0.20236425353006268,-0.11360272224104806,0.08987949962869968,STRUCTURAL_STOP,STRICT_OOS
FAILURE,1799,易威,S1,MODERNIZED,2025-04-02,3,Stage 3 頂部跌破支撐（sell-stop）,PreTradeRR=0.13; 停損 14.3%; 上方壓力 1.8%,0.1263696700334549,,盤中觸及 buy/sell-stop（日線模擬）,2025-04-09,52.012742249999995,59.428814250774614,0.14258183052778023,2.5447304248809814,STRUCTURAL_STOP,,2025-04-11,STRUCTURAL_STOP,-0.1889692572434014,-0.1112661532472845,0.04061970506852097,STRUCTURAL_STOP,STRICT_OOS
FAILURE,2486,一詮,S1,MODERNIZED,2025-04-18,3,Stage 3 頂部跌破支撐（sell-stop）,PreTradeRR=0.14; 停損 17.6%; 上方壓力 2.4%,0.13501094281673431,,盤中觸及 buy/sell-stop（日線模擬）,2025-04-22,64.22728317964035,75.55764478194097,0.17641041378957575,1.9111453294754028,STRUCTURAL_STOP,,2025-04-25,STRUCTURAL_STOP,-0.18496890014151,-0.13503165814236273,0.0004247911213064448,STRUCTURAL_STOP,STRICT_OOS
FAILURE,3515,華擎,S1,MODERNIZED,2025-03-28,3,Stage 3 頂部跌破支撐（sell-stop）,PreTradeRR=0.11; 停損 10.8%; 上方壓力 1.2%,0.10908378660678864,,盤中觸及 buy/sell-stop（日線模擬）,2025-03-31,190.05038253208204,210.5757137557679,0.10799942073371531,3.175189256668091,BREAKEVEN_STOP,,2025-05-13,BREAKEVEN_STOP,-0.168083332985379,-0.05235252427501269,0.2738767562221992,BREAKEVEN_STOP,STRICT_OOS
FAILURE,6668,中揚光,S1,MODERNIZED,2025-04-11,3,Stage 3 頂部跌破支撐（sell-stop）,PreTradeRR=1.30; 停損 15.3%; 上方壓力 19.9%,1.3041528463363647,,盤中觸及 buy/sell-stop（日線模擬）,2025-04-14,31.028633999999993,35.772359999999985,0.15288220551378434,1.451632022857666,STRUCTURAL_STOP,,2025-05-05,STRUCTURAL_STOP,-0.16637879096450106,-0.1521615808159653,0.0,STRUCTURAL_STOP,STRICT_OOS
FAILURE,4551,智伸科,S1,MODERNIZED,2025-04-02,3,Stage 3 頂部跌破支撐（sell-stop）,PreTradeRR=0.45; 停損 12.2%; 上方壓力 5.5%,0.446979284286499,,盤中觸及 buy/sell-stop（日線模擬）,2025-04-08,82.69274999999999,92.78221434355252,0.12201147432577253,2.955073242982868,STRUCTURAL_STOP,,2025-04-15,STRUCTURAL_STOP,-0.13059269348777736,-0.11738936709387149,0.049493456494940746,STRUCTURAL_STOP,STRICT_OOS
FAILURE,6526,達發,S1,MODERNIZED,2025-04-02,3,Stage 3 頂部跌破支撐（sell-stop）,PreTradeRR=0.08; 停損 11.5%; 上方壓力 0.9%,0.07626861333847046,,盤中觸及 buy/sell-stop（日線模擬）,2025-04-08,483.89751431944427,539.6533565469832,0.11522241916442606,3.1223273277282715,STRUCTURAL_STOP,,2025-05-13,STRUCTURAL_STOP,-0.12529460219646396,-0.10767256237789535,0.12584795983385488,STRUCTURAL_STOP,STRICT_OOS
FAILURE,3558,神準,S1,MODERNIZED,2025-07-04,3,Stage 3 頂部跌破支撐（sell-stop）,PreTradeRR=0.21; 停損 10.2%; 上方壓力 2.1%,0.20506352186203003,,盤中觸及 buy/sell-stop（日線模擬）,2025-07-08,160.11570769370073,176.49914363875166,0.10232247779457247,2.562772035598755,STRUCTURAL_STOP,,2025-08-04,STRUCTURAL_STOP,-0.11196558557636052,-0.0711004106682378,0.01945909960145531,STRUCTURAL_STOP,STRICT_OOS
FAILURE,3455,由田,S1,MODERNIZED,2025-03-07,3,Stage 3 頂部跌破支撐（sell-stop）,PreTradeRR=0.26; 停損 10.0%; 上方壓力 2.6%,0.2634033262729645,,盤中觸及 buy/sell-stop（日線模擬）,2025-03-11,101.93701803557606,112.10321323167234,0.09973016076013018,2.564445734024048,STRUCTURAL_STOP,,2025-03-12,STRUCTURAL_STOP,-0.10793821632076056,-0.04966774643787364,0.0,STRUCTURAL_STOP,STRICT_OOS
FAILURE,3024,憶聲,S1,MODERNIZED,2025-01-10,3,Stage 3 頂部跌破支撐（sell-stop）,PreTradeRR=0.27; 停損 9.6%; 上方壓力 2.6%,0.2740257978439331,,盤中觸及 buy/sell-stop（日線模擬）,2025-01-13,17.006078196174542,18.646914134755004,0.09648526365999897,2.5666708946228027,STRUCTURAL_STOP,,2025-02-24,STRUCTURAL_STOP,-0.10643123872391078,-0.06432535620650093,0.020938248761229294,STRUCTURAL_STOP,STRICT_OOS
SUCCESS,6176,瑞儀,S1,TEXTBOOK,2025-03-14,3,Stage 3 頂部跌破支撐（sell-stop）,PreTradeRR=0.34; 停損 9.7%; 上方壓力 3.4%,0.344243586063385,,盤中觸及 buy/sell-stop（日線模擬）,2025-03-17,184.97839564400127,203.01000093639752,0.09747952040355479,5.259218215942383,END_OF_WINDOW,,2026-09-03,END_OF_WINDOW,0.5446693524570834,-0.019037922475964253,0.5806019299958267,,STRICT_OOS
SUCCESS,6873,泓德能源,S1,TEXTBOOK,2025-08-29,3,Stage 3 頂部跌破支撐（sell-stop）,PreTradeRR=0.79; 停損 15.3%; 上方壓力 12.0%,0.7851774096488953,,盤中觸及 buy/sell-stop（日線模擬）,2025-09-01,148.62750000000003,171.4092254843368,0.15328068819254034,2.7734273670003846,END_OF_WINDOW,,2026-09-03,END_OF_WINDOW,0.49827251486476665,-0.015962725605961126,0.5471901203160254,,STRICT_OOS
SUCCESS,2348,海悅,S1,TEXTBOOK,2025-03-14,3,Stage 3 頂部跌破支撐（sell-stop）,PreTradeRR=0.05; 停損 16.0%; 上方壓力 0.8%,0.05191153287887573,,盤中觸及 buy/sell-stop（日線模擬）,2025-03-17,160.5975,186.31437494431768,0.16013247369552894,3.692679454481624,STAGE1_HALF_COVER,,2026-09-03,END_OF_WINDOW,0.41771949883605175,-0.04920686535962848,0.5403474701023228,,STRICT_OOS
SUCCESS,2913,農林,S1,TEXTBOOK,2025-01-03,3,Stage 3 頂部跌破支撐（sell-stop）,PreTradeRR=0.41; 停損 13.9%; 上方壓力 5.8%,0.4139162302017212,,盤中觸及 buy/sell-stop（日線模擬）,2025-01-09,19.243720124999996,21.917,0.13891700033233606,8.505890846252441,END_OF_WINDOW,,2026-09-03,END_OF_WINDOW,0.384700391101615,-0.039300086993964145,0.4517692041106851,,STRICT_OOS
SUCCESS,1303,南亞,S1,TEXTBOOK,2023-10-13,3,Stage 3 頂部跌破支撐（sell-stop）,PreTradeRR=0.02; 停損 9.2%; 上方壓力 0.1%,0.015748223289847374,,盤中觸及 buy/sell-stop（日線模擬）,2023-10-20,63.84738183532228,69.69000023055014,0.09150913048082959,5.453111171722412,STAGE1_HALF_COVER,,2025-08-12,STAGE1_RESIST_STOP,0.2973361142856598,-0.09009952527849396,0.5828924639123274,,DISCOVERY
SUCCESS,6409,旭隼,S1,TEXTBOOK,2025-03-07,3,Stage 3 頂部跌破支撐（sell-stop）,PreTradeRR=0.05; 停損 17.1%; 上方壓力 0.8%,0.049136482179164886,,盤中觸及 buy/sell-stop（日線模擬）,2025-03-11,1586.025,1857.4109998289973,0.17111079574974988,4.245144263728329,STAGE1_HALF_COVER,,2026-09-03,END_OF_WINDOW,0.27288450615961835,-0.03718415542431064,0.5675575418758321,,STRICT_OOS
SUCCESS,4968,立積,S1,TEXTBOOK,2025-03-28,3,Stage 3 頂部跌破支撐（sell-stop）,PreTradeRR=0.08; 停損 17.6%; 上方壓力 1.4%,0.08144539594650269,,盤中觸及 buy/sell-stop（日線模擬）,2025-03-31,166.17225757283612,195.48677429160816,0.17641041378957595,4.063398361206055,STAGE1_HALF_COVER,,2026-09-03,END_OF_WINDOW,0.27167587421983186,-0.036893407624000396,0.4832333660348579,,STRICT_OOS
SUCCESS,6605,帝寶,S1,TEXTBOOK,2025-03-14,3,Stage 3 頂部跌破支撐（sell-stop）,PreTradeRR=0.54; 停損 15.3%; 上方壓力 8.3%,0.5397899746894836,,盤中觸及 buy/sell-stop（日線模擬）,2025-03-19,198.90149926277928,229.30999915007126,0.1528822055137842,4.481252670288086,STAGE1_HALF_COVER,,2026-05-28,STAGE1_RESIST_STOP,0.24203824387109008,-0.05831278718036037,0.34871903491537737,,STRICT_OOS
SUCCESS,3003,健和興,S1,TEXTBOOK,2025-01-10,3,Stage 3 頂部跌破支撐（sell-stop）,PreTradeRR=0.02; 停損 12.0%; 上方壓力 0.2%,0.015522118657827377,,盤中觸及 buy/sell-stop（日線模擬）,2025-01-13,72.49959705940452,81.20400050478153,0.12006140445504589,4.187685489654541,STAGE1_HALF_COVER,,2026-03-02,STAGE1_RESIST_STOP,0.23883897996702447,-0.042764426688098434,0.3655137139191903,,STRICT_OOS
SUCCESS,5288,豐祥-KY,S1,TEXTBOOK,2025-02-27,3,Stage 3 頂部跌破支撐（sell-stop）,PreTradeRR=0.01; 停損 12.0%; 上方壓力 0.1%,0.009027907624840736,,盤中觸及 buy/sell-stop（日線模擬）,2025-03-03,183.48663401525837,205.5349999153973,0.12016333515772816,7.814610958099365,STAGE1_HALF_COVER,,2025-12-03,STAGE1_RESIST_STOP,0.18302936995879346,-0.06274771117300681,0.3732989102386667,,STRICT_OOS
FAILURE,3231,緯創,S1,TEXTBOOK,2025-04-02,3,Stage 3 頂部跌破支撐（sell-stop）,PreTradeRR=0.03; 停損 17.6%; 上方壓力 0.5%,0.030459655448794365,,盤中觸及 buy/sell-stop（日線模擬）,2025-04-09,81.08816356723305,95.39296005556545,0.17641041378957592,4.712168216705322,STRUCTURAL_STOP,,2025-04-14,STRUCTURAL_STOP,-0.20236425353006268,-0.11360272224104806,0.08987949962869968,STRUCTURAL_STOP,STRICT_OOS
FAILURE,4551,智伸科,S1,TEXTBOOK,2025-04-02,3,Stage 3 頂部跌破支撐（sell-stop）,PreTradeRR=0.32; 停損 17.2%; 上方壓力 5.5%,0.31779783964157104,,盤中觸及 buy/sell-stop（日線模擬）,2025-04-08,82.69274999999999,96.88347496372491,0.1716078491007362,4.156279284105899,STRUCTURAL_STOP,,2025-04-16,STRUCTURAL_STOP,-0.19877753727708375,-0.16576120209026501,0.049493456494940746,STRUCTURAL_STOP,STRICT_OOS
FAILURE,6526,達發,S1,TEXTBOOK,2025-04-02,3,Stage 3 頂部跌破支撐（sell-stop）,PreTradeRR=0.05; 停損 17.6%; 上方壓力 0.9%,0.049814824014902115,,盤中觸及 buy/sell-stop（日線模擬）,2025-04-08,483.89751431944427,569.2620750522847,0.17641041378957584,4.7804155349731445,STRUCTURAL_STOP,,2025-07-11,STRUCTURAL_STOP,-0.18996890014150997,-0.17370965018456208,0.12584795983385488,STRUCTURAL_STOP,STRICT_OOS
FAILURE,1799,易威,S1,TEXTBOOK,2025-04-02,3,Stage 3 頂部跌破支撐（sell-stop）,PreTradeRR=0.12; 停損 15.3%; 上方壓力 1.8%,0.11785556375980377,,盤中觸及 buy/sell-stop（日線模擬）,2025-04-09,52.012742249999995,59.96456499999998,0.15288220551378418,2.7285666465759277,STRUCTURAL_STOP,,2025-04-11,STRUCTURAL_STOP,-0.1889692572434014,-0.1112661532472845,0.04061970506852097,STRUCTURAL_STOP,STRICT_OOS
FAILURE,3515,華擎,S1,TEXTBOOK,2025-03-28,3,Stage 3 頂部跌破支撐（sell-stop）,PreTradeRR=0.07; 停損 17.6%; 上方壓力 1.2%,0.06678169220685959,,盤中觸及 buy/sell-stop（日線模擬）,2025-03-31,190.05038253208204,223.57724915543383,0.17641041378957578,5.186476707458496,STRUCTURAL_STOP,,2025-05-29,STRUCTURAL_STOP,-0.18790540807801792,-0.16548041828339755,0.2738767562221992,STRUCTURAL_STOP,STRICT_OOS
FAILURE,1436,華友聯,S1,TEXTBOOK,2025-04-02,3,Stage 3 頂部跌破支撐（sell-stop）,PreTradeRR=0.04; 停損 17.6%; 上方壓力 0.8%,0.044811125844717026,,盤中觸及 buy/sell-stop（日線模擬）,2025-04-11,109.15714381270821,128.4136007207963,0.17641041378957587,6.127054691314697,STRUCTURAL_STOP,,2025-05-05,STRUCTURAL_STOP,-0.18592128109389117,-0.14055751455066345,0.07472844678589463,STRUCTURAL_STOP,STRICT_OOS
FAILURE,2731,雄獅,S1,TEXTBOOK,2025-04-02,3,Stage 3 頂部跌破支撐（sell-stop）,PreTradeRR=0.04; 停損 17.6%; 上方壓力 0.8%,0.04428596422076225,,盤中觸及 buy/sell-stop（日線模擬）,2025-04-11,115.97946405512683,136.439449300185,0.1764104137895759,7.638394355773926,STRUCTURAL_STOP,,2025-04-29,STRUCTURAL_STOP,-0.18568318585579568,-0.15537694801393864,0.09466731153291152,STRUCTURAL_STOP,STRICT_OOS
FAILURE,2486,一詮,S1,TEXTBOOK,2025-04-18,3,Stage 3 頂部跌破支撐（sell-stop）,PreTradeRR=0.14; 停損 17.6%; 上方壓力 2.4%,0.13501094281673431,,盤中觸及 buy/sell-stop（日線模擬）,2025-04-22,64.22728317964035,75.55764478194097,0.17641041378957575,1.9111453294754028,STRUCTURAL_STOP,,2025-04-25,STRUCTURAL_STOP,-0.18496890014151,-0.13503165814236273,0.0004247911213064448,STRUCTURAL_STOP,STRICT_OOS
FAILURE,6472,保瑞,S1,TEXTBOOK,2025-03-28,3,Stage 3 頂部跌破支撐（sell-stop）,PreTradeRR=0.06; 停損 17.3%; 上方壓力 1.1%,0.06155354157090187,,盤中觸及 buy/sell-stop（日線模擬）,2025-03-31,693.2625,812.9039502762901,0.17257741515845726,6.808862875427783,STRUCTURAL_STOP,,2025-06-03,STRUCTURAL_STOP,-0.18422155710905178,-0.15540650041227866,0.18934025792670395,STRUCTURAL_STOP,STRICT_OOS
FAILURE,1721,國慶科技,S1,TEXTBOOK,2024-01-12,3,Stage 3 頂部跌破支撐（sell-stop）,PreTradeRR=0.17; 停損 15.3%; 上方壓力 2.6%,0.1715611070394516,,盤中觸及 buy/sell-stop（日線模擬）,2024-01-16,14.718711,16.967999999999996,0.15281834122566818,4.771219253540039,STRUCTURAL_STOP,,2024-02-27,STRUCTURAL_STOP,-0.18211233363437881,-0.09384578581643477,0.04543271486205558,STRUCTURAL_STOP,DISCOVERY
SUCCESS,1522,堤維西,S2,MODERNIZED,2025-03-19,3,跌破後量縮反彈至跌破點失敗,PreTradeRR=0.42; 停損 5.7%; 上方壓力 2.4%,0.4207499027252197,,09:00:00 開盤,2025-03-20,58.85249999999999,62.18571385174676,0.05663674188431688,2.201179102571211,MA10W_EXIT,,2025-06-30,MA10W_EXIT,0.17754844439824483,-0.012701247942386473,0.3194851475297009,,STRICT_OOS
SUCCESS,9945,潤泰新,S2,MODERNIZED,2025-03-20,4,跌破後量縮反彈至跌破點失敗,PreTradeRR=0.07; 停損 6.4%; 上方壓力 0.5%,0.07141298800706863,,09:00:00 開盤,2025-03-21,38.1045,40.53928626826394,0.06389760443684975,2.602061252731379,MA10W_EXIT,,2025-07-07,MA10W_EXIT,0.13517188451184445,-0.0025062656641603454,0.24549593696012073,,STRICT_OOS
SUCCESS,2889,國票金,S2,MODERNIZED,2025-01-22,3,跌破後量縮反彈至跌破點失敗,PreTradeRR=0.29; 停損 4.5%; 上方壓力 1.3%,0.28577589988708496,,09:00:00 開盤,2025-02-03,14.364000000000003,15.012500231688206,0.04514760733000592,2.8822220118599104,MA10W_EXIT,,2025-06-02,MA10W_EXIT,0.12284396231764272,-0.019910888331940768,0.18894459309241585,,STRICT_OOS
SUCCESS,3010,華立,S2,MODERNIZED,2025-01-20,3,跌破後量縮反彈至跌破點失敗,PreTradeRR=1.81; 停損 6.2%; 上方壓力 11.3%,1.8136324882507324,,09:00:00 開盤,2025-01-21,114.71249999999998,121.87499956411712,0.06243870165951504,2.6045452472493493,MA10W_EXIT,,2025-05-19,MA10W_EXIT,0.11752481746401712,-0.05045221084936724,0.31480876153190973,,STRICT_OOS
SUCCESS,9941,裕融,S2,MODERNIZED,2024-02-23,3,跌破後量縮反彈至跌破點失敗,PreTradeRR=0.84; 停損 4.7%; 上方壓力 3.9%,0.83753502368927,,09:00:00 開盤,2024-02-26,168.5775,176.4642852027349,0.04678432888573463,2.831153466760446,MA10W_EXIT,,2024-06-03,MA10W_EXIT,0.1062798171479034,-0.0025062656641603454,0.17545342666059904,,DISCOVERY
SUCCESS,3406,玉晶光,S2,MODERNIZED,2025-03-18,4,跌破後量縮反彈至跌破點失敗,PreTradeRR=0.46; 停損 8.0%; 上方壓力 3.6%,0.45687949657440186,,09:00:00 開盤,2025-03-19,428.92500000000007,463.1785708167587,0.07985911480272447,2.620491808846976,MA10W_EXIT,,2025-05-19,MA10W_EXIT,0.06823684604860669,-0.021157544486103852,0.29707990813134244,,STRICT_OOS
SUCCESS,3580,友威科,S2,MODERNIZED,2025-05-08,4,跌破後量縮反彈至跌破點失敗,PreTradeRR=3.04; 停損 10.5%; 上方壓力 31.8%,3.0405642986297607,,09:00:00 開盤,2025-05-09,71.2215,78.67900005179514,0.10470855081394151,1.5513373705938278,MA10W_EXIT,,2025-05-12,MA10W_EXIT,0.03034857201323266,-0.0025062656641603454,0.024171071937547084,,STRICT_OOS
SUCCESS,2455,全新,S2,MODERNIZED,2025-05-13,4,跌破後量縮反彈至跌破點失敗,PreTradeRR=2.80; 停損 6.9%; 上方壓力 19.3%,2.798828125,,09:00:00 開盤,2025-05-14,107.23125,114.63499955960921,0.06904470067829296,1.6195702551817477,MA10W_EXIT,,2025-06-09,MA10W_EXIT,0.025654720486166894,-0.04913445826367768,0.09541295344713341,,STRICT_OOS
SUCCESS,6670,復盛應用,S2,MODERNIZED,2025-08-26,4,跌破後量縮反彈至跌破點失敗,PreTradeRR=0.69; 停損 7.2%; 上方壓力 5.0%,0.6947473883628845,,09:00:00 開盤,2025-08-27,263.34,282.303570706235,0.07201173656199202,2.5901463460686713,MA10W_EXIT,,2025-12-08,MA10W_EXIT,0.01649026965993223,-0.03288524552125782,0.1341991318942799,,STRICT_OOS
SUCCESS,6024,群益期,S2,MODERNIZED,2025-03-21,3,跌破後量縮反彈至跌破點失敗,PreTradeRR=0.19; 停損 4.5%; 上方壓力 0.9%,0.1948244571685791,,09:00:00 開盤,2025-03-24,51.57075,53.896428753583876,0.045096857299610306,2.6471138647169594,MA10W_EXIT,,2025-05-12,MA10W_EXIT,0.008451678686695148,-0.0025062656641603454,0.16425493084828902,,STRICT_OOS
FAILURE,3014,聯陽,S2,MODERNIZED,2025-04-21,3,跌破後量縮反彈至跌破點失敗,PreTradeRR=1.77; 停損 11.4%; 上方壓力 20.2%,1.7721757888793945,,09:00:00 開盤,2025-04-22,119.70000000000002,133.31999994100636,0.11378446066003621,1.9457141695018019,STRUCTURAL_STOP,,2025-05-09,STRUCTURAL_STOP,-0.12290066784343236,-0.11111111039332067,0.001670843776106934,STRUCTURAL_STOP,STRICT_OOS
FAILURE,6689,伊雲谷,S2,MODERNIZED,2025-04-21,3,跌破後量縮反彈至跌破點失敗,PreTradeRR=0.94; 停損 10.6%; 上方壓力 10.0%,0.9415796995162964,,09:00:00 開盤,2025-04-22,82.19400000000002,90.90000036922733,0.10592014464836004,1.7215255159344631,STRUCTURAL_STOP,,2025-04-28,STRUCTURAL_STOP,-0.11438177040680633,-0.06698786181692706,0.020609776869358054,STRUCTURAL_STOP,STRICT_OOS
FAILURE,2417,圓剛,S2,MODERNIZED,2025-05-26,4,跌破後量縮反彈至跌破點失敗,PreTradeRR=0.83; 停損 9.2%; 上方壓力 7.6%,0.8269083499908447,,09:00:00 開盤,2025-05-27,39.750375,43.403571223735106,0.09190344050175898,2.57008752083908,STRUCTURAL_STOP,,2025-07-18,STRUCTURAL_STOP,-0.10294907211888617,-0.006279814970299169,0.11950517049002984,STRUCTURAL_STOP,STRICT_OOS
FAILURE,6668,中揚光,S2,MODERNIZED,2025-05-29,3,跌破後量縮反彈至跌破點失敗,PreTradeRR=0.10; 停損 8.0%; 上方壓力 0.8%,0.10138309001922607,,09:00:00 開盤,2025-06-02,42.543375,45.955000000000005,0.08019168671973032,1.7058125234380326,STRUCTURAL_STOP,,2025-06-04,STRUCTURAL_STOP,-0.08843026117462482,-0.0800741596076946,0.0033700899376226667,STRUCTURAL_STOP,STRICT_OOS
FAILURE,6166,凌華,S2,MODERNIZED,2025-06-27,4,跌破後量縮反彈至跌破點失敗,PreTradeRR=0.91; 停損 4.5%; 上方壓力 4.1%,0.9118990898132324,,09:00:00 開盤,2025-06-30,62.84250000000001,65.65000062074553,0.04467518989132392,1.541372745566766,STRUCTURAL_STOP,,2025-07-14,STRUCTURAL_STOP,-0.08317072307148186,-0.043617303513768135,0.04523213171732554,STRUCTURAL_STOP,STRICT_OOS
FAILURE,6526,達發,S2,MODERNIZED,2025-04-18,3,跌破後量縮反彈至跌破點失敗,PreTradeRR=0.15; 停損 7.2%; 上方壓力 1.1%,0.15021227300167084,,09:00:00 開盤,2025-04-21,491.7675,527.2199998180688,0.07209199432266014,1.0968729021545955,STRUCTURAL_STOP,,2025-05-12,STRUCTURAL_STOP,-0.08126270049894294,-0.06147722215650542,0.0595149134401336,STRUCTURAL_STOP,STRICT_OOS
FAILURE,9917,中保科,S2,MODERNIZED,2025-04-16,4,跌破後量縮反彈至跌破點失敗,PreTradeRR=0.90; 停損 8.7%; 上方壓力 7.9%,0.9006557464599609,,09:00:00 開盤,2025-04-17,114.71249999999998,124.73500038203323,0.0873706037444328,2.4834511659161174,MA10W_EXIT,,2025-05-12,MA10W_EXIT,-0.07720603289067346,-0.06788711142471326,0.04108096656178972,MA10W_EXIT,STRICT_OOS
FAILURE,3711,日月光投控,S2,MODERNIZED,2025-04-25,3,跌破後量縮反彈至跌破點失敗,PreTradeRR=0.23; 停損 6.4%; 上方壓力 1.5%,0.23382017016410828,,09:00:00 開盤,2025-04-28,137.65500000000003,146.4499992148975,0.06389160738729077,1.161603666858846,STRUCTURAL_STOP,,2025-05-13,STRUCTURAL_STOP,-0.07672983848985947,-0.03519668380404961,0.02655188635293615,STRUCTURAL_STOP,STRICT_OOS
FAILURE,2312,金寶,S2,MODERNIZED,2025-05-09,3,跌破後量縮反彈至跌破點失敗,PreTradeRR=3.82; 停損 6.8%; 上方壓力 26.0%,3.818941831588745,,09:00:00 開盤,2025-05-12,19.999875,21.36150017133493,0.06808168407727208,2.1063814874649047,STRUCTURAL_STOP,,2025-05-19,STRUCTURAL_STOP,-0.07652807876365562,-0.06750669987963631,0.0,STRUCTURAL_STOP,STRICT_OOS
FAILURE,8069,元太,S2,MODERNIZED,2023-10-31,3,跌破後量縮反彈至跌破點失敗,PreTradeRR=1.14; 停損 6.5%; 上方壓力 7.4%,1.1419819593429565,,09:00:00 開盤,2023-11-01,168.57750000000001,179.51785762334586,0.06489808914799329,2.3746511798128163,STRUCTURAL_STOP,,2023-11-06,STRUCTURAL_STOP,-0.0731777946883236,-0.04106419838536568,0.0034257240734975047,STRUCTURAL_STOP,DISCOVERY
SUCCESS,6409,旭隼,S2,TEXTBOOK,2025-05-13,4,跌破後量縮反彈至跌破點失敗,PreTradeRR=0.11; 停損 8.3%; 上方壓力 0.9%,0.11125586181879044,,09:00:00 開盤,2025-05-14,1511.2124999999999,1636.1999995206113,0.08270676660007206,1.9123769847699024,STAGE1_HALF_COVER,,2026-09-03,END_OF_WINDOW,0.24199783640791642,-0.022357874576970582,0.5461494994856271,,STRICT_OOS
SUCCESS,9941,裕融,S2,TEXTBOOK,2024-02-23,3,跌破後量縮反彈至跌破點失敗,PreTradeRR=0.68; 停損 5.7%; 上方壓力 3.9%,0.6818538904190063,,09:00:00 開盤,2024-02-26,168.5775,178.26499975140666,0.057466149108906364,3.4775637728697157,STAGE1_HALF_COVER,,2026-09-03,END_OF_WINDOW,0.21683267284434418,-0.0025062656641603454,0.5134020883911142,,DISCOVERY
SUCCESS,9945,潤泰新,S2,TEXTBOOK,2025-03-20,4,跌破後量縮反彈至跌破點失敗,PreTradeRR=0.03; 停損 14.0%; 上方壓力 0.5%,0.032649580389261246,,09:00:00 開盤,2025-03-21,38.1045,43.43000054458829,0.13976041004575032,5.691373735384837,STAGE1_HALF_COVER,,2025-12-23,STAGE1_RESIST_STOP,0.16090661612419985,-0.0025062656641603454,0.24549593696012073,,STRICT_OOS
SUCCESS,3010,華立,S2,TEXTBOOK,2025-01-20,3,跌破後量縮反彈至跌破點失敗,PreTradeRR=1.44; 停損 7.9%; 上方壓力 11.3%,1.4413472414016724,,09:00:00 開盤,2025-01-21,114.71249999999998,123.72499982221244,0.07856597861795754,3.2772726012266777,STAGE1_HALF_COVER,,2025-11-06,STAGE1_RESIST_STOP,0.1263897908575085,-0.05045221084936724,0.31480876153190973,,STRICT_OOS
SUCCESS,3580,友威科,S2,TEXTBOOK,2025-05-08,4,跌破後量縮反彈至跌破點失敗,PreTradeRR=3.04; 停損 10.5%; 上方壓力 31.8%,3.0405642986297607,,09:00:00 開盤,2025-05-09,71.2215,78.67900005179514,0.10470855081394151,1.5513373705938278,STAGE1_HALF_COVER,,2025-12-29,STAGE1_RESIST_STOP,0.10370775415914543,-0.08924891436560478,0.20835206488608593,,STRICT_OOS
SUCCESS,1522,堤維西,S2,TEXTBOOK,2025-03-19,3,跌破後量縮反彈至跌破點失敗,PreTradeRR=0.35; 停損 6.7%; 上方壓力 2.4%,0.3533063530921936,,09:00:00 開盤,2025-03-20,58.85249999999999,62.8219993848434,0.06744827126873792,2.6213676896271347,STAGE1_HALF_COVER,,2025-11-17,STAGE1_RESIST_STOP,0.0912420165170639,-0.012701247942386473,0.3194851475297009,,STRICT_OOS
SUCCESS,4938,和碩,S2,TEXTBOOK,2025-05-13,4,跌破後量縮反彈至跌破點失敗,PreTradeRR=4.25; 停損 2.8%; 上方壓力 11.7%,4.252586841583252,,09:00:00 開盤,2025-05-14,87.68025000000002,90.09200010031444,0.02750619552652297,1.1330370478658827,STAGE1_HALF_COVER,,2026-03-12,STAGE1_RESIST_STOP,0.07893485620783303,-0.01847338159379519,0.18599689262679175,,STRICT_OOS
SUCCESS,3406,玉晶光,S2,TEXTBOOK,2025-03-18,4,跌破後量縮反彈至跌破點失敗,PreTradeRR=0.24; 停損 15.4%; 上方壓力 3.6%,0.2365798056125641,,09:00:00 開盤,2025-03-19,428.92500000000007,495.0750005296825,0.15422276745277716,5.060655879370291,STAGE1_HALF_COVER,,2025-07-16,STAGE1_RESIST_STOP,-0.004240282406438331,-0.021157544486103852,0.29707990813134244,,STRICT_OOS
SUCCESS,2646,星宇航空,S2,TEXTBOOK,2025-05-13,4,跌破後量縮反彈至跌破點失敗,PreTradeRR=0.66; 停損 3.8%; 上方壓力 2.5%,0.664840817451477,,09:00:00 開盤,2025-05-14,26.284125000000003,27.270000000000014,0.03750838196059457,1.9577658878723876,STAGE1_HALF_COVER,,2025-08-12,STAGE1_RESIST_STOP,-0.013732767560900618,-0.023431443884854186,0.056464691139614054,,STRICT_OOS
SUCCESS,6449,鈺邦,S2,TEXTBOOK,2025-06-25,4,跌破後量縮反彈至跌破點失敗,PreTradeRR=22.96; 停損 0.8%; 上方壓力 18.7%,22.95636558532715,,09:00:00 開盤,2025-06-26,115.21124999999999,116.15000055618775,0.008148080644796088,0.1887095133704911,STRUCTURAL_STOP,,2025-08-04,STRUCTURAL_STOP,-0.018190673068630328,-0.0025062683886176718,0.1146697889555065,,STRICT_OOS
FAILURE,3014,聯陽,S2,TEXTBOOK,2025-04-21,3,跌破後量縮反彈至跌破點失敗,PreTradeRR=1.77; 停損 11.4%; 上方壓力 20.2%,1.7721757888793945,,09:00:00 開盤,2025-04-22,119.70000000000002,133.31999994100636,0.11378446066003621,1.9457141695018019,STRUCTURAL_STOP,,2025-05-09,STRUCTURAL_STOP,-0.12290066784343236,-0.11111111039332067,0.001670843776106934,STRUCTURAL_STOP,STRICT_OOS
FAILURE,6689,伊雲谷,S2,TEXTBOOK,2025-04-21,3,跌破後量縮反彈至跌破點失敗,PreTradeRR=0.94; 停損 10.6%; 上方壓力 10.0%,0.9415796995162964,,09:00:00 開盤,2025-04-22,82.19400000000002,90.90000036922733,0.10592014464836004,1.7215255159344631,STRUCTURAL_STOP,,2025-04-28,STRUCTURAL_STOP,-0.11438177040680633,-0.06698786181692706,0.020609776869358054,STRUCTURAL_STOP,STRICT_OOS
FAILURE,9917,中保科,S2,TEXTBOOK,2025-04-16,4,跌破後量縮反彈至跌破點失敗,PreTradeRR=0.90; 停損 8.7%; 上方壓力 7.9%,0.9006557464599609,,09:00:00 開盤,2025-04-17,114.71249999999998,124.73500038203323,0.0873706037444328,2.4834511659161174,STAGE1_HALF_COVER,,2026-06-10,STAGE1_RESIST_STOP,-0.0978204750821679,-0.07660455062243043,0.05633457373699591,STAGE1_RESIST_STOP,STRICT_OOS
FAILURE,8069,元太,S2,TEXTBOOK,2023-10-31,3,跌破後量縮反彈至跌破點失敗,PreTradeRR=0.88; 停損 8.4%; 上方壓力 7.4%,0.8778282403945923,,09:00:00 開盤,2023-11-01,168.57750000000001,182.80999942567013,0.08442704053429467,3.0892245680097417,STRUCTURAL_STOP,,2023-11-16,STRUCTURAL_STOP,-0.09339048908801134,-0.0796221286990415,0.006391723113471581,STRUCTURAL_STOP,DISCOVERY
FAILURE,6670,復盛應用,S2,TEXTBOOK,2025-08-26,4,跌破後量縮反彈至跌破點失敗,PreTradeRR=0.61; 停損 8.2%; 上方壓力 5.0%,0.6133562326431274,,09:00:00 開盤,2025-08-27,263.34,284.81999980489064,0.08156755451086294,2.9338537488565257,STAGE1_HALF_COVER,,2026-06-10,STRUCTURAL_STOP,-0.0906383464657098,-0.08035239771171021,0.1341991318942799,STRUCTURAL_STOP,STRICT_OOS
FAILURE,6668,中揚光,S2,TEXTBOOK,2025-05-29,3,跌破後量縮反彈至跌破點失敗,PreTradeRR=0.10; 停損 8.0%; 上方壓力 0.8%,0.10138309001922607,,09:00:00 開盤,2025-06-02,42.543375,45.955000000000005,0.08019168671973032,1.7058125234380326,STRUCTURAL_STOP,,2025-06-04,STRUCTURAL_STOP,-0.08843026117462482,-0.0800741596076946,0.0033700899376226667,STRUCTURAL_STOP,STRICT_OOS
FAILURE,6937,天虹,S2,TEXTBOOK,2025-05-13,4,跌破後量縮反彈至跌破點失敗,PreTradeRR=0.41; 停損 7.5%; 上方壓力 3.0%,0.40613335371017456,,09:00:00 開盤,2025-05-14,201.99375,217.149999588803,0.07503326013207345,1.8371212179861924,STRUCTURAL_STOP,,2025-06-24,STRUCTURAL_STOP,-0.085322430583991,-0.029734830140499602,0.14106253299818805,STRUCTURAL_STOP,STRICT_OOS
FAILURE,6166,凌華,S2,TEXTBOOK,2025-06-27,4,跌破後量縮反彈至跌破點失敗,PreTradeRR=0.91; 停損 4.5%; 上方壓力 4.1%,0.9118990898132324,,09:00:00 開盤,2025-06-30,62.84250000000001,65.65000062074553,0.04467518989132392,1.541372745566766,STRUCTURAL_STOP,,2025-07-14,STRUCTURAL_STOP,-0.08317072307148186,-0.043617303513768135,0.04523213171732554,STRUCTURAL_STOP,STRICT_OOS
FAILURE,4974,亞泰,S2,TEXTBOOK,2025-06-27,3,跌破後量縮反彈至跌破點失敗,PreTradeRR=1.42; 停損 7.2%; 上方壓力 10.3%,1.4202234745025635,,09:00:00 開盤,2025-06-30,82.79249999999999,88.77899954879825,0.0723072687598305,2.556911503970119,STRUCTURAL_STOP,,2025-08-13,STRUCTURAL_STOP,-0.08290708455077757,-0.050819810465960735,0.07962677688056907,STRUCTURAL_STOP,STRICT_OOS
FAILURE,6526,達發,S2,TEXTBOOK,2025-04-18,3,跌破後量縮反彈至跌破點失敗,PreTradeRR=0.15; 停損 7.2%; 上方壓力 1.1%,0.15021227300167084,,09:00:00 開盤,2025-04-21,491.7675,527.2199998180688,0.07209199432266014,1.0968729021545955,STRUCTURAL_STOP,,2025-05-12,STRUCTURAL_STOP,-0.08126270049894294,-0.06147722215650542,0.0595149134401336,STRUCTURAL_STOP,STRICT_OOS
SUCCESS,3189,景碩,W1,MODERNIZED,2025-10-03,1,Stage 1 基底 ≥8 週、MA 不再下降、突破基底壓力（buy-stop）,PreTradeRR=0.18; 停損 11.5%; 上方壓力 2.1%,0.17970776557922363,11:35:24,盤中觸及 buy/sell-stop（日線模擬）,2025-10-07,120.3,106.44478543296658,0.11517219091465837,2.7909785544894326,MA10W_EXIT,,2025-11-24,MA10W_EXIT,0.08586782290672973,-0.0523690790314858,0.31753947747538747,,STRICT_OOS
FAILURE,3189,景碩,W1,MODERNIZED,2025-10-03,1,Stage 1 基底 ≥8 週、MA 不再下降、突破基底壓力（buy-stop）,PreTradeRR=0.18; 停損 11.5%; 上方壓力 2.1%,0.17970776557922363,11:35:24,盤中觸及 buy/sell-stop（日線模擬）,2025-10-07,120.3,106.44478543296658,0.11517219091465837,2.7909785544894326,MA10W_EXIT,,2025-11-24,MA10W_EXIT,0.08586782290672973,-0.0523690790314858,0.31753947747538747,MA10W_EXIT,STRICT_OOS
SUCCESS,3189,景碩,W1,TEXTBOOK,2025-10-03,1,Stage 1 基底 ≥8 週、MA 不再下降、突破基底壓力（buy-stop）,PreTradeRR=0.13; 停損 16.0%; 上方壓力 2.1%,0.12919172644615173,11:35:24,盤中觸及 buy/sell-stop（日線模擬）,2025-10-07,120.3,101.02717479749303,0.16020636078559397,3.8822958362988076,END_OF_WINDOW,,2026-09-03,END_OF_WINDOW,5.720687786589735,-0.0523690790314858,7.351433778156547,,STRICT_OOS
SUCCESS,4967,十銓,W1,TEXTBOOK,2025-10-09,1,Stage 1 基底 ≥8 週、MA 不再下降、突破基底壓力（buy-stop）,PreTradeRR=0.86; 停損 15.2%; 上方壓力 13.1%,0.8587947487831116,10:02:48,盤中觸及 buy/sell-stop（日線模擬）,2025-10-13,118.64988484527662,100.6008998688131,0.1521197007481296,3.302354574203491,END_OF_WINDOW,,2026-09-03,END_OF_WINDOW,1.360564623576064,-0.07290259789595532,1.7222950978457,,STRICT_OOS
SUCCESS,2464,盟立,W1,TEXTBOOK,2024-03-22,1,Stage 1 基底 ≥8 週、MA 不再下降、突破基底壓力（buy-stop）,PreTradeRR=0.04; 停損 15.9%; 上方壓力 0.7%,0.043067824095487595,09:02:42,盤中觸及 buy/sell-stop（日線模擬）,2024-03-25,46.465875,39.089417303974905,0.1587500008560066,3.7416815259774423,STAGE3_HALF,,2025-03-28,STAGE3_SUPPORT_STOP,0.5649738927218162,-0.08535028309256376,1.1350421042637984,,DISCOVERY
SUCCESS,8383,千附,W1,TEXTBOOK,2026-04-02,1,Stage 1 基底 ≥8 週、MA 不再下降、突破基底壓力（buy-stop）,PreTradeRR=0.02; 停損 15.2%; 上方壓力 0.2%,0.015401843935251236,09:00:46,盤中觸及 buy/sell-stop（日線模擬）,2026-04-09,47.10802689528168,39.94196794113659,0.15211970074812972,5.43765926361084,END_OF_WINDOW,,2026-09-03,END_OF_WINDOW,0.39651586732062166,-0.006538734809810931,1.078350196292273,,STRICT_OOS
SUCCESS,4760,勤凱,W1,TEXTBOOK,2024-04-19,1,Stage 1 基底 ≥8 週、MA 不再下降、突破基底壓力（buy-stop）,PreTradeRR=0.75; 停損 15.2%; 上方壓力 11.3%,0.7460277676582336,09:12:49,盤中觸及 buy/sell-stop（日線模擬）,2024-04-23,95.5232121187786,80.9922496767699,0.15211970074812964,3.442190647125244,STAGE3_HALF,,2024-12-16,STAGE3_SUPPORT_STOP,0.1789188734199359,-0.07142988565223563,0.7273288505995203,,DISCOVERY
SUCCESS,2233,宇隆,W1,TEXTBOOK,2023-04-07,1,Stage 1 基底 ≥8 週、MA 不再下降、突破基底壓力（buy-stop）,PreTradeRR=0.02; 停損 16.1%; 上方壓力 0.3%,0.016351714730262756,09:21:11,盤中觸及 buy/sell-stop（日線模擬）,2023-04-10,123.30749999999998,103.45500028859844,0.16099993683597127,6.389310457402397,STAGE3_HALF,,2024-05-13,STAGE3_SUPPORT_STOP,0.13361514233451516,-0.15468008090816388,0.32027655056469917,,DISCOVERY
SUCCESS,4906,正文,W1,TEXTBOOK,2023-04-14,1,Stage 1 基底 ≥8 週、MA 不再下降、突破基底壓力（buy-stop）,PreTradeRR=0.07; 停損 12.5%; 上方壓力 0.9%,0.07029084116220474,09:13:55,盤中觸及 buy/sell-stop（日線模擬）,2023-04-17,32.176240185918296,28.165500560084197,0.12464910762287797,6.037672996520996,STAGE3_HALF,,2024-04-03,STAGE3_SUPPORT_STOP,0.12026579447932578,-0.094051998853523,0.3297855953866182,,DISCOVERY
SUCCESS,1229,聯華,W1,TEXTBOOK,2023-04-21,1,Stage 1 基底 ≥8 週、MA 不再下降、突破基底壓力（buy-stop）,PreTradeRR=0.32; 停損 15.2%; 上方壓力 4.9%,0.3204527795314789,09:53:05,盤中觸及 buy/sell-stop（日線模擬）,2023-04-25,63.24642174999999,53.625395,0.15211970074812964,7.524825572967529,STAGE3_HALF,,2024-11-18,STAGE3_SUPPORT_STOP,0.10103990082810549,-0.07030313672946842,0.24310382441009026,,DISCOVERY
SUCCESS,2371,大同,W1,TEXTBOOK,2023-05-12,1,Stage 1 基底 ≥8 週、MA 不再下降、突破基底壓力（buy-stop）,PreTradeRR=0.44; 停損 15.1%; 上方壓力 6.7%,0.4426831901073456,09:00:18,盤中觸及 buy/sell-stop（日線模擬）,2023-05-15,37.6059818418635,31.92750110122243,0.1509994012261026,6.186671257019043,STAGE3_HALF,,2024-01-17,STAGE3_SUPPORT_STOP,0.10071203763782605,-0.05733079985150591,0.5316712357108861,,DISCOVERY
SUCCESS,1784,訊聯,W1,TEXTBOOK,2023-04-14,1,Stage 1 基底 ≥8 週、MA 不再下降、突破基底壓力（buy-stop）,PreTradeRR=0.72; 停損 15.2%; 上方壓力 11.0%,0.7223354578018188,09:41:57,盤中觸及 buy/sell-stop（日線模擬）,2023-04-17,54.90070968212648,46.549230154421465,0.1521197007481296,4.523044586181641,STAGE3_HALF,,2023-12-08,STAGE3_SUPPORT_STOP,0.06378107791992066,-0.032799388068980195,0.3788528470627366,,DISCOVERY
FAILURE,2049,上銀,W1,TEXTBOOK,2024-12-13,1,Stage 1 基底 ≥8 週、MA 不再下降、突破基底壓力（buy-stop）,PreTradeRR=0.16; 停損 15.2%; 上方壓力 2.4%,0.15944017469882965,09:27:30,盤中觸及 buy/sell-stop（日線模擬）,2024-12-17,264.44847164691873,224.2206492766892,0.15211970074812967,4.6353044509887695,STRUCTURAL_STOP,,2025-04-09,STRUCTURAL_STOP,-0.32931175354870296,-0.24938117933804171,0.4048105385583536,STRUCTURAL_STOP,DISCOVERY
FAILURE,3617,碩天,W1,TEXTBOOK,2024-08-30,1,Stage 1 基底 ≥8 週、MA 不再下降、突破基底壓力（buy-stop）,PreTradeRR=0.08; 停損 15.2%; 上方壓力 1.2%,0.0789436399936676,09:32:56,盤中觸及 buy/sell-stop（日線模擬）,2024-09-03,310.92379776505817,263.62616269356556,0.15211970074812978,6.5887250900268555,STRUCTURAL_STOP,,2025-04-08,STRUCTURAL_STOP,-0.26341005769816267,-0.1750390217235992,0.2913131840152807,STRUCTURAL_STOP,DISCOVERY
FAILURE,7714,創泓科技,W1,TEXTBOOK,2026-07-09,1,Stage 1 基底 ≥8 週、MA 不再下降、突破基底壓力（buy-stop）,PreTradeRR=0.09; 停損 16.9%; 上方壓力 1.6%,0.09365622699260712,09:19:05,盤中觸及 buy/sell-stop（日線模擬）,2026-07-13,176.91904530864338,147.0648755682821,0.16874480465502906,2.9330413341522217,STRUCTURAL_STOP,,2026-07-28,STRUCTURAL_STOP,-0.19260323348385316,-0.11258846969027148,0.21807123686027619,STRUCTURAL_STOP,STRICT_OOS
FAILURE,3205,佰研,W1,TEXTBOOK,2023-07-14,1,Stage 1 基底 ≥8 週、MA 不再下降、突破基底壓力（buy-stop）,PreTradeRR=0.19; 停損 16.9%; 上方壓力 3.1%,0.18591713905334473,,盤中觸及 buy/sell-stop（日線模擬）,2023-07-20,57.74227369499999,47.998565,0.16874480465502895,3.8588943481445312,STRUCTURAL_STOP,,2023-08-11,STRUCTURAL_STOP,-0.17532294264339138,-0.16871995284528596,0.054686559827543446,STRUCTURAL_STOP,DISCOVERY
FAILURE,4768,晶呈科技,W1,TEXTBOOK,2023-07-14,1,Stage 1 基底 ≥8 週、MA 不再下降、突破基底壓力（buy-stop）,PreTradeRR=0.07; 停損 16.9%; 上方壓力 1.1%,0.066410131752491,,盤中觸及 buy/sell-stop（日線模擬）,2023-07-17,216.8351560529471,180.24535000244978,0.16874480465502908,4.592447757720947,STRUCTURAL_STOP,,2023-08-08,STRUCTURAL_STOP,-0.17532294264339138,-0.16295861244777532,0.16909086853099842,STRUCTURAL_STOP,DISCOVERY
FAILURE,8473,山林水,W1,TEXTBOOK,2026-05-29,1,Stage 1 基底 ≥8 週、MA 不再下降、突破基底壓力（buy-stop）,PreTradeRR=0.93; 停損 16.9%; 上方壓力 15.7%,0.930992841720581,,盤中觸及 buy/sell-stop（日線模擬）,2026-06-01,51.79369114131274,43.05377484730902,0.16874480465502897,4.506771087646484,STRUCTURAL_STOP,,2026-07-14,STRUCTURAL_STOP,-0.17532294264339138,-0.1340644305494183,0.10438159829392712,STRUCTURAL_STOP,STRICT_OOS
FAILURE,2426,鼎元,W1,TEXTBOOK,2024-09-13,1,Stage 1 基底 ≥8 週、MA 不再下降、突破基底壓力（buy-stop）,PreTradeRR=0.41; 停損 15.2%; 上方壓力 6.3%,0.41363048553466797,10:15:39,盤中觸及 buy/sell-stop（日線模擬）,2024-09-16,23.780252130479926,20.162807292676245,0.15211970074812972,2.5838890075683594,STRUCTURAL_STOP,,2024-11-12,STRUCTURAL_STOP,-0.15873940149625937,-0.13373500163600682,0.13539589144652164,STRUCTURAL_STOP,DISCOVERY
FAILURE,4721,美琪瑪,W1,TEXTBOOK,2026-04-17,1,Stage 1 基底 ≥8 週、MA 不再下降、突破基底壓力（buy-stop）,PreTradeRR=0.04; 停損 15.2%; 上方壓力 0.6%,0.036199700087308884,09:07:10,盤中觸及 buy/sell-stop（日線模擬）,2026-04-23,96.72982154364881,82.01531003700896,0.15211970074812964,4.031373023986816,STRUCTURAL_STOP,,2026-04-24,STRUCTURAL_STOP,-0.15873940149625926,-0.1191961419927362,0.0,STRUCTURAL_STOP,STRICT_OOS
FAILURE,5905,南仁湖,W1,TEXTBOOK,2024-07-05,1,Stage 1 基底 ≥8 週、MA 不再下降、突破基底壓力（buy-stop）,PreTradeRR=0.29; 停損 15.2%; 上方壓力 4.4%,0.29166901111602783,,盤中觸及 buy/sell-stop（日線模擬）,2024-07-11,15.535090875,13.1718975,0.15211970074812955,4.084531784057617,STRUCTURAL_STOP,,2025-01-13,STRUCTURAL_STOP,-0.15873940149625915,-0.14709221165080544,0.6350081376656251,STRUCTURAL_STOP,DISCOVERY
FAILURE,6409,旭隼,W1,TEXTBOOK,2023-05-26,1,Stage 1 基底 ≥8 週、MA 不再下降、突破基底壓力（buy-stop）,PreTradeRR=0.24; 停損 12.9%; 上方壓力 3.1%,0.24022892117500305,09:17:08,盤中觸及 buy/sell-stop（日線模擬）,2023-05-31,1880.2990248380274,1638.4500004993474,0.12862263988011874,4.670187950134277,STRUCTURAL_STOP,,2023-08-08,STRUCTURAL_STOP,-0.15182780522770584,-0.10707826972366719,0.13013939364295513,STRUCTURAL_STOP,DISCOVERY
SUCCESS,3260,威剛,W2,MODERNIZED,2025-08-08,2,Stage 2 已確立、MA 明顯上升、靠近 MA 整理後再突破,PreTradeRR=0.16; 停損 5.1%; 上方壓力 0.8%,0.15860103070735931,,盤中觸及 buy/sell-stop（日線模擬）,2025-08-12,95.02045939425622,90.17635738296352,0.050979568423192824,2.62858247756958,MA10W_EXIT,,2025-11-24,MA10W_EXIT,0.8483509769635915,-0.010739363443735384,1.4573655206245668,,STRICT_OOS
SUCCESS,5225,東科-KY,W2,MODERNIZED,2024-02-02,2,Stage 2 已確立、MA 明顯上升、靠近 MA 整理後再突破,PreTradeRR=0.84; 停損 6.0%; 上方壓力 5.1%,0.840377151966095,,盤中觸及 buy/sell-stop（日線模擬）,2024-02-05,74.91030858143627,70.38421394448093,0.06042018411971886,2.607626438140869,MA10W_EXIT,,2024-05-13,MA10W_EXIT,0.5781037529714304,-0.057539591854043226,0.8192671400411582,,DISCOVERY
SUCCESS,2385,群光,W2,MODERNIZED,2023-10-06,2,Stage 2 已確立、MA 明顯上升、靠近 MA 整理後再突破,PreTradeRR=0.40; 停損 5.4%; 上方壓力 2.1%,0.3974207639694214,,盤中觸及 buy/sell-stop（日線模擬）,2023-10-11,120.15814512284304,113.69778464182104,0.05376548110340163,2.621595621109009,MA10W_EXIT,,2024-01-29,MA10W_EXIT,0.3901619988948765,-0.022122063385540458,0.5729270706003251,,DISCOVERY
SUCCESS,6469,大樹,W2,MODERNIZED,2023-01-17,2,Stage 2 已確立、MA 明顯上升、靠近 MA 整理後再突破,PreTradeRR=0.03; 停損 5.5%; 上方壓力 0.2%,0.03015870414674282,,盤中觸及 buy/sell-stop（日線模擬）,2023-01-30,311.7073253807487,294.68000063428696,0.05462600125185693,2.6195883750915527,MA10W_EXIT,,2023-05-15,MA10W_EXIT,0.15874263031739771,-0.029538369165696077,0.4067683519374128,,DISCOVERY
SUCCESS,6669,緯穎,W2,MODERNIZED,2023-11-03,2,Stage 2 已確立、MA 明顯上升、靠近 MA 整理後再突破,PreTradeRR=0.06; 停損 14.1%; 上方壓力 0.9%,0.06304442137479782,,盤中觸及 buy/sell-stop（日線模擬）,2023-11-06,1724.3000000000004,1481.5435686647672,0.14078549633777948,2.65514838656532,WEAK_VOL_FIRST_RALLY,,2023-11-14,WEAK_VOL_FIRST_RALLY,0.1177815057769051,-0.019892130139766984,0.12509424160705884,,DISCOVERY
SUCCESS,2230,泰茂,W2,MODERNIZED,2023-10-20,2,Stage 2 已確立、MA 明顯上升、靠近 MA 整理後再突破,PreTradeRR=0.21; 停損 10.9%; 上方壓力 2.3%,0.21432872116565704,,盤中觸及 buy/sell-stop（日線模擬）,2023-10-23,110.60582529767193,98.60450044265433,0.10850535966544807,2.4818103313446045,WEAK_VOL_FIRST_RALLY,,2023-10-25,WEAK_VOL_FIRST_RALLY,0.10477701531988698,-0.03260068163650165,0.0939749285782503,,DISCOVERY
SUCCESS,6223,旺矽,W2,MODERNIZED,2023-06-30,2,Stage 2 已確立、MA 明顯上升、靠近 MA 整理後再突破,PreTradeRR=12.18; 停損 8.2%; 上方無壓力,12.177816918005428,10:49:27,盤中觸及 buy/sell-stop（日線模擬）,2023-07-03,180.4885963884212,165.66750016044614,0.08211652439292767,2.455566167831421,MA10W_EXIT,,2023-10-23,MA10W_EXIT,0.09795452051939874,-0.04149068795763888,0.3101012405184085,,DISCOVERY
SUCCESS,5519,隆大,W2,MODERNIZED,2024-03-08,2,Stage 2 已確立、MA 明顯上升、靠近 MA 整理後再突破,PreTradeRR=11.37; 停損 8.8%; 上方無壓力,11.369349666276397,,盤中觸及 buy/sell-stop（日線模擬）,2024-03-11,37.0925,33.83000028904263,0.0879557784176685,2.8636364263310305,MA10W_EXIT,,2024-05-27,MA10W_EXIT,0.0806014281036353,-0.04293320752173613,0.5043472240352567,,DISCOVERY
SUCCESS,5009,榮剛,W2,MODERNIZED,2023-02-17,2,Stage 2 已確立、MA 明顯上升、靠近 MA 整理後再突破,PreTradeRR=0.08; 停損 7.6%; 上方壓力 0.6%,0.08004342019557953,09:00:29,盤中觸及 buy/sell-stop（日線模擬）,2023-02-20,41.90449999999999,38.73164194125855,0.07571640417476497,2.74197616244817,WEAK_VOL_FIRST_RALLY,,2023-02-24,WEAK_VOL_FIRST_RALLY,0.06549546102729104,-0.013232469066567831,0.060745267273642156,,DISCOVERY
SUCCESS,4749,新應材,W2,MODERNIZED,2023-04-07,2,Stage 2 已確立、MA 明顯上升、靠近 MA 整理後再突破,PreTradeRR=11.22; 停損 8.9%; 上方無壓力,11.21695540608649,,盤中觸及 buy/sell-stop（日線模擬）,2023-04-11,250.37136812351335,228.05057259038156,0.08915075114387858,2.571943521499634,MA10W_EXIT,,2023-06-19,MA10W_EXIT,0.047138219341771044,-0.053406139143342246,0.1702616078155328,,DISCOVERY
FAILURE,2329,華泰,W2,MODERNIZED,2025-10-31,2,Stage 2 已確立、MA 明顯上升、靠近 MA 整理後再突破,PreTradeRR=0.07; 停損 11.3%; 上方壓力 0.8%,0.07395102828741074,,盤中觸及 buy/sell-stop（日線模擬）,2025-11-04,52.68859320156058,46.726843043316386,0.11315068017545053,2.556339979171753,STRUCTURAL_STOP,,2025-11-05,STRUCTURAL_STOP,-0.12037600302545887,-0.09657864999534405,0.0,STRUCTURAL_STOP,STRICT_OOS
FAILURE,1524,耿鼎,W2,MODERNIZED,2024-03-29,2,Stage 2 已確立、MA 明顯上升、靠近 MA 整理後再突破,PreTradeRR=0.52; 停損 9.6%; 上方壓力 5.0%,0.5180990695953369,,盤中觸及 buy/sell-stop（日線模擬）,2024-04-01,38.25956085633525,34.5927215781982,0.09584112300467934,2.5667872428894043,STRUCTURAL_STOP,,2024-04-16,STRUCTURAL_STOP,-0.10260152019716756,-0.0486038212335449,0.018046177919694317,STRUCTURAL_STOP,DISCOVERY
FAILURE,3217,優群,W2,MODERNIZED,2024-01-19,2,Stage 2 已確立、MA 明顯上升、靠近 MA 整理後再突破,PreTradeRR=0.05; 停損 11.8%; 上方壓力 0.6%,0.047756377607584,,盤中觸及 buy/sell-stop（日線模擬）,2024-01-22,184.51062681889744,162.6824999786915,0.1183028165723529,2.2470130920410156,MA10W_EXIT,,2024-03-11,MA10W_EXIT,-0.10166581902359789,-0.10032282183748165,0.08123854003288833,MA10W_EXIT,DISCOVERY
FAILURE,4137,麗豐-KY,W2,MODERNIZED,2023-05-05,2,Stage 2 已確立、MA 明顯上升、靠近 MA 整理後再突破,PreTradeRR=0.24; 停損 9.1%; 上方壓力 2.2%,0.24011926352977753,09:04:20,盤中觸及 buy/sell-stop（日線模擬）,2023-05-08,236.29426223313237,214.90142863413607,0.09053471462582399,2.570812702178955,STRUCTURAL_STOP,,2023-05-25,STRUCTURAL_STOP,-0.09730837783925944,-0.08588554631225731,0.051654819591736345,STRUCTURAL_STOP,DISCOVERY
FAILURE,2489,瑞軒,W2,MODERNIZED,2023-06-30,2,Stage 2 已確立、MA 明顯上升、靠近 MA 整理後再突破,PreTradeRR=0.36; 停損 8.5%; 上方壓力 3.1%,0.3609515130519867,,盤中觸及 buy/sell-stop（日線模擬）,2023-07-07,15.434540596017353,14.119264960117988,0.08521637736589012,2.5753653049468994,STRUCTURAL_STOP,,2023-07-10,STRUCTURAL_STOP,-0.09200333642247543,-0.047590700315815804,0.010720073134236285,STRUCTURAL_STOP,DISCOVERY
FAILURE,1312,國喬,W2,MODERNIZED,2026-03-06,2,Stage 2 已確立、MA 明顯上升、靠近 MA 整理後再突破,PreTradeRR=0.10; 停損 14.7%; 上方壓力 1.4%,0.09704738110303879,,盤中觸及 buy/sell-stop（日線模擬）,2026-03-09,14.615051490161427,12.471321426397852,0.14667961075653368,2.9423744678497314,MA10W_EXIT,,2026-04-07,MA10W_EXIT,-0.08992916084294095,-0.12076944267311585,0.05712935807312358,MA10W_EXIT,STRICT_OOS
FAILURE,2405,輔信,W2,MODERNIZED,2023-09-28,2,Stage 2 已確立、MA 明顯上升、靠近 MA 整理後再突破,PreTradeRR=0.22; 停損 7.9%; 上方壓力 1.7%,0.22004611790180206,,盤中觸及 buy/sell-stop（日線模擬）,2023-10-02,16.741699418751367,15.422499863184411,0.07879723094833485,1.9543697834014893,STRUCTURAL_STOP,,2023-10-16,STRUCTURAL_STOP,-0.08560023787096399,-0.06520839754334073,0.009455485902202465,STRUCTURAL_STOP,DISCOVERY
FAILURE,6284,佳邦,W2,MODERNIZED,2024-03-22,2,Stage 2 已確立、MA 明顯上升、靠近 MA 整理後再突破,PreTradeRR=0.02; 停損 7.6%; 上方壓力 0.1%,0.01966286450624466,,盤中觸及 buy/sell-stop（日線模擬）,2024-03-25,87.98190609635644,81.33392869370644,0.07556073399193278,2.58532452583313,STRUCTURAL_STOP,,2024-04-16,STRUCTURAL_STOP,-0.08237183215695293,-0.04980462823404408,0.02521079619728117,STRUCTURAL_STOP,DISCOVERY
FAILURE,2442,新美齊,W2,MODERNIZED,2024-02-23,2,Stage 2 已確立、MA 明顯上升、靠近 MA 整理後再突破,PreTradeRR=13.66; 停損 7.3%; 上方無壓力,13.65966899585294,09:04:10,盤中觸及 buy/sell-stop（日線模擬）,2024-02-29,27.65145633132652,25.627142540141577,0.07320821612175221,2.588163137435913,STRUCTURAL_STOP,,2024-04-16,STRUCTURAL_STOP,-0.08002519558144777,-0.0542993811796566,0.059618683834371966,STRUCTURAL_STOP,DISCOVERY
FAILURE,6605,帝寶,W2,MODERNIZED,2023-06-30,2,Stage 2 已確立、MA 明顯上升、靠近 MA 整理後再突破,PreTradeRR=0.38; 停損 6.8%; 上方壓力 2.5%,0.3755538761615753,09:14:57,盤中觸及 buy/sell-stop（日線模擬）,2023-07-04,121.66640816157104,113.4300009140208,0.06769664176008584,1.5415736436843872,STRUCTURAL_STOP,,2023-07-18,STRUCTURAL_STOP,-0.07452740015568565,-0.048344689088670956,0.04794743871198626,STRUCTURAL_STOP,DISCOVERY
SUCCESS,3293,鈊象,W2,TEXTBOOK,2023-05-26,2,Stage 2 已確立、MA 明顯上升、靠近 MA 整理後再突破,PreTradeRR=0.27; 停損 13.0%; 上方壓力 3.5%,0.26649972796440125,10:32:05,盤中觸及 buy/sell-stop（日線模擬）,2023-05-31,572.1337689495779,497.9700009542651,0.1296266223395193,7.111594200134277,STAGE3_EXIT,,2025-03-31,STAGE3_EXIT,1.917298746043744,-0.031694981023181024,3.276366085961387,,DISCOVERY
SUCCESS,5225,東科-KY,W2,TEXTBOOK,2023-08-25,2,Stage 2 已確立、MA 明顯上升、靠近 MA 整理後再突破,PreTradeRR=0.00; 停損 15.6%; 上方壓力 0.0%,3.0159331032564296e-08,09:51:57,盤中觸及 buy/sell-stop（日線模擬）,2023-08-28,48.973242573724576,41.332500101191584,0.15601871697653213,6.043525695800781,STAGE3_EXIT,,2024-11-04,STAGE3_EXIT,1.6852530355280197,-0.12196951355084218,2.4622986499370887,,DISCOVERY
SUCCESS,4749,新應材,W2,TEXTBOOK,2023-02-03,2,Stage 2 已確立、MA 明顯上升、靠近 MA 整理後再突破,PreTradeRR=0.27; 停損 15.2%; 上方壓力 4.1%,0.26627930998802185,10:17:59,盤中觸及 buy/sell-stop（日線模擬）,2023-02-08,209.14555984811042,177.33039987121583,0.15211970074812964,4.143369674682617,STAGE3_EXIT,,2025-03-17,STAGE3_EXIT,1.5658919994552554,-0.04372820713881764,3.5163791174710184,,DISCOVERY
SUCCESS,8155,博智,W2,TEXTBOOK,2025-10-03,2,Stage 2 已確立、MA 明顯上升、靠近 MA 整理後再突破,PreTradeRR=0.09; 停損 15.2%; 上方壓力 1.3%,0.08574321866035461,,盤中觸及 buy/sell-stop（日線模擬）,2025-10-08,162.38946126224263,137.68682501038032,0.1521197007481296,4.068669319152832,END_OF_WINDOW,,2026-09-03,END_OF_WINDOW,1.1651108511972905,-0.08861080677232025,1.9558568442504152,,STRICT_OOS
SUCCESS,6643,M31,W2,TEXTBOOK,2023-05-19,2,Stage 2 已確立、MA 明顯上升、靠近 MA 整理後再突破,PreTradeRR=0.04; 停損 15.2%; 上方壓力 0.6%,0.04108605906367302,09:20:34,盤中觸及 buy/sell-stop（日線模擬）,2023-05-23,668.6624882327468,566.9457506212816,0.1521197007481297,4.289259910583496,STAGE3_EXIT,,2024-08-19,STAGE3_EXIT,1.0122795591579214,-0.04585645041011177,2.472294023127796,,DISCOVERY
SUCCESS,2449,京元電子,W2,TEXTBOOK,2023-05-19,2,Stage 2 已確立、MA 明顯上升、靠近 MA 整理後再突破,PreTradeRR=0.78; 停損 10.2%; 上方壓力 7.9%,0.7750893235206604,09:02:03,盤中觸及 buy/sell-stop（日線模擬）,2023-05-26,49.169317018607146,44.15399981158965,0.10200095325952058,7.889263153076172,STAGE3_EXIT,,2024-06-03,STAGE3_EXIT,0.9323491994231767,-0.006494233354640722,1.6507161312924312,,DISCOVERY
SUCCESS,2540,愛山林,W2,TEXTBOOK,2023-09-08,2,Stage 2 已確立、MA 明顯上升、靠近 MA 整理後再突破,PreTradeRR=0.49; 停損 12.3%; 上方壓力 6.1%,0.49430251121520996,09:01:21,盤中觸及 buy/sell-stop（日線模擬）,2023-09-13,73.26866324185507,64.2676864338874,0.12284892899241275,5.051543235778809,STAGE3_EXIT,,2024-12-02,STAGE3_EXIT,0.9144349595700438,-0.03232846263396738,2.215545929031336,,DISCOVERY
SUCCESS,2303,聯電,W2,TEXTBOOK,2026-04-10,2,Stage 2 已確立、MA 明顯上升、靠近 MA 整理後再突破,PreTradeRR=0.75; 停損 16.1%; 上方壓力 12.1%,0.7509533166885376,09:06:17,盤中觸及 buy/sell-stop（日線模擬）,2026-04-16,66.66625,55.92727991994195,0.16108555798560825,4.199597063630302,END_OF_WINDOW,,2026-09-03,END_OF_WINDOW,0.8978334991637471,-0.01599384996156228,1.7825174007621127,,STRICT_OOS
SUCCESS,1522,堤維西,W2,TEXTBOOK,2023-08-25,2,Stage 2 已確立、MA 明顯上升、靠近 MA 整理後再突破,PreTradeRR=0.09; 停損 14.8%; 上方壓力 1.4%,0.0932997316122055,09:10:57,盤中觸及 buy/sell-stop（日線模擬）,2023-09-01,34.840834457086636,29.699999341139865,0.14755200890147233,6.426044464111328,STAGE3_EXIT,,2024-12-30,STAGE3_EXIT,0.86251610393645,-0.04853024949972473,1.1497762715656807,,DISCOVERY
SUCCESS,1618,合機,W2,TEXTBOOK,2023-07-07,2,Stage 2 已確立、MA 明顯上升、靠近 MA 整理後再突破,PreTradeRR=0.41; 停損 15.5%; 上方壓力 6.3%,0.40845417976379395,,盤中觸及 buy/sell-stop（日線模擬）,2023-07-10,22.857,19.310257000664386,0.15517097603953334,5.876261151907066,STAGE3_EXIT,,2024-11-11,STAGE3_EXIT,0.8581707110325072,-0.0068687929299559025,2.134131421046331,,DISCOVERY
FAILURE,5536,聖暉*,W2,TEXTBOOK,2024-12-13,2,Stage 2 已確立、MA 明顯上升、靠近 MA 整理後再突破,PreTradeRR=0.50; 停損 15.2%; 上方壓力 7.7%,0.5042381286621094,09:16:48,盤中觸及 buy/sell-stop（日線模擬）,2024-12-19,367.5129912276773,311.60702498107304,0.15211970074812964,4.876533031463623,STRUCTURAL_STOP,,2025-04-08,STRUCTURAL_STOP,-0.21214913484225267,-0.11740365897215554,0.29631337365737487,STRUCTURAL_STOP,DISCOVERY
FAILURE,2382,廣達,W2,TEXTBOOK,2024-06-14,2,Stage 2 已確立、MA 明顯上升、靠近 MA 整理後再突破,PreTradeRR=0.16; 停損 13.6%; 上方壓力 2.2%,0.16401375830173492,10:16:50,盤中觸及 buy/sell-stop（日線模擬）,2024-06-19,298.63572792087643,257.8950005509657,0.13642281736867407,4.793026447296143,STRUCTURAL_STOP,,2024-08-05,STRUCTURAL_STOP,-0.18615350964220995,-0.1243512570371832,0.15525360099533292,STRUCTURAL_STOP,DISCOVERY
FAILURE,2442,新美齊,W2,TEXTBOOK,2024-04-19,2,Stage 2 已確立、MA 明顯上升、靠近 MA 整理後再突破,PreTradeRR=0.02; 停損 16.6%; 上方壓力 0.4%,0.022013412788510323,12:15:39,盤中觸及 buy/sell-stop（日線模擬）,2024-04-24,30.024875,25.04700034904257,0.16579168609219622,5.688999533644226,STRUCTURAL_STOP,,2024-10-09,STRUCTURAL_STOP,-0.17237720687696562,-0.12888458951346982,0.30225356096230827,STRUCTURAL_STOP,DISCOVERY
FAILURE,6216,居易,W2,TEXTBOOK,2024-10-25,2,Stage 2 已確立、MA 明顯上升、靠近 MA 整理後再突破,PreTradeRR=0.42; 停損 15.2%; 上方壓力 6.4%,0.42139554023742676,,盤中觸及 buy/sell-stop（日線模擬）,2024-10-30,51.180331946051034,43.39479516622781,0.15211970074812975,4.266047477722168,STRUCTURAL_STOP,,2024-11-12,STRUCTURAL_STOP,-0.16643393684294755,-0.12368681058803732,0.053138925494164546,STRUCTURAL_STOP,DISCOVERY
FAILURE,8034,榮群,W2,TEXTBOOK,2026-01-16,2,Stage 2 已確立、MA 明顯上升、靠近 MA 整理後再突破,PreTradeRR=0.15; 停損 15.2%; 上方壓力 2.3%,0.1488400101661682,09:49:26,盤中觸及 buy/sell-stop（日線模擬）,2026-01-20,28.40558681843769,24.084537452041932,0.15211970074812967,4.260189056396484,STRUCTURAL_STOP,,2026-02-02,STRUCTURAL_STOP,-0.16170804633256092,-0.15157536138206062,0.020925925078107532,STRUCTURAL_STOP,STRICT_OOS
FAILURE,3013,晟銘電,W2,TEXTBOOK,2023-12-01,2,Stage 2 已確立、MA 明顯上升、靠近 MA 整理後再突破,PreTradeRR=0.16; 停損 15.5%; 上方壓力 2.5%,0.1625547856092453,11:07:34,盤中觸及 buy/sell-stop（日線模擬）,2023-12-04,49.32300000000001,41.689694932263436,0.15476157305388094,4.792209277850977,STRUCTURAL_STOP,,2024-01-17,STRUCTURAL_STOP,-0.16137466912124615,-0.14948402130481775,0.08468665177457746,STRUCTURAL_STOP,DISCOVERY
FAILURE,1513,中興電,W2,TEXTBOOK,2024-06-07,2,Stage 2 已確立、MA 明顯上升、靠近 MA 整理後再突破,PreTradeRR=0.63; 停損 15.2%; 上方壓力 9.6%,0.6320933699607849,09:44:36,盤中觸及 buy/sell-stop（日線模擬）,2024-06-14,191.04642460278845,161.98449966321215,0.15211970074812967,5.085837364196777,STRUCTURAL_STOP,,2024-08-06,STRUCTURAL_STOP,-0.15873940149625937,-0.1381522629266856,0.2754279178010812,STRUCTURAL_STOP,DISCOVERY
FAILURE,1519,華城,W2,TEXTBOOK,2026-01-09,2,Stage 2 已確立、MA 明顯上升、靠近 MA 整理後再突破,PreTradeRR=0.12; 停損 15.2%; 上方壓力 1.8%,0.1190708577632904,09:10:47,盤中觸及 buy/sell-stop（日線模擬）,2026-01-14,860.7144201476967,729.7828001252292,0.15211970074812967,5.5885443687438965,STRUCTURAL_STOP,,2026-07-09,STRUCTURAL_STOP,-0.15873940149625937,-0.14373457346110607,0.29543548239282114,STRUCTURAL_STOP,STRICT_OOS
FAILURE,2331,精英,W2,TEXTBOOK,2023-08-18,2,Stage 2 已確立、MA 明顯上升、靠近 MA 整理後再突破,PreTradeRR=0.45; 停損 15.2%; 上方壓力 6.8%,0.44691091775894165,09:07:03,盤中觸及 buy/sell-stop（日線模擬）,2023-08-24,32.6287186139118,27.665247702568603,0.15211970074812964,4.759492874145508,STRUCTURAL_STOP,,2023-10-16,STRUCTURAL_STOP,-0.15873940149625937,-0.14186025630591192,0.2703532919421159,STRUCTURAL_STOP,DISCOVERY
FAILURE,2495,普安,W2,TEXTBOOK,2024-10-18,2,Stage 2 已確立、MA 明顯上升、靠近 MA 整理後再突破,PreTradeRR=0.39; 停損 15.2%; 上方壓力 6.0%,0.39246389269828796,12:30:06,盤中觸及 buy/sell-stop（日線模擬）,2024-10-22,36.14799534149128,30.64917310749884,0.15211970074812964,3.7461562156677246,STRUCTURAL_STOP,,2024-12-16,STRUCTURAL_STOP,-0.15873940149625937,-0.13964798739254525,0.14252534696467967,STRUCTURAL_STOP,DISCOVERY
SUCCESS,8096,擎亞,W3,MODERNIZED,2023-12-19,2,W1 放量突破後量縮回測突破點,PreTradeRR=0.27; 停損 17.2%; 上方壓力 4.6%,0.2689968943595886,,09:00:00 開盤,2023-12-20,14.686625,12.157142129767744,0.1722303708464168,2.538549127056604,MA10W_EXIT,,2024-04-29,MA10W_EXIT,0.8021437469956725,-0.08420078994937619,1.3660983405291534,,DISCOVERY
SUCCESS,2204,中華,W3,MODERNIZED,2023-03-30,2,W1 放量突破後量縮回測突破點,PreTradeRR=0.11; 停損 7.2%; 上方壓力 0.8%,0.1090312972664833,,09:00:00 開盤,2023-03-31,64.26024999999998,59.614285871537355,0.07229919162254489,2.1681166728352084,MA10W_EXIT,,2023-07-24,MA10W_EXIT,0.35769208251073253,-0.01805548580334637,0.6028571255163426,,DISCOVERY
SUCCESS,6214,精誠,W3,MODERNIZED,2026-06-11,1,W1 放量突破後量縮回測突破點,PreTradeRR=0.12; 停損 10.3%; 上方壓力 1.3%,0.12244826555252075,,09:00:00 開盤,2026-06-12,145.3625,130.3449997500153,0.10331069051498631,2.051170857844547,END_OF_WINDOW,,2026-09-03,END_OF_WINDOW,0.307086547458802,-0.08389944916390923,0.3256513853275209,,STRICT_OOS
SUCCESS,3376,新日興,W3,MODERNIZED,2023-10-26,1,W1 放量突破後量縮回測突破點,PreTradeRR=0.02; 停損 6.8%; 上方壓力 0.1%,0.01614207960665226,,09:00:00 開盤,2023-10-27,93.53325,87.17142808979442,0.06801668829219097,2.3878152066901897,MA10W_EXIT,,2024-01-15,MA10W_EXIT,0.29658811620247544,-0.03777534050673792,0.4914482198182577,,DISCOVERY
SUCCESS,2357,華碩,W3,MODERNIZED,2023-05-30,2,W1 放量突破後量縮回測突破點,PreTradeRR=0.83; 停損 1.4%; 上方壓力 1.2%,0.8303074836730957,,09:00:00 開盤,2023-05-31,304.76,300.4899991587114,0.01401102782940222,0.6462704241391155,MA10W_EXIT,,2023-09-18,MA10W_EXIT,0.2469669168912329,-0.01069694395816212,0.5096601680675859,,DISCOVERY
SUCCESS,8040,九暘,W3,MODERNIZED,2024-02-22,2,W1 放量突破後量縮回測突破點,PreTradeRR=0.67; 停損 10.2%; 上方壓力 6.9%,0.6735196709632874,,09:00:00 開盤,2024-02-23,56.94199999999999,51.143,0.10184046924941147,1.7421887997737753,MA10W_EXIT,,2024-04-22,MA10W_EXIT,0.24101736855045525,-0.03234870570053705,0.680657511151699,,DISCOVERY
SUCCESS,6231,系微,W3,MODERNIZED,2023-02-16,2,W1 放量突破後量縮回測突破點,PreTradeRR=0.08; 停損 8.7%; 上方壓力 0.7%,0.08350711315870285,,09:00:00 開盤,2023-02-17,101.25249999999997,92.39999910560228,0.0874299488348209,1.8442709662205166,MA10W_EXIT,,2023-05-08,MA10W_EXIT,0.2072478515278004,-0.02125873435223813,0.4765067448256155,,DISCOVERY
SUCCESS,2915,潤泰全,W3,MODERNIZED,2024-05-22,2,W1 放量突破後量縮回測突破點,PreTradeRR=0.32; 停損 8.3%; 上方壓力 2.6%,0.3201758563518524,,09:00:00 開盤,2024-05-23,68.17,62.528570466575516,0.082755310744088,2.1005322231743286,MA10W_EXIT,,2024-09-23,MA10W_EXIT,0.1763925117041502,-0.03916678891007763,0.24440724304270445,,DISCOVERY
SUCCESS,6288,聯嘉,W3,MODERNIZED,2023-03-02,2,W1 放量突破後量縮回測突破點,PreTradeRR=0.29; 停損 8.5%; 上方壓力 2.4%,0.28544560074806213,,09:00:00 開盤,2023-03-03,28.721624999999996,26.2928571231598,0.08456234202766026,2.200825289732563,MA10W_EXIT,,2023-05-29,MA10W_EXIT,0.11206721782285317,-0.06690515063081404,0.22381656247021464,,DISCOVERY
SUCCESS,3673,TPK-KY,W3,MODERNIZED,2023-04-27,1,W1 放量突破後量縮回測突破點,PreTradeRR=0.62; 停損 4.3%; 上方壓力 2.7%,0.6240558624267578,,09:00:00 開盤,2023-04-28,38.044875000000005,36.417000438629955,0.04278827467221402,1.0061916866402796,MA10W_EXIT,,2023-07-17,MA10W_EXIT,0.08227911511076486,-0.026150033733090883,0.2196123741015843,,DISCOVERY
FAILURE,4555,氣立,W3,MODERNIZED,2026-06-03,1,W1 放量突破後量縮回測突破點,PreTradeRR=0.23; 停損 14.1%; 上方壓力 3.2%,0.22605884075164795,,09:00:00 開盤,2026-06-04,56.64125,48.62747045395993,0.14148309837865636,2.144863930390701,STRUCTURAL_STOP,,2026-06-08,STRUCTURAL_STOP,-0.1671045505704764,-0.07311367598702367,0.0,STRUCTURAL_STOP,STRICT_OOS
FAILURE,6202,盛群,W3,MODERNIZED,2026-03-04,2,W1 放量突破後量縮回測突破點,PreTradeRR=0.35; 停損 19.4%; 上方壓力 6.9%,0.35491013526916504,,09:00:00 開盤,2026-03-05,58.84674999999999,47.41175059097215,0.19431828281133373,2.7203056979128597,MA10W_EXIT,,2026-03-30,MA10W_EXIT,-0.163739891300764,-0.17922400152379803,0.014499526970313203,MA10W_EXIT,STRICT_OOS
FAILURE,3043,科風,W3,MODERNIZED,2024-12-12,2,W1 放量突破後量縮回測突破點,PreTradeRR=0.14; 停損 11.5%; 上方壓力 1.6%,0.14008201658725739,,09:00:00 開盤,2024-12-13,40.150125,35.5215,0.11528295366452794,1.4056561960250695,STRUCTURAL_STOP,,2025-01-03,STRUCTURAL_STOP,-0.1219947462803666,-0.07845865984227973,0.15566265360319553,STRUCTURAL_STOP,DISCOVERY
FAILURE,2402,毅嘉,W3,MODERNIZED,2024-08-01,2,W1 放量突破後量縮回測突破點,PreTradeRR=1.21; 停損 10.7%; 上方壓力 12.9%,1.2074054479599,,09:00:00 開盤,2024-08-02,41.1025,36.69999962073731,0.1071102823249848,1.761000207215567,STRUCTURAL_STOP,,2024-08-05,STRUCTURAL_STOP,-0.11384250661917222,-0.041420838148531036,0.01575329967763528,STRUCTURAL_STOP,DISCOVERY
FAILURE,2338,光罩,W3,MODERNIZED,2024-06-28,2,W1 放量突破後量縮回測突破點,PreTradeRR=0.11; 停損 7.3%; 上方壓力 0.8%,0.10900368541479111,,09:00:00 開盤,2024-07-01,77.79399999999998,72.13750075525104,0.07271125337106903,1.8899997450727368,STRUCTURAL_STOP,,2024-07-26,STRUCTURAL_STOP,-0.11334836192868819,-0.06548062930523157,0.09520014941683774,STRUCTURAL_STOP,DISCOVERY
FAILURE,6763,綠界科技,W3,MODERNIZED,2024-05-27,1,W1 放量突破後量縮回測突破點,PreTradeRR=0.41; 停損 10.2%; 上方壓力 4.2%,0.4091726541519165,,09:00:00 開盤,2024-05-28,479.69624999999996,430.642859574667,0.1022592743331492,2.4927311236200707,STRUCTURAL_STOP,,2024-06-21,STRUCTURAL_STOP,-0.10900362614731635,-0.09526079820055133,0.0016755466461584323,STRUCTURAL_STOP,DISCOVERY
FAILURE,6579,研揚,W3,MODERNIZED,2024-06-12,2,W1 放量突破後量縮回測突破點,PreTradeRR=0.19; 停損 8.5%; 上方壓力 1.6%,0.19229723513126373,,09:00:00 開盤,2024-06-13,184.96124999999998,169.15000080746182,0.08548411730856162,1.5982490152705793,STRUCTURAL_STOP,,2024-07-26,STRUCTURAL_STOP,-0.10656191534540843,-0.0808885630702596,0.043461805748024496,STRUCTURAL_STOP,DISCOVERY
FAILURE,6443,元晶,W3,MODERNIZED,2024-07-11,1,W1 放量突破後量縮回測突破點,PreTradeRR=0.05; 停損 9.6%; 上方壓力 0.5%,0.04986044391989708,,09:00:00 開盤,2024-07-12,31.37825,28.357500342580945,0.09626890146579414,2.083275519210735,STRUCTURAL_STOP,,2024-07-23,STRUCTURAL_STOP,-0.10302822921212956,-0.08057330381502259,0.03256236405790647,STRUCTURAL_STOP,DISCOVERY
FAILURE,6284,佳邦,W3,MODERNIZED,2026-01-22,2,W1 放量突破後量縮回測突破點,PreTradeRR=0.41; 停損 9.6%; 上方壓力 3.9%,0.4070514738559723,,09:00:00 開盤,2026-01-23,93.83399999999999,84.87142824572149,0.09551518377430901,2.5145491472244497,STRUCTURAL_STOP,,2026-01-30,STRUCTURAL_STOP,-0.10227639581487319,-0.08135643784581192,0.003900505147388156,STRUCTURAL_STOP,STRICT_OOS
FAILURE,6477,安集,W3,MODERNIZED,2024-07-12,2,W1 放量突破後量縮回測突破點,PreTradeRR=0.13; 停損 9.5%; 上方壓力 1.3%,0.13408085703849792,,09:00:00 開盤,2024-07-15,46.967125,42.48649970831381,0.09539918169754262,1.735473478696575,STRUCTURAL_STOP,,2024-07-22,STRUCTURAL_STOP,-0.10216068374329873,-0.08978886995398971,0.0,STRUCTURAL_STOP,DISCOVERY
