definition,engine,exit,window,n,trades_per_year,win_rate,pf,payoff,ev,median_ret,avg_winner,avg_loser,avg_r,median_r,mfe_mean,mae_mean,mfe_mae_ratio,stop_rate,first_exit_stop_rate,stop_dist_pct_med,stop_dist_atr_med,median_hold,ge10,ge20,ge30,ge40,n_ge20,n_ge40,top1pct_share,top5pct_share,pnl_ex_top5,pnl_per_100_slot_days,total_pnl_slots,ev_control,placebo_p
SCORE_V1 (registered §L; NOT the user-spec 7-condition setup),HIGH_RR_STAGE2_SCORE_V1,MODERN_NOVOL,PRE_2020_2022,1581,527.3609589041097,0.2947501581277672,1.4453688737659176,3.4583396872296097,0.0218593763252124,-0.03808583641778845,0.24068141519990074,-0.06959449821793089,0.30887121511709215,-0.4378533249149428,0.1993860931089478,-0.054051092119843464,3.688844855657382,0.3080328905755851,0.3080328905755851,0.09442162530521597,1.8674390817308468,12.0,0.14104996837444655,0.09044908285895004,0.061353573687539534,0.048703352308665404,143.0,77.0,0.9395804069745558,2.144117639767831,16.73367257885222,0.10392636666314069,34.5596739701608,,
SCORE_V1 (registered §L; NOT the user-spec 7-condition setup),HIGH_RR_STAGE2_SCORE_V1,MODERN_NOVOL,DISCOVERY,1159,579.8969178082192,0.2924935289042278,1.3183639524338133,3.188962952789755,0.01509581454388897,-0.03924696662211374,0.213723226294226,-0.06701966421631131,0.22024083647178264,-0.3947783318898402,0.19024353986391493,-0.05436281993139125,3.499515663536445,0.2553925798101812,0.2553925798101812,0.10311178443145674,2.01017688701892,15.0,0.14754098360655737,0.08541846419327007,0.056945642795513375,0.03796376186367558,99.0,44.0,1.0929867872716104,2.504841560525358,6.115447107767139,0.06736504334039471,17.496049056367315,,
SCORE_V1 (registered §L; NOT the user-spec 7-condition setup),HIGH_RR_STAGE2_SCORE_V1,MODERN_NOVOL,STRICT_OOS,1034,619.1286885245902,0.30464216634429403,1.976422956276329,4.511263827183113,0.055002957290331035,-0.039461329417951156,0.3654583874436049,-0.08101020056541484,0.5644440367035699,-0.4669885879578284,0.27389620355909927,-0.058980994066098295,4.643804464403426,0.2988394584139265,0.2988394584139265,0.10306269122979812,1.8503333241264048,11.0,0.1595744680851064,0.11121856866537717,0.09671179883945841,0.07640232108317214,115.0,79.0,0.5612504492128845,1.3515833827968478,37.79204008164683,0.27435146086928264,56.87305783820229,,
SCORE_V1 (registered §L; NOT the user-spec 7-condition setup),HIGH_RR_STAGE2_SCORE_V1,MODERN_NOVOL,EXTENDED,1690,632.4513319672132,0.28106508875739644,1.5421157640275185,3.944569796407231,0.029766456702493612,-0.04405039616492178,0.3012625697536211,-0.07637399901708299,0.29911396504024146,-0.4717250488769338,0.23071959606215856,-0.0585134559090966,3.9430177636506767,0.2893491124260355,0.2893491124260355,0.10544609957027577,1.926886222108973,11.5,0.14142011834319526,0.09289940828402367,0.07455621301775148,0.05621301775147929,157.0,95.0,0.8675458620981583,1.9609263097120777,31.224294070658743,0.15288974205152783,50.305311827214204,,
SCORE_V1 (registered §L; NOT the user-spec 7-condition setup),HIGH_RR_STAGE2_SCORE_V1,MODERN_NOVOL,FULL_2023_2026,2193,597.3104026845638,0.2982216142270862,1.6569566389364012,3.899168604469605,0.033912041447592155,-0.039283234222137024,0.2868066754716791,-0.07355585371274109,0.3825327238587722,-0.4183470875795378,0.22968578986884908,-0.0565402900888409,4.062338369823489,0.2758777929776562,0.2758777929776562,0.10308932664791463,1.944760272506167,14.0,0.15321477428180574,0.09758321933424532,0.0756953944368445,0.0560875512995896,214.0,123.0,0.7398605330014408,1.669060601132474,54.833546470535055,0.15924180312314162,74.3691068945696,,
SCORE_V1 (registered §L; NOT the user-spec 7-condition setup),HIGH_RR_STAGE2_SCORE_V1,MODERN_NOVOL,Y2020,499,499.0,0.3286573146292585,2.4060694682934614,4.9148370236482295,0.062349939222555786,-0.02763864861986381,0.3246340846733405,-0.06605185138618659,0.6876746453680092,-0.329153021366426,0.26769260923534705,-0.048380162086815844,5.533106911774825,0.2625250501002004,0.2625250501002004,0.08760706928331347,1.967041763674566,16.0,0.19238476953907815,0.13827655310621242,0.09619238476953908,0.08016032064128256,69.0,40.0,0.43950557357295933,1.0041675020145624,17.438449917731305,0.23989991265367677,31.112619672055338,,
SCORE_V1 (registered §L; NOT the user-spec 7-condition setup),HIGH_RR_STAGE2_SCORE_V1,MODERN_NOVOL,Y2021,534,534.0,0.350187265917603,1.2413093213645139,2.3033921631737235,0.01267756436213713,-0.031025001683351813,0.18622646220497402,-0.08084878692492481,0.4193098084765192,-0.35283476037922046,0.19694616089697317,-0.06052230667637349,3.2541086371689203,0.30337078651685395,0.30337078651685395,0.11464497261516406,1.8679100834141291,12.0,0.16666666666666666,0.09550561797752809,0.056179775280898875,0.04119850187265917,51.0,22.0,1.019416629259591,2.8482314802801816,-0.13144707284967794,0.05771864071430835,6.769819369381227,,
SCORE_V1 (registered §L; NOT the user-spec 7-condition setup),HIGH_RR_STAGE2_SCORE_V1,MODERN_NOVOL,Y2022,548,548.0,0.20985401459854014,0.8788018250856895,3.3088799153226396,-0.00606343991108715,-0.04578642946885219,0.2095060970817023,-0.06331631925097347,-0.14367827493608604,-0.6023792923953021,0.1395648745945706,-0.05290905838497804,2.63782571179146,0.354014598540146,0.354014598540146,0.08543599292523896,1.7851505702975436,10.0,0.06934306569343066,0.041970802919708027,0.03467153284671533,0.02737226277372263,23.0,15.0,,,-13.650529928402984,-0.03883549639172228,-3.322765071275758,,
SCORE_V1 (registered §L; NOT the user-spec 7-condition setup),HIGH_RR_STAGE2_SCORE_V1,MODERN_NOVOL,Y2023,503,503.0,0.3558648111332008,2.179132499125866,3.9443515626635786,0.047840546853589266,-0.023907990018709965,0.24844606215367668,-0.06298780882145903,0.6628064860920064,-0.2468910806278461,0.22621236548178542,-0.04991076675637146,4.532336010504343,0.23061630218687873,0.23061630218687873,0.09514587550810519,2.005174524109392,19.0,0.19284294234592445,0.11332007952286283,0.07952286282306163,0.055666003976143144,57.0,28.0,0.472934627175201,1.0371800420473531,12.683193118755227,0.17438796338398,24.0637950673554,,
SCORE_V1 (registered §L; NOT the user-spec 7-condition setup),HIGH_RR_STAGE2_SCORE_V1,MODERN_NOVOL,Y2024,656,656.0,0.24390243902439024,0.8098954547488482,2.5106759097214293,-0.010011807943579394,-0.04791909591571641,0.1748770536764655,-0.06965337620810999,-0.11910447108762687,-0.47950893080468865,0.16266378485509042,-0.057776513143334776,2.815396361001333,0.27439024390243905,0.27439024390243905,0.1095172802305738,2.0207176036463412,13.5,0.11280487804878049,0.06402439024390244,0.039634146341463415,0.024390243902439025,42.0,16.0,,,-11.767266562283233,-0.053953388737271686,-6.567746010988083,,
SCORE_V1 (registered §L; NOT the user-spec 7-condition setup),HIGH_RR_STAGE2_SCORE_V1,MODERN_NOVOL,Y2025,518,518.0,0.3166023166023166,2.5425308716381805,5.488145905853146,0.07591273334749961,-0.03355930248644406,0.3952145373675562,-0.07201239619851527,0.822523825007473,-0.37481246856752903,0.2747729231414482,-0.05230307927572219,5.253475071571763,0.2702702702702703,0.2702702702702703,0.09396963285753335,1.8751298741030045,13.0,0.1583011583011583,0.11196911196911197,0.10424710424710425,0.08301158301158301,58.0,43.0,0.4832978236948684,1.1401320723500472,20.31817420650073,0.32619490563255743,39.3227958740048,,
SCORE_V1 (registered §L; NOT the user-spec 7-condition setup),HIGH_RR_STAGE2_SCORE_V1,MODERN_NOVOL,Y2026,516,770.1492537313433,0.2926356589147287,1.5358213019517772,3.7124157298834355,0.03401213558953002,-0.047652913985023186,0.3331404497778566,-0.08973683822536674,0.30536393914267496,-0.5231514518333473,0.2730160858388344,-0.06568479224713479,4.1564580856346325,0.32751937984496127,0.32751937984496127,0.12070663929797945,1.835685411668921,10.5,0.16085271317829458,0.11046511627906977,0.08914728682170543,0.06976744186046512,57.0,36.0,0.6257352546453786,1.8197583470429326,6.568444324937268,0.2023084952645244,17.550261964197492,,
SCORE_V1 (registered §L; NOT the user-spec 7-condition setup),HIGH_RR_STAGE2_SCORE_V1,TEXTBOOK_NOVOL,PRE_2020_2022,1321,440.63493150684934,0.2626797880393641,2.343541754051866,6.578125845667198,0.1016896652585469,-0.07559124172925807,0.6752610322882694,-0.10265249527462939,1.3959205003990651,-1.0566837237393019,0.511018369336114,-0.07103546223176978,7.1938487240189595,0.6767600302800908,0.6729750189250567,0.09520360681763776,1.886864326881588,27.0,0.21650264950794854,0.17486752460257382,0.1506434519303558,0.12414837244511734,231.0,164.0,0.4380573846307036,1.051756552287411,104.44767825124578,0.11670696235212287,134.33204780654046,,
SCORE_V1 (registered §L; NOT the user-spec 7-condition setup),HIGH_RR_STAGE2_SCORE_V1,TEXTBOOK_NOVOL,DISCOVERY,1005,502.8441780821918,0.2109452736318408,1.694067720710994,6.336772181716124,0.05950416933365015,-0.09006725918266584,0.6885040799130313,-0.1086521749826535,0.8364468031373645,-1.0551565832282066,0.46275099274645265,-0.07705472062173198,6.005485309824634,0.7074626865671642,0.6975124378109453,0.10384179655152372,2.010319525785129,38.0,0.15223880597014924,0.12039800995024875,0.10049751243781095,0.07960199004975124,121.0,80.0,0.9929447460023771,1.863981090908411,17.091037101288677,0.07339296672289833,59.8016901803184,,
SCORE_V1 (registered §L; NOT the user-spec 7-condition setup),HIGH_RR_STAGE2_SCORE_V1,TEXTBOOK_NOVOL,STRICT_OOS,860,514.9426229508197,0.2988372093023256,3.310310677198891,7.766993534439422,0.1860843006128039,-0.07647398171238595,0.8922230361663722,-0.11487366793987783,1.932801128599564,-1.0492473102142015,0.5940758344109435,-0.07536994240807773,7.882131993605898,0.6430232558139535,0.641860465116279,0.10242675788156072,1.8464896298159512,24.0,0.23953488372093024,0.20813953488372092,0.18488372093023256,0.17209302325581396,179.0,148.0,0.24525020479651372,0.7409771504504251,136.02363133640984,0.31591077042296073,160.03249852701134,,
SCORE_V1 (registered §L; NOT the user-spec 7-condition setup),HIGH_RR_STAGE2_SCORE_V1,TEXTBOOK_NOVOL,EXTENDED,1423,532.531506147541,0.23120168657765286,2.153123322681002,7.159625881498529,0.10185728131904015,-0.0877941029545159,0.8226104674896014,-0.1148957335348124,1.047165179260692,-1.0536871879518046,0.4881860607786815,-0.07912199507174365,6.170042354670406,0.6999297259311315,0.6950105411103303,0.10580256867816805,1.9253593982659503,24.0,0.1770906535488405,0.15390021082220662,0.1342234715390021,0.12157413914265636,219.0,173.0,0.4249564724423582,1.1825603825049795,117.3638519293414,0.17299902881507967,144.94291131699413,,
SCORE_V1 (registered §L; NOT the user-spec 7-condition setup),HIGH_RR_STAGE2_SCORE_V1,TEXTBOOK_NOVOL,FULL_2023_2026,1865,507.9725950782998,0.2514745308310992,2.414361407814396,7.186457410040292,0.11787355962859504,-0.08274501373643633,0.8001368555145423,-0.11133953906088148,1.3420042936990224,-1.0527958541755134,0.5233082923879873,-0.07627782557414878,6.860555980050656,0.6777479892761394,0.6718498659517427,0.10303605581168161,1.9481150566449337,29.0,0.19249329758713138,0.16085790884718498,0.13941018766756033,0.12225201072386059,300.0,228.0,0.4512133209255306,1.0978858090954662,176.43547282383403,0.16636586375508347,219.83418870732976,,
SCORE_V1 (registered §L; NOT the user-spec 7-condition setup),HIGH_RR_STAGE2_SCORE_V1,TEXTBOOK_NOVOL,Y2020,441,441.0,0.3424036281179138,3.9594882385863057,7.604315160198865,0.20381664983554623,-0.06819326887488791,0.7963862256209349,-0.10472819824581127,2.558514688232576,-1.0521592641886042,0.7348286364111217,-0.063634700359242,11.547608965905953,0.6349206349206349,0.6303854875283447,0.08803187701274529,1.9688027799672911,35.0,0.30158730158730157,0.2585034013605442,0.2222222222222222,0.19047619047619047,114.0,84.0,0.19670607583789465,0.6290143214208845,68.6189006269495,0.18663830764234288,89.8831425774759,,
SCORE_V1 (registered §L; NOT the user-spec 7-condition setup),HIGH_RR_STAGE2_SCORE_V1,TEXTBOOK_NOVOL,Y2021,442,442.0,0.27149321266968324,1.4747493923245816,3.9572442027376273,0.03895390278259461,-0.08336316096864041,0.44570325699977503,-0.11262970748467756,1.1226201963592877,-1.0463480005974939,0.41654099923769194,-0.08093681413049986,5.146496111967973,0.6289592760180995,0.6266968325791855,0.11318264666567383,1.8931604191910059,35.0,0.19457013574660634,0.14479638009049775,0.12217194570135746,0.09276018099547512,64.0,41.0,0.8066383851098242,1.8694994169704826,1.1640168461051736,0.04626714775526843,17.21762502990682,,
SCORE_V1 (registered §L; NOT the user-spec 7-condition setup),HIGH_RR_STAGE2_SCORE_V1,TEXTBOOK_NOVOL,Y2022,438,438.0,0.1735159817351598,1.816638199251016,8.652934580642999,0.06217187260081671,-0.07495413411091423,0.7970640433591487,-0.09211488148104305,0.5011595359036383,-1.0730897014420184,0.3810153323576303,-0.06849513905036808,5.562662367579832,0.7671232876712328,0.7625570776255708,0.08697402138850141,1.8281388899829267,18.0,0.15296803652968036,0.12100456621004566,0.10730593607305935,0.08904109589041095,53.0,39.0,0.824354159006738,1.6366837102139344,1.3819909228490275,0.09159683209996036,27.23128019915772,,
SCORE_V1 (registered §L; NOT the user-spec 7-condition setup),HIGH_RR_STAGE2_SCORE_V1,TEXTBOOK_NOVOL,Y2023,442,442.0,0.3167420814479638,3.518703036516887,7.5903451216292845,0.16943727916365528,-0.06717197021428417,0.7473238673731529,-0.09845716570167473,2.291226148553647,-1.0495806408265886,0.6363828072749607,-0.06712114413732183,9.481107860333811,0.6063348416289592,0.5972850678733032,0.09622733974860412,2.01321903495039,59.5,0.2420814479638009,0.1832579185520362,0.15610859728506787,0.1244343891402715,81.0,55.0,0.4537146199961015,0.9328842957532573,37.29359134952698,0.15487323811759668,74.89127739033563,,
SCORE_V1 (registered §L; NOT the user-spec 7-condition setup),HIGH_RR_STAGE2_SCORE_V1,TEXTBOOK_NOVOL,Y2024,563,563.0,0.12788632326820604,0.7325826713851964,4.995806828474048,-0.026802108721167388,-0.102611791665633,0.5741322709627946,-0.11492283242227791,-0.3056712620029493,-1.0581919109173819,0.3264361401325973,-0.08485337214235239,3.8470614884339414,0.7868561278863233,0.7761989342806395,0.1100736530766106,2.010319525785129,28.0,0.08170515097690942,0.07104795737122557,0.056838365896980464,0.04440497335701599,40.0,25.0,,,-35.71052095874166,-0.04555347082269355,-15.089587210017239,,
SCORE_V1 (registered §L; NOT the user-spec 7-condition setup),HIGH_RR_STAGE2_SCORE_V1,TEXTBOOK_NOVOL,Y2025,440,440.0,0.31136363636363634,5.141105944437078,11.370475190981276,0.31016893619640135,-0.07373600578571932,1.2367178295868144,-0.10876571197022111,3.316760893773,-1.0605353428804367,0.8016534756977275,-0.06963019958324945,11.513014187748743,0.6409090909090909,0.6386363636363637,0.09344518064874054,1.855724079075049,32.5,0.2772727272727273,0.25227272727272726,0.2340909090909091,0.225,111.0,99.0,0.1442960189487604,0.5371510730277685,112.76763461889776,0.38808602606613374,136.4743319264166,,
SCORE_V1 (registered §L; NOT the user-spec 7-condition setup),HIGH_RR_STAGE2_SCORE_V1,TEXTBOOK_NOVOL,Y2026,420,626.865671641791,0.2857142857142857,1.6487563459117887,4.121890864779472,0.05609087285855895,-0.07878444124908701,0.49892481367803404,-0.12104270346923109,0.48293851746548916,-1.0403301416236097,0.37661354353907467,-0.08138300631980261,4.6276681161068725,0.6452380952380953,0.6452380952380953,0.12074919612504567,1.835685411668921,22.0,0.2,0.1619047619047619,0.13333333333333333,0.11666666666666667,68.0,49.0,0.49940625086077634,1.387527063091531,9.856838369174724,0.15207156570115715,23.55816660059476,,
SCORE_V1 (registered §L; NOT the user-spec 7-condition setup),STAGE2_RANDOM_CONTROL,MODERN_NOVOL,PRE_2020_2022,2375,792.2089041095891,0.3208421052631579,1.3297614498723251,2.814836244939712,0.013041082283902671,-0.02285806839701082,0.16390648328555035,-0.058229491530886864,0.07611225318619963,-0.35565246720117194,0.13927263397068723,-0.04537482888888629,3.069380918476575,0.264,0.264,0.07410756033307588,1.867541535042994,6.0,0.09768421052631579,0.05642105263157895,0.03915789473684211,0.029052631578947368,134.0,69.0,1.4209125482558402,2.841511193522988,12.795341679858439,0.08071028123587973,30.972570424268845,,
SCORE_V1 (registered §L; NOT the user-spec 7-condition setup),STAGE2_RANDOM_CONTROL,MODERN_NOVOL,DISCOVERY,1744,872.5972602739726,0.3228211009174312,1.4987218826682314,3.1438553169292742,0.01832004300562753,-0.023865103573080856,0.17054036911019624,-0.054245616263527564,0.1850768026337108,-0.34079073777564395,0.14266246026915053,-0.044978721290825446,3.171776701847906,0.23222477064220184,0.23222477064220184,0.07679692775623112,2.216193170161442,7.0,0.12213302752293578,0.07339449541284404,0.04931192660550459,0.040137614678899085,128.0,70.0,0.7794639567715121,1.9680000547622076,21.10038563499397,0.092218885302241,31.950155001814412,,
SCORE_V1 (registered §L; NOT the user-spec 7-condition setup),STAGE2_RANDOM_CONTROL,MODERN_NOVOL,STRICT_OOS,1463,876.0012295081967,0.33356117566643884,2.187335895478232,4.3701895452690085,0.05283721277140719,-0.02637471462189561,0.291814109458152,-0.06677378782667635,0.32371251924633343,-0.3813816234498295,0.21780906567324362,-0.051059216348497,4.265812937406258,0.254272043745728,0.254272043745728,0.08537382751527525,1.8333170060044364,6.0,0.14354066985645933,0.09637730690362269,0.06903622693096377,0.059466848940533154,141.0,87.0,0.5636381218134702,1.2888457441620536,57.31202239936198,0.29757417055306123,77.30084228456872,,
SCORE_V1 (registered §L; NOT the user-spec 7-condition setup),STAGE2_RANDOM_CONTROL,MODERN_NOVOL,EXTENDED,2427,908.2599897540985,0.3164400494437577,1.710676513996657,3.6953285634380912,0.030475450682127064,-0.026750575112605975,0.23182198634675313,-0.06273379548449912,0.16397023824873375,-0.3913051368893398,0.1770147615406157,-0.049371533699617234,3.585360799557014,0.2587556654305727,0.2587556654305727,0.082639736361885,1.9692287228265486,6.0,0.12319736299958797,0.07828594973217964,0.05315203955500618,0.04449938195302843,190.0,108.0,0.8056590270560352,1.7218824815468978,53.975098920315645,0.17737150792691217,73.96391880552238,,
SCORE_V1 (registered §L; NOT the user-spec 7-condition setup),STAGE2_RANDOM_CONTROL,MODERN_NOVOL,FULL_2023_2026,3207,873.494966442953,0.32772061116308077,1.8458020632413525,3.786440769123079,0.03406641636619368,-0.024655394293832286,0.22685015530410907,-0.05991118550010924,0.24832097270052303,-0.35855807443832555,0.17694355902380854,-0.04775257980949506,3.7054240782322156,0.2422825070159027,0.2422825070159027,0.08052226985256968,2.034560325081272,6.0,0.13189897100093545,0.08387901465544122,0.05830994699095728,0.04895541004053633,269.0,157.0,0.6783795981834627,1.5036634521500125,89.26217740117634,0.18021377577220385,109.25099728638314,,
SCORE_V1 (registered §L; NOT the user-spec 7-condition setup),STAGE2_RANDOM_CONTROL,MODERN_NOVOL,Y2020,736,736.0,0.389945652173913,2.187994314322055,3.4230294325108104,0.04187238977939924,-0.015340559456423316,0.19776775911838151,-0.057775652537500326,0.31121506598183485,-0.2092812559085105,0.18259560336493455,-0.04282865264081925,4.263398265088214,0.2105978260869565,0.2105978260869565,0.07836061020301913,2.099020160075379,6.0,0.12771739130434784,0.07744565217391304,0.050271739130434784,0.03804347826086957,57.0,28.0,0.6473728674818106,1.2820546947693736,13.581283310245226,0.21644949345159323,30.818078877637845,,
SCORE_V1 (registered §L; NOT the user-spec 7-condition setup),STAGE2_RANDOM_CONTROL,MODERN_NOVOL,Y2021,794,794.0,0.34634760705289674,1.3197555712328497,2.490738696253996,0.013253543582458619,-0.02274723244126164,0.1579411162411589,-0.06341135522513786,0.2855613229855891,-0.32919808980897364,0.14648027766256028,-0.046230795150872285,3.1684568085953955,0.2607052896725441,0.2607052896725441,0.08138935038613532,1.8672877012197149,6.0,0.11586901763224182,0.07052896725440806,0.05037783375314862,0.036523929471032744,56.0,29.0,1.0646677728753888,2.5768106619876123,2.049611247452056,0.07821698828952091,10.523313604472143,,
SCORE_V1 (registered §L; NOT the user-spec 7-condition setup),STAGE2_RANDOM_CONTROL,MODERN_NOVOL,Y2022,845,845.0,0.23668639053254437,0.7043595662570897,2.2715596011791144,-0.01227079533472325,-0.029142703585862847,0.12351793215147587,-0.05437582711338965,-0.3254714528946322,-0.5188219167774843,0.09476544513576032,-0.04678825907416495,2.025410797729102,0.3136094674556213,0.3136094674556213,0.062051973266296266,1.6123508592510845,6.0,0.054437869822485205,0.02485207100591716,0.01893491124260355,0.014201183431952662,21.0,12.0,,,-18.51916544869795,-0.09705908506824999,-10.368822057841147,,
SCORE_V1 (registered §L; NOT the user-spec 7-condition setup),STAGE2_RANDOM_CONTROL,MODERN_NOVOL,Y2023,780,780.0,0.3628205128205128,2.4062435192249536,4.225805756377392,0.04523984420623173,-0.018010848566386902,0.21335769508944252,-0.05048923386207539,0.5107815272062828,-0.27657202856755203,0.1767220096542046,-0.042715142512922626,4.137221586015798,0.191025641025641,0.191025641025641,0.07526758473822676,2.3267971217553405,11.0,0.15897435897435896,0.10128205128205128,0.07435897435897436,0.06282051282051282,79.0,49.0,0.4084786382473913,1.024455076002593,25.133675510630663,0.1864771890337724,35.28707848086075,,
SCORE_V1 (registered §L; NOT the user-spec 7-condition setup),STAGE2_RANDOM_CONTROL,MODERN_NOVOL,Y2024,964,964.0,0.29045643153526973,0.914374021124062,2.233685108745923,-0.0034615388786787687,-0.02716142803489296,0.1272642860668866,-0.05697503447043066,-0.0784602151739721,-0.4107221974813338,0.11510390371277897,-0.04681024768788373,2.458946692191339,0.26556016597510373,0.26556016597510373,0.07863679209326871,2.139644731265305,6.0,0.09232365145228216,0.0508298755186722,0.029045643153526972,0.021784232365145227,49.0,21.0,,,-9.86566707805363,-0.021223198365746567,-3.336923479046333,,
SCORE_V1 (registered §L; NOT the user-spec 7-condition setup),STAGE2_RANDOM_CONTROL,MODERN_NOVOL,Y2025,757,757.0,0.35402906208718626,2.6560662070169254,4.846329758325659,0.07121143349738084,-0.025918328622972994,0.3226056839354078,-0.06656701050546417,0.46605727778864914,-0.3186286611155473,0.23690574214098628,-0.05016265846396861,4.722750934565271,0.21003963011889035,0.21003963011889035,0.08581331816347741,2.1268307488519564,6.0,0.13474240422721268,0.095112285336856,0.071334214002642,0.06340819022457067,72.0,48.0,0.4981100986986048,1.1997062925132593,34.630131788730296,0.3422452870136327,53.90705515751729,,
SCORE_V1 (registered §L; NOT the user-spec 7-condition setup),STAGE2_RANDOM_CONTROL,MODERN_NOVOL,Y2026,706,1053.731343283582,0.311614730878187,1.7186330406014165,3.7966166260558563,0.03313567581735329,-0.026595159737657133,0.2543043732767677,-0.06698184155110591,0.17108506568183926,-0.4110014886358506,0.19733288424819947,-0.0520205397459304,3.7933647980581933,0.301699716713881,0.301699716713881,0.08515543444290169,1.5453301639600079,6.0,0.1529745042492918,0.09773371104815864,0.06657223796033994,0.05524079320113314,69.0,39.0,0.5715209992682411,1.4864260162859229,12.522423601164164,0.22876772078086666,23.393787127051425,,
SCORE_V1 (registered §L; NOT the user-spec 7-condition setup),STAGE2_RANDOM_CONTROL,TEXTBOOK_NOVOL,PRE_2020_2022,1589,530.0294520547945,0.29137822529893015,2.4271535703975187,5.902753607489429,0.09100368441971983,-0.04199632126978308,0.5311637512498641,-0.08998575691452243,1.322634257394727,-1.047282379283949,0.4656820932705102,-0.06893067697716855,6.755803275002725,0.5840151038388924,0.5714285714285714,0.0810814289456481,1.959311502503671,28.0,0.20704845814977973,0.15859030837004406,0.13215859030837004,0.10887350534927627,252.0,173.0,0.4728086410413319,1.053339061781122,112.43321706700972,0.10609073501165404,144.60485454293482,,
SCORE_V1 (registered §L; NOT the user-spec 7-condition setup),STAGE2_RANDOM_CONTROL,TEXTBOOK_NOVOL,DISCOVERY,1150,575.3938356164383,0.2678260869565217,2.261603410703485,6.182695038351736,0.0853613899972739,-0.044649586225375675,0.5713499559748667,-0.09241114957647736,1.180650579284104,-1.0368793576736972,0.4440500919297189,-0.07211404492217352,6.157608998482112,0.5626086956521739,0.5539130434782609,0.08435145597128202,2.37313132762438,42.5,0.19478260869565217,0.14347826086956522,0.11391304347826087,0.1,165.0,115.0,0.5940773787504934,1.1890900723277011,61.39138200152479,0.09392848455843403,98.16559849686499,,
SCORE_V1 (registered §L; NOT the user-spec 7-condition setup),STAGE2_RANDOM_CONTROL,TEXTBOOK_NOVOL,STRICT_OOS,933,558.652868852459,0.31939978563772775,3.8611937946433783,8.227711609391092,0.1933114016470697,-0.039472823180639764,0.8167651042749501,-0.09927002100349461,1.7254567652322343,-1.0329949679510722,0.5629342189530897,-0.07097798322407226,7.931110372295983,0.5434083601286174,0.5359056806002144,0.08914050278031618,1.9261904819846516,24.0,0.2465166130760986,0.20364415862808147,0.1757770632368703,0.15434083601286175,190.0,144.0,0.2501008779142659,0.7613920470543731,153.03233204755696,0.32289802930136335,180.35953773671602,,
SCORE_V1 (registered §L; NOT the user-spec 7-condition setup),STAGE2_RANDOM_CONTROL,TEXTBOOK_NOVOL,EXTENDED,1548,579.3104508196722,0.2525839793281654,2.5208817902936396,7.459489082787063,0.11299711780448343,-0.04723669864191204,0.741512687228767,-0.09940529156880516,0.993213096231719,-1.0447546905441523,0.45735229367150365,-0.07494225170760604,6.102729545088995,0.5897932816537468,0.5833333333333334,0.08911406192216387,2.0382819874465428,24.0,0.18733850129198967,0.14599483204134367,0.12403100775193798,0.10917312661498708,226.0,169.0,0.45758273352642137,1.1191805008257634,138.2245497514245,0.1870717171044451,174.91953836134036,,
SCORE_V1 (registered §L; NOT the user-spec 7-condition setup),STAGE2_RANDOM_CONTROL,TEXTBOOK_NOVOL,FULL_2023_2026,2083,567.3495525727069,0.29092654824771963,2.977506271545406,7.257057364806213,0.13371345954564617,-0.04212623849266122,0.6920326526636865,-0.09535995347367163,1.4246756256065263,-1.0353233155665862,0.4972996793098461,-0.07160518963444981,6.94502286564145,0.5540086413826212,0.5458473355736918,0.08720091722686081,2.1445061419464526,32.0,0.21795487277964473,0.17042726836293806,0.14162265962554008,0.1243398943831013,355.0,259.0,0.38979425323473554,0.9414310933940664,239.02288221017966,0.17367929052556222,278.525136233581,,
SCORE_V1 (registered §L; NOT the user-spec 7-condition setup),STAGE2_RANDOM_CONTROL,TEXTBOOK_NOVOL,Y2020,560,560.0,0.375,3.9822391757844287,6.637065292974047,0.16568617410665423,-0.03802372946579157,0.5899835074896325,-0.08889222592313278,1.7666676582122323,-1.0352003171837247,0.6232161056584365,-0.06342447116279869,9.826114340926202,0.5321428571428571,0.5142857142857142,0.0824556682508904,2.1301241711621053,44.0,0.29464285714285715,0.24464285714285713,0.20535714285714285,0.16964285714285715,137.0,95.0,0.22711782041907957,0.6295473631974287,74.45215060192893,0.15083927932716604,92.78425749972637,,
SCORE_V1 (registered §L; NOT the user-spec 7-condition setup),STAGE2_RANDOM_CONTROL,TEXTBOOK_NOVOL,Y2021,504,504.0,0.29563492063492064,1.365625885429534,3.2536724115938567,0.024702507450860473,-0.04283044671400459,0.31209018602693867,-0.09591936327543711,0.5987892057407534,-1.0380298357731579,0.334337339739718,-0.07215311194405025,4.633720302999176,0.5595238095238095,0.5496031746031746,0.08798344625880616,1.9125103644473747,34.0,0.19047619047619047,0.12103174603174603,0.09325396825396826,0.06944444444444445,61.0,35.0,1.0990958589019122,2.213287924548517,-1.233749761208447,0.03219025443158941,12.450063755233678,,
SCORE_V1 (registered §L; NOT the user-spec 7-condition setup),STAGE2_RANDOM_CONTROL,TEXTBOOK_NOVOL,Y2022,525,525.0,0.1980952380952381,2.0887775603885417,8.45553223964977,0.07499149197709479,-0.047295797720727055,0.7262581013254845,-0.08589147090231736,1.5438898794438696,-1.0657841725596082,0.4237367767796157,-0.07171042561095665,5.908998212874542,0.6628571428571428,0.6533333333333333,0.07034611096253411,1.7908333902623947,16.0,0.1295238095238095,0.10285714285714286,0.09142857142857143,0.08190476190476191,54.0,43.0,0.7856296190571002,1.494477266753879,8.439876218868275,0.10901586146277746,39.370533287974766,,
SCORE_V1 (registered §L; NOT the user-spec 7-condition setup),STAGE2_RANDOM_CONTROL,TEXTBOOK_NOVOL,Y2023,535,535.0,0.40186915887850466,5.010322621572096,7.457224366991028,0.1936553231256835,-0.026221823012894826,0.6020480316639356,-0.08073352792345452,2.673094308732136,-0.48574092630078364,0.612885759624153,-0.06194954086950426,9.89330592320591,0.4504672897196262,0.4373831775700935,0.08005649874481256,2.496573136559727,87.0,0.30654205607476637,0.2411214953271028,0.1925233644859813,0.16822429906542055,129.0,90.0,0.2417670041097827,0.6411277839945552,78.55718286566618,0.15495090426352298,103.60559787224068,,
SCORE_V1 (registered §L; NOT the user-spec 7-condition setup),STAGE2_RANDOM_CONTROL,TEXTBOOK_NOVOL,Y2024,615,615.0,0.15121951219512195,0.8953352316802042,5.0254300100759846,-0.008845527439635282,-0.057841266035486054,0.5003812863711055,-0.09956984484269828,-0.11765412844711094,-1.0618907520235714,0.29717678751260956,-0.08095633706555246,3.67082798313834,0.6601626016260163,0.6552845528455284,0.08908762106401157,2.258895967614534,30.0,0.0975609756097561,0.05853658536585366,0.04552845528455285,0.04065040650406504,36.0,25.0,,,-30.447230993138646,-0.014449829006908024,-5.439999375375699,,
SCORE_V1 (registered §L; NOT the user-spec 7-condition setup),STAGE2_RANDOM_CONTROL,TEXTBOOK_NOVOL,Y2025,503,503.0,0.3399602385685885,6.039682917607946,11.72616800377683,0.31949729701929197,-0.03392386663795804,1.1262893799922395,-0.09604922764448522,2.8368443744990413,-0.9252471789611084,0.789351382179265,-0.07198138171067647,10.966049323031907,0.4831013916500994,0.4731610337972167,0.09226932664049636,2.298704585867237,40.0,0.27435387673956263,0.23856858846918488,0.21868787276341947,0.1988071570576541,120.0,100.0,0.1700435065985369,0.5834321143213912,133.3799347115448,0.3910339685646597,160.70714040070385,,
SCORE_V1 (registered §L; NOT the user-spec 7-condition setup),STAGE2_RANDOM_CONTROL,TEXTBOOK_NOVOL,Y2026,430,641.7910447761194,0.29534883720930233,1.6309336643081336,3.8911251990973583,0.045703249618632924,-0.04601614207723919,0.40000407161623736,-0.10279907511303622,0.4253917246247835,-1.043177294596852,0.2980787931327033,-0.06980424034323059,4.270210400787065,0.6139534883720931,0.6093023255813953,0.0849727237393876,1.557159298076862,19.0,0.21395348837209302,0.16279069767441862,0.12558139534883722,0.10232558139534884,70.0,44.0,0.4311524602456037,1.3715193547223188,9.579174576828994,0.13315985592039947,19.652397336012157,,
SCORE_V1 (registered §L; NOT the user-spec 7-condition setup),HIGH_RR_STAGE2_SCORE_V1_vs_CONTROL,MODERN_NOVOL,PRE_2020_2022,1581,,,,,0.0218593763252124,,,,,,,,,,,,,,,,,,,,,,,,,0.013041082283902671,0.16841579210394803
SCORE_V1 (registered §L; NOT the user-spec 7-condition setup),HIGH_RR_STAGE2_SCORE_V1_vs_CONTROL,MODERN_NOVOL,DISCOVERY,1159,,,,,0.01509581454388897,,,,,,,,,,,,,,,,,,,,,,,,,0.01832004300562753,0.6486756621689156
SCORE_V1 (registered §L; NOT the user-spec 7-condition setup),HIGH_RR_STAGE2_SCORE_V1_vs_CONTROL,MODERN_NOVOL,STRICT_OOS,1034,,,,,0.055002957290331035,,,,,,,,,,,,,,,,,,,,,,,,,0.05283721277140719,0.4272863568215892
SCORE_V1 (registered §L; NOT the user-spec 7-condition setup),HIGH_RR_STAGE2_SCORE_V1_vs_CONTROL,TEXTBOOK_NOVOL,PRE_2020_2022,1321,,,,,0.1016896652585469,,,,,,,,,,,,,,,,,,,,,,,,,0.09100368441971983,0.30184907546226886
SCORE_V1 (registered §L; NOT the user-spec 7-condition setup),HIGH_RR_STAGE2_SCORE_V1_vs_CONTROL,TEXTBOOK_NOVOL,DISCOVERY,1005,,,,,0.05950416933365015,,,,,,,,,,,,,,,,,,,,,,,,,0.0853613899972739,0.7856071964017991
SCORE_V1 (registered §L; NOT the user-spec 7-condition setup),HIGH_RR_STAGE2_SCORE_V1_vs_CONTROL,TEXTBOOK_NOVOL,STRICT_OOS,860,,,,,0.1860843006128039,,,,,,,,,,,,,,,,,,,,,,,,,0.1933114016470697,0.5867066466766616
