strategy,feature,test_corr_drop
MOMENTUM_INTRADAY_TRIGGER,since_open_min,-0.002030571822997561
MOMENTUM_INTRADAY_TRIGGER,r_1s,0.0
MOMENTUM_INTRADAY_TRIGGER,r_5s,3.676700206931005e-05
MOMENTUM_INTRADAY_TRIGGER,r_15s,0.00021061706172556538
MOMENTUM_INTRADAY_TRIGGER,r_30s,0.0003889010489124753
MOMENTUM_INTRADAY_TRIGGER,r_1m,0.0004826419795877085
MOMENTUM_INTRADAY_TRIGGER,r_3m,0.0017471670508422896
MOMENTUM_INTRADAY_TRIGGER,r_5m,0.0012158586030136809
MOMENTUM_INTRADAY_TRIGGER,accel_1m,-4.313758858609518e-05
MOMENTUM_INTRADAY_TRIGGER,rv_5m,-0.0013164330884692377
MOMENTUM_INTRADAY_TRIGGER,ret_open,0.03560507167010485
MOMENTUM_INTRADAY_TRIGGER,ret_prevclose,0.03324459286442813
MOMENTUM_INTRADAY_TRIGGER,dist_hod,0.0012560210161768615
MOMENTUM_INTRADAY_TRIGGER,dist_lod,-0.0014315375313455198
MOMENTUM_INTRADAY_TRIGGER,new_hod_30s,0.0
MOMENTUM_INTRADAY_TRIGGER,micro_hh,0.0
MOMENTUM_INTRADAY_TRIGGER,micro_hl,0.0
MOMENTUM_INTRADAY_TRIGGER,above_or5,-0.0013117273843593832
MOMENTUM_INTRADAY_TRIGGER,below_or5,-0.0014782388397696494
MOMENTUM_INTRADAY_TRIGGER,dist_trigger,0.016171944316251144
MOMENTUM_INTRADAY_TRIGGER,dist_trigger_atr,0.004696353561040208
MOMENTUM_INTRADAY_TRIGGER,crossed,0.0
MOMENTUM_INTRADAY_TRIGGER,secs_since_cross,-0.0005507581030733538
MOMENTUM_INTRADAY_TRIGGER,retest_depth,0.014632635582172399
MOMENTUM_INTRADAY_TRIGGER,retest_hold,-0.001136435718814638
MOMENTUM_INTRADAY_TRIGGER,dist_vwap,-0.0029223690344674577
MOMENTUM_INTRADAY_TRIGGER,dist_vwap_atr,-0.0004034142342558486
MOMENTUM_INTRADAY_TRIGGER,vwap_slope_5m,0.0007855396854899027
MOMENTUM_INTRADAY_TRIGGER,time_above_vwap,-0.0017627238982056218
MOMENTUM_INTRADAY_TRIGGER,vwap_reclaim,0.0
MOMENTUM_INTRADAY_TRIGGER,rel_open,0.013143253361831038
MOMENTUM_INTRADAY_TRIGGER,mkt_r_5m,-0.00015267284081329352
MOMENTUM_INTRADAY_TRIGGER,rel_r_5m,1.0770179055569207e-05
MOMENTUM_INTRADAY_TRIGGER,rel_r_1m,0.00015091741047725676
MOMENTUM_INTRADAY_TRIGGER,vol_int_1m,0.0004853293482301041
MOMENTUM_INTRADAY_TRIGGER,vol_int_5m,0.00032321616769335343
MOMENTUM_INTRADAY_TRIGGER,vol_accel,3.877929849403078e-05
MOMENTUM_INTRADAY_TRIGGER,cum_vol_ratio,0.004573957354049779
WEINSTEIN_BREAKOUT_TRIGGER,since_open_min,-0.012491676560327198
WEINSTEIN_BREAKOUT_TRIGGER,r_1s,0.0
WEINSTEIN_BREAKOUT_TRIGGER,r_5s,0.0
WEINSTEIN_BREAKOUT_TRIGGER,r_15s,0.000516381555113625
WEINSTEIN_BREAKOUT_TRIGGER,r_30s,0.0009159466387431373
WEINSTEIN_BREAKOUT_TRIGGER,r_1m,0.001024053034448625
WEINSTEIN_BREAKOUT_TRIGGER,r_3m,0.0008749266651421669
WEINSTEIN_BREAKOUT_TRIGGER,r_5m,0.001969345477076421
WEINSTEIN_BREAKOUT_TRIGGER,accel_1m,0.0
WEINSTEIN_BREAKOUT_TRIGGER,rv_5m,-0.006438143676053883
WEINSTEIN_BREAKOUT_TRIGGER,ret_open,-0.05468323912949846
WEINSTEIN_BREAKOUT_TRIGGER,ret_prevclose,0.006348862383798892
WEINSTEIN_BREAKOUT_TRIGGER,dist_hod,-0.030443877933932047
WEINSTEIN_BREAKOUT_TRIGGER,dist_lod,0.019542134019060714
WEINSTEIN_BREAKOUT_TRIGGER,new_hod_30s,0.0
WEINSTEIN_BREAKOUT_TRIGGER,micro_hh,0.0
WEINSTEIN_BREAKOUT_TRIGGER,micro_hl,0.0
WEINSTEIN_BREAKOUT_TRIGGER,above_or5,-0.04493433298733619
WEINSTEIN_BREAKOUT_TRIGGER,below_or5,-0.0007483076364952525
WEINSTEIN_BREAKOUT_TRIGGER,dist_trigger,0.026002130774067052
WEINSTEIN_BREAKOUT_TRIGGER,dist_trigger_atr,-0.006080452154495531
WEINSTEIN_BREAKOUT_TRIGGER,crossed,0.0
WEINSTEIN_BREAKOUT_TRIGGER,secs_since_cross,-0.0048761627841976095
WEINSTEIN_BREAKOUT_TRIGGER,retest_depth,-0.03733317248303358
WEINSTEIN_BREAKOUT_TRIGGER,retest_hold,0.0
WEINSTEIN_BREAKOUT_TRIGGER,dist_vwap,0.032601078666602945
WEINSTEIN_BREAKOUT_TRIGGER,dist_vwap_atr,-0.005245328782613728
WEINSTEIN_BREAKOUT_TRIGGER,vwap_slope_5m,-0.0009576193072860124
WEINSTEIN_BREAKOUT_TRIGGER,time_above_vwap,0.012435691987797731
WEINSTEIN_BREAKOUT_TRIGGER,vwap_reclaim,0.00010739597090466887
WEINSTEIN_BREAKOUT_TRIGGER,rel_open,0.005345209908800098
WEINSTEIN_BREAKOUT_TRIGGER,mkt_r_5m,2.518184984844768e-05
WEINSTEIN_BREAKOUT_TRIGGER,rel_r_5m,-0.00013942042074342048
WEINSTEIN_BREAKOUT_TRIGGER,rel_r_1m,0.0
WEINSTEIN_BREAKOUT_TRIGGER,vol_int_1m,-5.9041037502885474e-05
WEINSTEIN_BREAKOUT_TRIGGER,vol_int_5m,0.002194878522175118
WEINSTEIN_BREAKOUT_TRIGGER,vol_accel,0.00017034482243002275
WEINSTEIN_BREAKOUT_TRIGGER,cum_vol_ratio,-0.004505958877762933
