cand_id,trade_ret_intraday,trade_ret_daily,method,strategy,policy,trade_ret_micro_stop,r_multiple_micro_stop,r_multiple_daily_stop,stop_dist_atr_daily,stop_dist_atr_micro
MOM_1101_2026-07-29,-0.6710850734729884,-0.03140504,probe_leg_same_exit(approx),MOMENTUM_INTRADAY_TRIGGER,LEARNED,,,,,
MOM_1210_2025-04-09,-0.513959086838341,-0.000500064,probe_leg_same_exit(approx),MOMENTUM_INTRADAY_TRIGGER,LEARNED,,,,,
MOM_1215_2025-03-04,-0.5350722275092583,-0.1143656,probe_leg_same_exit(approx),MOMENTUM_INTRADAY_TRIGGER,LEARNED,,,,,
MOM_1216_2025-04-09,-0.32209811603384925,0.065774,probe_leg_same_exit(approx),MOMENTUM_INTRADAY_TRIGGER,LEARNED,,,,,
MOM_1229_2025-07-08,-0.7596269354978288,0.1321836,probe_leg_same_exit(approx),MOMENTUM_INTRADAY_TRIGGER,LEARNED,,,,,
MOM_1229_2026-07-24,-0.8105094261434183,-0.0434672,probe_leg_same_exit(approx),MOMENTUM_INTRADAY_TRIGGER,LEARNED,,,,,
MOM_1231_2025-01-03,-0.7268846804198005,-0.03052452,probe_leg_same_exit(approx),MOMENTUM_INTRADAY_TRIGGER,LEARNED,,,,,
MOM_1231_2026-07-27,-0.7829644397120599,-0.051948,probe_leg_same_exit(approx),MOMENTUM_INTRADAY_TRIGGER,LEARNED,,,,,
MOM_1312_2025-04-21,-0.2545878618887896,0.0210036,probe_leg_same_exit(approx),MOMENTUM_INTRADAY_TRIGGER,LEARNED,,,,,
MOM_1312_2025-10-20,-0.27666759150608417,-0.0141592,probe_leg_same_exit(approx),MOMENTUM_INTRADAY_TRIGGER,LEARNED,,,,,
MOM_1419_2025-11-24,-0.3081011459965463,-0.00659032,probe_leg_same_exit(approx),MOMENTUM_INTRADAY_TRIGGER,LEARNED,,,,,
MOM_1472_2025-04-23,8.489695458700236,-0.02379516,probe_leg_same_exit(approx),MOMENTUM_INTRADAY_TRIGGER,LEARNED,,,,,
MOM_1476_2026-07-15,-0.424954238048637,-0.042908,probe_leg_same_exit(approx),MOMENTUM_INTRADAY_TRIGGER,LEARNED,,,,,
MOM_1477_2025-07-07,-0.5640662980721205,-0.02703028,probe_leg_same_exit(approx),MOMENTUM_INTRADAY_TRIGGER,LEARNED,,,,,
MOM_1519_2025-06-17,-0.2640873261932269,0.1581592,probe_leg_same_exit(approx),MOMENTUM_INTRADAY_TRIGGER,LEARNED,,,,,
MOM_1519_2026-07-28,-0.4841987672438793,-0.03324696,probe_leg_same_exit(approx),MOMENTUM_INTRADAY_TRIGGER,LEARNED,,,,,
MOM_1522_2026-01-22,-0.48855966271464263,-0.0704848,probe_leg_same_exit(approx),MOMENTUM_INTRADAY_TRIGGER,LEARNED,,,,,
MOM_1524_2025-03-12,-0.4632039040558608,-0.790604,probe_leg_same_exit(approx),MOMENTUM_INTRADAY_TRIGGER,LEARNED,,,,,
MOM_1569_2025-03-28,-0.43113996045548736,-0.0509992,probe_leg_same_exit(approx),MOMENTUM_INTRADAY_TRIGGER,LEARNED,,,,,
MOM_1605_2025-10-23,-0.4452862261911961,-0.00616704,probe_leg_same_exit(approx),MOMENTUM_INTRADAY_TRIGGER,LEARNED,,,,,
MOM_1723_2026-07-24,-0.48665223296604204,-0.0518644,probe_leg_same_exit(approx),MOMENTUM_INTRADAY_TRIGGER,LEARNED,,,,,
MOM_1786_2025-01-10,-0.4642316839481316,-0.02704756,probe_leg_same_exit(approx),MOMENTUM_INTRADAY_TRIGGER,LEARNED,,,,,
MOM_1808_2025-07-08,-0.9441458500636508,-0.050116,probe_leg_same_exit(approx),MOMENTUM_INTRADAY_TRIGGER,LEARNED,,,,,
MOM_1808_2025-11-03,-0.95123654996951,-0.0432176,probe_leg_same_exit(approx),MOMENTUM_INTRADAY_TRIGGER,LEARNED,,,,,
MOM_1808_2026-07-20,-0.9423983018449228,-0.03235128,probe_leg_same_exit(approx),MOMENTUM_INTRADAY_TRIGGER,LEARNED,,,,,
MOM_1815_2025-03-27,-0.31952515853465085,-0.0524536,probe_leg_same_exit(approx),MOMENTUM_INTRADAY_TRIGGER,LEARNED,,,,,
MOM_1907_2026-07-31,-0.46143851842636646,0.03188928,probe_leg_same_exit(approx),MOMENTUM_INTRADAY_TRIGGER,LEARNED,,,,,
MOM_2002_2025-01-22,-0.37793902732563905,-0.02903836,probe_leg_same_exit(approx),MOMENTUM_INTRADAY_TRIGGER,LEARNED,,,,,
MOM_2002_2025-03-03,-0.3651917130075047,-0.080326,probe_leg_same_exit(approx),MOMENTUM_INTRADAY_TRIGGER,LEARNED,,,,,
MOM_2006_2026-03-10,-0.18753901167770043,-0.0499724,probe_leg_same_exit(approx),MOMENTUM_INTRADAY_TRIGGER,LEARNED,,,,,
MOM_2014_2025-02-04,-0.26305685173614896,-0.0425688,probe_leg_same_exit(approx),MOMENTUM_INTRADAY_TRIGGER,LEARNED,,,,,
MOM_2015_2025-03-20,-0.5022630589922616,-0.0401808,probe_leg_same_exit(approx),MOMENTUM_INTRADAY_TRIGGER,LEARNED,,,,,
MOM_2034_2025-02-25,-0.5148091619919604,-0.00761368,probe_leg_same_exit(approx),MOMENTUM_INTRADAY_TRIGGER,LEARNED,,,,,
MOM_2059_2025-02-13,-0.15558598137055785,0.1474252,probe_leg_same_exit(approx),MOMENTUM_INTRADAY_TRIGGER,LEARNED,,,,,
MOM_2059_2026-08-25,-0.25413396232494995,-0.0217994,probe_leg_same_exit(approx),MOMENTUM_INTRADAY_TRIGGER,LEARNED,,,,,
MOM_2072_2026-07-28,-0.7908348169975563,-0.3321708,probe_leg_same_exit(approx),MOMENTUM_INTRADAY_TRIGGER,LEARNED,,,,,
MOM_2105_2025-04-22,-0.34714392663547383,-0.033809,probe_leg_same_exit(approx),MOMENTUM_INTRADAY_TRIGGER,LEARNED,,,,,
MOM_2206_2026-07-30,-0.48601450332004975,0.0045064,probe_leg_same_exit(approx),MOMENTUM_INTRADAY_TRIGGER,LEARNED,,,,,
MOM_2207_2025-11-24,-0.35170332515539976,-0.0417092,probe_leg_same_exit(approx),MOMENTUM_INTRADAY_TRIGGER,LEARNED,,,,,
MOM_2207_2026-07-30,-0.41629063435856434,-0.03984796,probe_leg_same_exit(approx),MOMENTUM_INTRADAY_TRIGGER,LEARNED,,,,,
MOM_2211_2025-10-14,-0.29711668380925543,-0.15242,probe_leg_same_exit(approx),MOMENTUM_INTRADAY_TRIGGER,LEARNED,,,,,
MOM_2230_2025-06-02,-0.27426604933938864,-0.01781896,probe_leg_same_exit(approx),MOMENTUM_INTRADAY_TRIGGER,LEARNED,,,,,
MOM_2302_2025-03-25,-0.2687176616425953,-0.0879076,probe_leg_same_exit(approx),MOMENTUM_INTRADAY_TRIGGER,LEARNED,,,,,
MOM_2308_2026-04-30,-0.3057993769005934,-0.01171228,probe_leg_same_exit(approx),MOMENTUM_INTRADAY_TRIGGER,LEARNED,,,,,
MOM_2344_2025-09-16,0.429687383625279,2.619224,probe_leg_same_exit(approx),MOMENTUM_INTRADAY_TRIGGER,LEARNED,,,,,
MOM_2344_2025-12-18,-0.2914648520109963,-0.024037,probe_leg_same_exit(approx),MOMENTUM_INTRADAY_TRIGGER,LEARNED,,,,,
MOM_2345_2025-05-07,-0.18289091058324086,0.065954,probe_leg_same_exit(approx),MOMENTUM_INTRADAY_TRIGGER,LEARNED,,,,,
MOM_2353_2025-05-02,-0.4728293835372019,-0.02961956,probe_leg_same_exit(approx),MOMENTUM_INTRADAY_TRIGGER,LEARNED,,,,,
MOM_2357_2026-07-30,-0.6757422801324102,-0.0459564,probe_leg_same_exit(approx),MOMENTUM_INTRADAY_TRIGGER,LEARNED,,,,,
MOM_2368_2025-06-06,-0.05281823926964362,-0.03645384,probe_leg_same_exit(approx),MOMENTUM_INTRADAY_TRIGGER,LEARNED,,,,,
MOM_2377_2026-09-01,-0.5310653306933799,-0.03829876,probe_leg_same_exit(approx),MOMENTUM_INTRADAY_TRIGGER,LEARNED,,,,,
MOM_2383_2025-07-09,-0.3416475777133903,-0.02104464,probe_leg_same_exit(approx),MOMENTUM_INTRADAY_TRIGGER,LEARNED,,,,,
MOM_2383_2025-09-18,-0.3552378647423268,-0.02849496,probe_leg_same_exit(approx),MOMENTUM_INTRADAY_TRIGGER,LEARNED,,,,,
MOM_2385_2025-01-09,-0.5444928647318432,-0.058502,probe_leg_same_exit(approx),MOMENTUM_INTRADAY_TRIGGER,LEARNED,,,,,
MOM_2387_2025-03-05,-0.4667041700388426,-0.062226,probe_leg_same_exit(approx),MOMENTUM_INTRADAY_TRIGGER,LEARNED,,,,,
MOM_2393_2026-03-16,-0.5095892651891948,0.08464,probe_leg_same_exit(approx),MOMENTUM_INTRADAY_TRIGGER,LEARNED,,,,,
MOM_2395_2026-01-30,-0.5368212116923178,-0.0523536,probe_leg_same_exit(approx),MOMENTUM_INTRADAY_TRIGGER,LEARNED,,,,,
MOM_2399_2026-08-18,-0.22113048500642335,-0.0568024,probe_leg_same_exit(approx),MOMENTUM_INTRADAY_TRIGGER,LEARNED,,,,,
MOM_2412_2025-04-09,-0.3611786249614231,0.01416116,probe_leg_same_exit(approx),MOMENTUM_INTRADAY_TRIGGER,LEARNED,,,,,
MOM_2412_2026-07-29,-0.47605496124820107,-0.02707868,probe_leg_same_exit(approx),MOMENTUM_INTRADAY_TRIGGER,LEARNED,,,,,
MOM_2415_2026-07-03,-0.4906955901914059,-0.03054316,probe_leg_same_exit(approx),MOMENTUM_INTRADAY_TRIGGER,LEARNED,,,,,
MOM_2427_2025-01-03,-0.32534795390841503,-0.03592676,probe_leg_same_exit(approx),MOMENTUM_INTRADAY_TRIGGER,LEARNED,,,,,
MOM_2427_2026-07-15,-0.3897041814476953,-0.0757876,probe_leg_same_exit(approx),MOMENTUM_INTRADAY_TRIGGER,LEARNED,,,,,
MOM_2428_2025-01-22,-0.377304440285309,-0.03040828,probe_leg_same_exit(approx),MOMENTUM_INTRADAY_TRIGGER,LEARNED,,,,,
MOM_2429_2025-03-27,0.1438104702899216,-0.0599564,probe_leg_same_exit(approx),MOMENTUM_INTRADAY_TRIGGER,LEARNED,,,,,
MOM_2429_2025-06-06,0.23959960321237678,-0.55358,probe_leg_same_exit(approx),MOMENTUM_INTRADAY_TRIGGER,LEARNED,,,,,
MOM_2439_2025-11-10,-0.5179776226806352,-0.0184202,probe_leg_same_exit(approx),MOMENTUM_INTRADAY_TRIGGER,LEARNED,,,,,
MOM_2449_2025-07-22,-0.4965382210401646,-0.00514104,probe_leg_same_exit(approx),MOMENTUM_INTRADAY_TRIGGER,LEARNED,,,,,
MOM_2451_2025-04-18,-0.5360153647294594,0.0053412,probe_leg_same_exit(approx),MOMENTUM_INTRADAY_TRIGGER,LEARNED,,,,,
MOM_2451_2025-09-16,-0.5853577969361241,-0.00947632,probe_leg_same_exit(approx),MOMENTUM_INTRADAY_TRIGGER,LEARNED,,,,,
MOM_2466_2025-11-20,-0.2077717657763571,-0.0417324,probe_leg_same_exit(approx),MOMENTUM_INTRADAY_TRIGGER,LEARNED,,,,,
MOM_2478_2025-09-25,-0.19716990002794893,-0.02489804,probe_leg_same_exit(approx),MOMENTUM_INTRADAY_TRIGGER,LEARNED,,,,,
MOM_2480_2026-07-03,-0.6140330368399697,-0.1023376,probe_leg_same_exit(approx),MOMENTUM_INTRADAY_TRIGGER,LEARNED,,,,,
MOM_2481_2025-02-25,-0.26537893498575643,-0.0706508,probe_leg_same_exit(approx),MOMENTUM_INTRADAY_TRIGGER,LEARNED,,,,,
MOM_2481_2025-05-23,-0.25652045846051647,-0.0647328,probe_leg_same_exit(approx),MOMENTUM_INTRADAY_TRIGGER,LEARNED,,,,,
MOM_2495_2025-11-19,-0.40969708286417533,-0.068506,probe_leg_same_exit(approx),MOMENTUM_INTRADAY_TRIGGER,LEARNED,,,,,
MOM_2515_2025-07-03,-0.3967848517738343,-0.0551688,probe_leg_same_exit(approx),MOMENTUM_INTRADAY_TRIGGER,LEARNED,,,,,
MOM_2535_2025-05-07,-0.5023715042185185,-0.050842,probe_leg_same_exit(approx),MOMENTUM_INTRADAY_TRIGGER,LEARNED,,,,,
MOM_2539_2025-07-01,-0.8447922685407353,-0.01850152,probe_leg_same_exit(approx),MOMENTUM_INTRADAY_TRIGGER,LEARNED,,,,,
MOM_2540_2025-04-17,-0.94282899594337,-0.03297384,probe_leg_same_exit(approx),MOMENTUM_INTRADAY_TRIGGER,LEARNED,,,,,
MOM_2540_2026-07-29,-0.9738285434892199,-0.0147758,probe_leg_same_exit(approx),MOMENTUM_INTRADAY_TRIGGER,LEARNED,,,,,
MOM_2542_2025-03-28,-0.753472155518033,-0.0376248,probe_leg_same_exit(approx),MOMENTUM_INTRADAY_TRIGGER,LEARNED,,,,,
MOM_2542_2026-04-30,-0.7926127563758314,-0.02182428,probe_leg_same_exit(approx),MOMENTUM_INTRADAY_TRIGGER,LEARNED,,,,,
MOM_2542_2026-08-20,-0.7901676799399372,-0.01359568,probe_leg_same_exit(approx),MOMENTUM_INTRADAY_TRIGGER,LEARNED,,,,,
MOM_2543_2025-02-04,-0.5525308757449601,0.38945,probe_leg_same_exit(approx),MOMENTUM_INTRADAY_TRIGGER,LEARNED,,,,,
MOM_2546_2026-08-19,-0.8004723445493774,-0.00947632,probe_leg_same_exit(approx),MOMENTUM_INTRADAY_TRIGGER,LEARNED,,,,,
MOM_2547_2025-03-17,-0.4396771917745193,-0.48228,probe_leg_same_exit(approx),MOMENTUM_INTRADAY_TRIGGER,LEARNED,,,,,
MOM_2548_2025-12-26,-0.7238614373565853,-0.0420264,probe_leg_same_exit(approx),MOMENTUM_INTRADAY_TRIGGER,LEARNED,,,,,
MOM_2603_2025-03-10,-0.06650349517534887,-0.0950604,probe_leg_same_exit(approx),MOMENTUM_INTRADAY_TRIGGER,LEARNED,,,,,
MOM_2603_2026-07-27,-0.3957125608621141,-0.01191548,probe_leg_same_exit(approx),MOMENTUM_INTRADAY_TRIGGER,LEARNED,,,,,
MOM_2606_2025-03-11,-0.4785543357500766,-0.01911484,probe_leg_same_exit(approx),MOMENTUM_INTRADAY_TRIGGER,LEARNED,,,,,
MOM_2607_2025-06-03,-0.28956884474570094,-0.03515152,probe_leg_same_exit(approx),MOMENTUM_INTRADAY_TRIGGER,LEARNED,,,,,
MOM_2615_2026-07-27,-0.6947158586025568,-0.03718156,probe_leg_same_exit(approx),MOMENTUM_INTRADAY_TRIGGER,LEARNED,,,,,
MOM_2618_2026-06-18,-0.396192734188721,-0.0404288,probe_leg_same_exit(approx),MOMENTUM_INTRADAY_TRIGGER,LEARNED,,,,,
MOM_2637_2026-07-13,-0.6549834863482393,-0.078518,probe_leg_same_exit(approx),MOMENTUM_INTRADAY_TRIGGER,LEARNED,,,,,
MOM_2707_2025-04-09,-0.48977531321640694,-0.0566332,probe_leg_same_exit(approx),MOMENTUM_INTRADAY_TRIGGER,LEARNED,,,,,
MOM_2727_2026-07-29,-0.6045216467609182,-0.01814684,probe_leg_same_exit(approx),MOMENTUM_INTRADAY_TRIGGER,LEARNED,,,,,
MOM_2743_2025-05-21,-0.45699129244563846,-0.481308,probe_leg_same_exit(approx),MOMENTUM_INTRADAY_TRIGGER,LEARNED,,,,,
MOM_2743_2025-07-03,-0.46092867929091846,-0.02909636,probe_leg_same_exit(approx),MOMENTUM_INTRADAY_TRIGGER,LEARNED,,,,,
MOM_2743_2025-09-22,-0.693230417451729,-0.02653792,probe_leg_same_exit(approx),MOMENTUM_INTRADAY_TRIGGER,LEARNED,,,,,
MOM_2753_2025-03-11,-0.27839912112225457,-0.3544376,probe_leg_same_exit(approx),MOMENTUM_INTRADAY_TRIGGER,LEARNED,,,,,
MOM_2753_2025-07-09,-0.3128400396806,-0.00947632,probe_leg_same_exit(approx),MOMENTUM_INTRADAY_TRIGGER,LEARNED,,,,,
MOM_2838_2025-10-09,-0.6512790605151251,-0.00444964,probe_leg_same_exit(approx),MOMENTUM_INTRADAY_TRIGGER,LEARNED,,,,,
MOM_2850_2026-07-28,-0.6046777136654669,-0.1448628,probe_leg_same_exit(approx),MOMENTUM_INTRADAY_TRIGGER,LEARNED,,,,,
MOM_2851_2025-03-11,-0.4497073840369274,-0.00947632,probe_leg_same_exit(approx),MOMENTUM_INTRADAY_TRIGGER,LEARNED,,,,,
MOM_2882_2026-09-01,-0.5211459269892451,0.02240176,probe_leg_same_exit(approx),MOMENTUM_INTRADAY_TRIGGER,LEARNED,,,,,
MOM_2883_2026-09-01,-0.48521356626741213,0.0490944,probe_leg_same_exit(approx),MOMENTUM_INTRADAY_TRIGGER,LEARNED,,,,,
MOM_2884_2026-07-21,-0.6936694134995933,0.002985284,probe_leg_same_exit(approx),MOMENTUM_INTRADAY_TRIGGER,LEARNED,,,,,
MOM_2886_2025-04-09,-0.4885942207171828,-0.001878528,probe_leg_same_exit(approx),MOMENTUM_INTRADAY_TRIGGER,LEARNED,,,,,
MOM_2886_2026-07-31,-0.5539458280595106,-0.02682576,probe_leg_same_exit(approx),MOMENTUM_INTRADAY_TRIGGER,LEARNED,,,,,
MOM_2915_2026-08-20,-0.7672039335586933,-0.0622324,probe_leg_same_exit(approx),MOMENTUM_INTRADAY_TRIGGER,LEARNED,,,,,
MOM_3005_2025-05-21,-0.5224055928485922,-0.02163272,probe_leg_same_exit(approx),MOMENTUM_INTRADAY_TRIGGER,LEARNED,,,,,
MOM_3006_2025-09-16,-0.27362590211386345,0.39699,probe_leg_same_exit(approx),MOMENTUM_INTRADAY_TRIGGER,LEARNED,,,,,
MOM_3010_2025-06-02,-0.5375940050145149,-0.02345904,probe_leg_same_exit(approx),MOMENTUM_INTRADAY_TRIGGER,LEARNED,,,,,
MOM_3013_2025-05-21,-0.1861506457597914,-0.0504624,probe_leg_same_exit(approx),MOMENTUM_INTRADAY_TRIGGER,LEARNED,,,,,
MOM_3015_2025-01-13,-0.5357779160552767,0.0509264,probe_leg_same_exit(approx),MOMENTUM_INTRADAY_TRIGGER,LEARNED,,,,,
MOM_3017_2025-07-09,-0.11192077082263313,0.646644,probe_leg_same_exit(approx),MOMENTUM_INTRADAY_TRIGGER,LEARNED,,,,,
MOM_3019_2025-08-11,-0.32478055422252955,-0.1938772,probe_leg_same_exit(approx),MOMENTUM_INTRADAY_TRIGGER,LEARNED,,,,,
MOM_3022_2026-07-27,0.09477202305206228,-0.0919464,probe_leg_same_exit(approx),MOMENTUM_INTRADAY_TRIGGER,LEARNED,,,,,
MOM_3030_2025-06-27,-0.5555102973205399,-0.0526404,probe_leg_same_exit(approx),MOMENTUM_INTRADAY_TRIGGER,LEARNED,,,,,
MOM_3034_2026-07-27,-0.6626562726574949,0.029456,probe_leg_same_exit(approx),MOMENTUM_INTRADAY_TRIGGER,LEARNED,,,,,
MOM_3044_2025-06-24,-0.48389655785885116,-0.00539084,probe_leg_same_exit(approx),MOMENTUM_INTRADAY_TRIGGER,LEARNED,,,,,
MOM_3045_2026-07-29,-0.5072465099475763,-0.01818484,probe_leg_same_exit(approx),MOMENTUM_INTRADAY_TRIGGER,LEARNED,,,,,
MOM_3056_2025-03-28,-0.8286077300470887,-0.100724,probe_leg_same_exit(approx),MOMENTUM_INTRADAY_TRIGGER,LEARNED,,,,,
MOM_3086_2025-03-17,9.316539250551518,-0.0511896,probe_leg_same_exit(approx),MOMENTUM_INTRADAY_TRIGGER,LEARNED,,,,,
MOM_3086_2026-03-25,9.047404564851554,0.02030692,probe_leg_same_exit(approx),MOMENTUM_INTRADAY_TRIGGER,LEARNED,,,,,
MOM_3105_2025-02-21,-0.2814715790589207,-0.0555544,probe_leg_same_exit(approx),MOMENTUM_INTRADAY_TRIGGER,LEARNED,,,,,
MOM_3105_2025-03-24,-0.24659902339262524,-0.02933176,probe_leg_same_exit(approx),MOMENTUM_INTRADAY_TRIGGER,LEARNED,,,,,
MOM_3149_2025-10-09,0.7705469347401086,-0.1194288,probe_leg_same_exit(approx),MOMENTUM_INTRADAY_TRIGGER,LEARNED,,,,,
MOM_3163_2025-01-02,-0.36423712484710075,-0.420448,probe_leg_same_exit(approx),MOMENTUM_INTRADAY_TRIGGER,LEARNED,,,,,
MOM_3207_2025-02-13,-0.25681089885474834,-0.03493204,probe_leg_same_exit(approx),MOMENTUM_INTRADAY_TRIGGER,LEARNED,,,,,
MOM_3213_2026-06-12,-0.6240621748998367,-0.02407592,probe_leg_same_exit(approx),MOMENTUM_INTRADAY_TRIGGER,LEARNED,,,,,
MOM_3231_2025-04-21,-0.48954536582391167,-0.01897652,probe_leg_same_exit(approx),MOMENTUM_INTRADAY_TRIGGER,LEARNED,,,,,
MOM_3260_2025-09-22,-0.3408134610338807,0.2580796,probe_leg_same_exit(approx),MOMENTUM_INTRADAY_TRIGGER,LEARNED,,,,,
MOM_3284_2026-07-03,-0.3980860176342303,-0.03175008,probe_leg_same_exit(approx),MOMENTUM_INTRADAY_TRIGGER,LEARNED,,,,,
MOM_3293_2026-03-30,-0.9729648936776438,-0.0697968,probe_leg_same_exit(approx),MOMENTUM_INTRADAY_TRIGGER,LEARNED,,,,,
MOM_3293_2026-07-29,-0.9730712370094772,0.03121112,probe_leg_same_exit(approx),MOMENTUM_INTRADAY_TRIGGER,LEARNED,,,,,
MOM_3303_2025-02-25,-0.540324880882866,-0.1493064,probe_leg_same_exit(approx),MOMENTUM_INTRADAY_TRIGGER,LEARNED,,,,,
MOM_3317_2025-10-31,-0.6662197531378609,-0.0671552,probe_leg_same_exit(approx),MOMENTUM_INTRADAY_TRIGGER,LEARNED,,,,,
MOM_3374_2025-01-13,-0.1970443298143097,-0.0695044,probe_leg_same_exit(approx),MOMENTUM_INTRADAY_TRIGGER,LEARNED,,,,,
MOM_3406_2025-06-23,-0.2398279911590187,-0.01667032,probe_leg_same_exit(approx),MOMENTUM_INTRADAY_TRIGGER,LEARNED,,,,,
MOM_3416_2025-07-07,-0.3407728258243969,0.842912,probe_leg_same_exit(approx),MOMENTUM_INTRADAY_TRIGGER,LEARNED,,,,,
MOM_3430_2025-09-25,1.4175243433326095,-0.00827348,probe_leg_same_exit(approx),MOMENTUM_INTRADAY_TRIGGER,LEARNED,,,,,
MOM_3447_2025-03-05,1.1010167714880363,-0.0684528,probe_leg_same_exit(approx),MOMENTUM_INTRADAY_TRIGGER,LEARNED,,,,,
MOM_3484_2025-03-05,-0.46666674516413836,-0.0400232,probe_leg_same_exit(approx),MOMENTUM_INTRADAY_TRIGGER,LEARNED,,,,,
MOM_3491_2025-03-10,-0.41910805049115046,-0.0647484,probe_leg_same_exit(approx),MOMENTUM_INTRADAY_TRIGGER,LEARNED,,,,,
MOM_3526_2025-03-03,-0.2292280159349867,-0.0532256,probe_leg_same_exit(approx),MOMENTUM_INTRADAY_TRIGGER,LEARNED,,,,,
MOM_3546_2025-06-23,-0.7019273414155487,-0.0421028,probe_leg_same_exit(approx),MOMENTUM_INTRADAY_TRIGGER,LEARNED,,,,,
MOM_3558_2025-03-04,-0.4630392408357376,-0.00537396,probe_leg_same_exit(approx),MOMENTUM_INTRADAY_TRIGGER,LEARNED,,,,,
MOM_3563_2025-02-25,-0.3471081597404337,0.531368,probe_leg_same_exit(approx),MOMENTUM_INTRADAY_TRIGGER,LEARNED,,,,,
MOM_3577_2025-03-04,-0.566484574878663,-0.0526404,probe_leg_same_exit(approx),MOMENTUM_INTRADAY_TRIGGER,LEARNED,,,,,
MOM_3587_2025-09-18,-0.41248930947343193,-0.0259052,probe_leg_same_exit(approx),MOMENTUM_INTRADAY_TRIGGER,LEARNED,,,,,
MOM_3591_2025-03-28,-0.27512114818845196,-0.067986,probe_leg_same_exit(approx),MOMENTUM_INTRADAY_TRIGGER,LEARNED,,,,,
MOM_3596_2025-03-07,-0.5111391199846516,-0.0842264,probe_leg_same_exit(approx),MOMENTUM_INTRADAY_TRIGGER,LEARNED,,,,,
MOM_3653_2025-06-16,-0.3798471112976732,-0.0490552,probe_leg_same_exit(approx),MOMENTUM_INTRADAY_TRIGGER,LEARNED,,,,,
MOM_3653_2025-11-25,-0.35201125848576914,-0.2288248,probe_leg_same_exit(approx),MOMENTUM_INTRADAY_TRIGGER,LEARNED,,,,,
MOM_3653_2026-09-01,-0.390052570350747,-0.0617704,probe_leg_same_exit(approx),MOMENTUM_INTRADAY_TRIGGER,LEARNED,,,,,
MOM_3661_2025-03-31,-0.12120633060430536,-0.0285348,probe_leg_same_exit(approx),MOMENTUM_INTRADAY_TRIGGER,LEARNED,,,,,
MOM_3663_2025-06-17,-0.31572390423749325,-0.0411252,probe_leg_same_exit(approx),MOMENTUM_INTRADAY_TRIGGER,LEARNED,,,,,
MOM_3665_2025-02-11,-0.339774787260862,-0.00497052,probe_leg_same_exit(approx),MOMENTUM_INTRADAY_TRIGGER,LEARNED,,,,,
MOM_3665_2025-05-09,-0.3340836705483576,-0.0062106,probe_leg_same_exit(approx),MOMENTUM_INTRADAY_TRIGGER,LEARNED,,,,,
MOM_3665_2025-06-24,-0.33110914613857395,0.061218,probe_leg_same_exit(approx),MOMENTUM_INTRADAY_TRIGGER,LEARNED,,,,,
MOM_3665_2026-03-31,-0.4008530861412097,-0.062708,probe_leg_same_exit(approx),MOMENTUM_INTRADAY_TRIGGER,LEARNED,,,,,
MOM_3665_2026-04-30,-0.4100094964041285,-0.06523,probe_leg_same_exit(approx),MOMENTUM_INTRADAY_TRIGGER,LEARNED,,,,,
MOM_3689_2025-06-09,-0.3851031343691514,-0.01047008,probe_leg_same_exit(approx),MOMENTUM_INTRADAY_TRIGGER,LEARNED,,,,,
MOM_3701_2025-12-18,-0.12939492894104948,-0.0616604,probe_leg_same_exit(approx),MOMENTUM_INTRADAY_TRIGGER,LEARNED,,,,,
MOM_3706_2025-05-27,-0.655424062915562,-0.0488096,probe_leg_same_exit(approx),MOMENTUM_INTRADAY_TRIGGER,LEARNED,,,,,
MOM_3708_2025-04-25,-0.3836942490171246,0.00923008,probe_leg_same_exit(approx),MOMENTUM_INTRADAY_TRIGGER,LEARNED,,,,,
MOM_3708_2025-11-03,-0.45734045389359185,-0.2629876,probe_leg_same_exit(approx),MOMENTUM_INTRADAY_TRIGGER,LEARNED,,,,,
MOM_3712_2025-10-20,-0.5154150182059614,-0.03108596,probe_leg_same_exit(approx),MOMENTUM_INTRADAY_TRIGGER,LEARNED,,,,,
MOM_3715_2025-07-25,0.14209946397353618,1.055724,probe_leg_same_exit(approx),MOMENTUM_INTRADAY_TRIGGER,LEARNED,,,,,
MOM_4129_2025-11-06,-0.3603252646395237,-0.03651684,probe_leg_same_exit(approx),MOMENTUM_INTRADAY_TRIGGER,LEARNED,,,,,
MOM_4162_2025-01-09,-0.2525039779169614,-0.01742648,probe_leg_same_exit(approx),MOMENTUM_INTRADAY_TRIGGER,LEARNED,,,,,
MOM_4303_2025-03-11,-0.37785147587980533,-0.406228,probe_leg_same_exit(approx),MOMENTUM_INTRADAY_TRIGGER,LEARNED,,,,,
MOM_4510_2025-05-07,-0.20930809266865463,-0.40496,probe_leg_same_exit(approx),MOMENTUM_INTRADAY_TRIGGER,LEARNED,,,,,
MOM_4526_2025-07-22,0.17968276749718565,0.330114,probe_leg_same_exit(approx),MOMENTUM_INTRADAY_TRIGGER,LEARNED,,,,,
MOM_4532_2025-03-04,-0.44636958727709025,-0.496636,probe_leg_same_exit(approx),MOMENTUM_INTRADAY_TRIGGER,LEARNED,,,,,
MOM_4534_2026-07-14,-0.06750427599636272,-0.788968,probe_leg_same_exit(approx),MOMENTUM_INTRADAY_TRIGGER,LEARNED,,,,,
MOM_4536_2025-03-03,-0.3850536172993542,-0.00492232,probe_leg_same_exit(approx),MOMENTUM_INTRADAY_TRIGGER,LEARNED,,,,,
MOM_4551_2025-07-08,-0.3048445263994129,-0.047956,probe_leg_same_exit(approx),MOMENTUM_INTRADAY_TRIGGER,LEARNED,,,,,
MOM_4577_2026-02-10,-0.5155050298653175,-0.0457972,probe_leg_same_exit(approx),MOMENTUM_INTRADAY_TRIGGER,LEARNED,,,,,
MOM_4707_2026-08-19,-0.6547903668201651,-0.02809084,probe_leg_same_exit(approx),MOMENTUM_INTRADAY_TRIGGER,LEARNED,,,,,
MOM_4760_2025-11-19,-0.4456859350241666,-0.04133,probe_leg_same_exit(approx),MOMENTUM_INTRADAY_TRIGGER,LEARNED,,,,,
MOM_4763_2026-07-27,-1.002464236868365,-0.0469024,probe_leg_same_exit(approx),MOMENTUM_INTRADAY_TRIGGER,LEARNED,,,,,
MOM_4766_2025-03-20,-0.5058522933178189,-0.1488628,probe_leg_same_exit(approx),MOMENTUM_INTRADAY_TRIGGER,LEARNED,,,,,
MOM_4768_2025-07-29,9.89105013576214,-0.02578188,probe_leg_same_exit(approx),MOMENTUM_INTRADAY_TRIGGER,LEARNED,,,,,
MOM_4904_2026-06-12,-0.4601634633622455,0.00418572,probe_leg_same_exit(approx),MOMENTUM_INTRADAY_TRIGGER,LEARNED,,,,,
MOM_4915_2025-01-16,-0.4648143381177044,-0.01561212,probe_leg_same_exit(approx),MOMENTUM_INTRADAY_TRIGGER,LEARNED,,,,,
MOM_4927_2025-12-16,-0.4013255418230321,-0.0723248,probe_leg_same_exit(approx),MOMENTUM_INTRADAY_TRIGGER,LEARNED,,,,,
MOM_4931_2025-01-02,1.178494362454506,-0.0646304,probe_leg_same_exit(approx),MOMENTUM_INTRADAY_TRIGGER,LEARNED,,,,,
MOM_4946_2025-09-18,28.885078463659735,-0.0496252,probe_leg_same_exit(approx),MOMENTUM_INTRADAY_TRIGGER,LEARNED,,,,,
MOM_4958_2025-07-09,-0.3843285813570824,0.1100244,probe_leg_same_exit(approx),MOMENTUM_INTRADAY_TRIGGER,LEARNED,,,,,
MOM_4967_2026-02-02,-0.25505259297190735,-0.01768108,probe_leg_same_exit(approx),MOMENTUM_INTRADAY_TRIGGER,LEARNED,,,,,
MOM_4979_2025-01-09,-0.14889018275143945,-0.069282,probe_leg_same_exit(approx),MOMENTUM_INTRADAY_TRIGGER,LEARNED,,,,,
MOM_5243_2025-09-26,-0.3882609417601797,-0.0772508,probe_leg_same_exit(approx),MOMENTUM_INTRADAY_TRIGGER,LEARNED,,,,,
MOM_5258_2025-07-14,-0.3011775960139362,-0.0418332,probe_leg_same_exit(approx),MOMENTUM_INTRADAY_TRIGGER,LEARNED,,,,,
MOM_5269_2026-07-29,-0.31772373631271683,-0.091074,probe_leg_same_exit(approx),MOMENTUM_INTRADAY_TRIGGER,LEARNED,,,,,
MOM_5274_2025-06-06,-0.2094485193522561,0.1552516,probe_leg_same_exit(approx),MOMENTUM_INTRADAY_TRIGGER,LEARNED,,,,,
MOM_5285_2026-05-19,-0.3561442969085861,0.1837836,probe_leg_same_exit(approx),MOMENTUM_INTRADAY_TRIGGER,LEARNED,,,,,
MOM_5299_2026-08-05,-0.5505407477066825,-0.0588904,probe_leg_same_exit(approx),MOMENTUM_INTRADAY_TRIGGER,LEARNED,,,,,
MOM_5371_2025-07-22,-0.16833339992191382,2.772516,probe_leg_same_exit(approx),MOMENTUM_INTRADAY_TRIGGER,LEARNED,,,,,
MOM_5432_2025-10-29,-0.17101977519918848,-0.047004,probe_leg_same_exit(approx),MOMENTUM_INTRADAY_TRIGGER,LEARNED,,,,,
MOM_5432_2026-06-29,-0.13297657467842589,-0.01248472,probe_leg_same_exit(approx),MOMENTUM_INTRADAY_TRIGGER,LEARNED,,,,,
MOM_5490_2025-07-09,-0.38078418682087184,-0.0412852,probe_leg_same_exit(approx),MOMENTUM_INTRADAY_TRIGGER,LEARNED,,,,,
MOM_5498_2025-08-07,0.083423758473327,0.617388,probe_leg_same_exit(approx),MOMENTUM_INTRADAY_TRIGGER,LEARNED,,,,,
MOM_5515_2026-01-12,-0.49883903776760635,-0.0980508,probe_leg_same_exit(approx),MOMENTUM_INTRADAY_TRIGGER,LEARNED,,,,,
MOM_5522_2025-11-25,-0.633615732276031,-0.00607056,probe_leg_same_exit(approx),MOMENTUM_INTRADAY_TRIGGER,LEARNED,,,,,
MOM_5608_2025-03-05,0.4172237212613658,-0.03655196,probe_leg_same_exit(approx),MOMENTUM_INTRADAY_TRIGGER,LEARNED,,,,,
MOM_5871_2025-01-03,-0.5576057751897525,-0.03015908,probe_leg_same_exit(approx),MOMENTUM_INTRADAY_TRIGGER,LEARNED,,,,,
MOM_5876_2026-07-15,-0.48486133950675075,-0.1249216,probe_leg_same_exit(approx),MOMENTUM_INTRADAY_TRIGGER,LEARNED,,,,,
MOM_5880_2026-07-30,-0.5903667330943623,0.00573864,probe_leg_same_exit(approx),MOMENTUM_INTRADAY_TRIGGER,LEARNED,,,,,
MOM_5903_2025-04-23,-0.2831018975009703,-0.00706668,probe_leg_same_exit(approx),MOMENTUM_INTRADAY_TRIGGER,LEARNED,,,,,
MOM_5904_2025-05-06,-0.4627396916795015,-0.0249884,probe_leg_same_exit(approx),MOMENTUM_INTRADAY_TRIGGER,LEARNED,,,,,
MOM_6005_2025-01-14,-0.5808262588538164,-0.054196,probe_leg_same_exit(approx),MOMENTUM_INTRADAY_TRIGGER,LEARNED,,,,,
MOM_6005_2025-04-22,-0.5495807217282853,0.01206316,probe_leg_same_exit(approx),MOMENTUM_INTRADAY_TRIGGER,LEARNED,,,,,
MOM_6005_2026-07-28,-0.6170672103645531,-0.03075004,probe_leg_same_exit(approx),MOMENTUM_INTRADAY_TRIGGER,LEARNED,,,,,
MOM_6133_2025-12-05,-0.23311705365009333,-0.0511676,probe_leg_same_exit(approx),MOMENTUM_INTRADAY_TRIGGER,LEARNED,,,,,
MOM_6139_2025-06-06,-0.4372272666977404,-0.03161996,probe_leg_same_exit(approx),MOMENTUM_INTRADAY_TRIGGER,LEARNED,,,,,
MOM_6139_2025-10-09,-0.37847184021340724,0.1568012,probe_leg_same_exit(approx),MOMENTUM_INTRADAY_TRIGGER,LEARNED,,,,,
MOM_6146_2025-05-20,-0.48392854805141833,-0.01752584,probe_leg_same_exit(approx),MOMENTUM_INTRADAY_TRIGGER,LEARNED,,,,,
MOM_6156_2025-05-27,-0.3085096642997596,-0.043016,probe_leg_same_exit(approx),MOMENTUM_INTRADAY_TRIGGER,LEARNED,,,,,
MOM_6165_2025-06-20,-0.08090344360618823,-0.0901392,probe_leg_same_exit(approx),MOMENTUM_INTRADAY_TRIGGER,LEARNED,,,,,
MOM_6166_2025-03-31,-0.17945572790395642,-0.0231384,probe_leg_same_exit(approx),MOMENTUM_INTRADAY_TRIGGER,LEARNED,,,,,
MOM_6173_2025-09-18,-0.16181566336668224,0.443044,probe_leg_same_exit(approx),MOMENTUM_INTRADAY_TRIGGER,LEARNED,,,,,
MOM_6176_2025-03-31,-0.584128537267103,-0.02825848,probe_leg_same_exit(approx),MOMENTUM_INTRADAY_TRIGGER,LEARNED,,,,,
MOM_6177_2026-07-27,-0.7481097247003587,-0.0309252,probe_leg_same_exit(approx),MOMENTUM_INTRADAY_TRIGGER,LEARNED,,,,,
MOM_6186_2025-09-16,-0.7842054502495619,-0.03956036,probe_leg_same_exit(approx),MOMENTUM_INTRADAY_TRIGGER,LEARNED,,,,,
MOM_6213_2025-05-21,-0.39600155947314525,0.0858012,probe_leg_same_exit(approx),MOMENTUM_INTRADAY_TRIGGER,LEARNED,,,,,
MOM_6223_2025-03-27,-0.3392248200724404,-0.03510504,probe_leg_same_exit(approx),MOMENTUM_INTRADAY_TRIGGER,LEARNED,,,,,
MOM_6223_2025-07-15,-0.3393024833512474,-0.01875456,probe_leg_same_exit(approx),MOMENTUM_INTRADAY_TRIGGER,LEARNED,,,,,
MOM_6223_2025-09-01,-0.1521974324241276,0.692392,probe_leg_same_exit(approx),MOMENTUM_INTRADAY_TRIGGER,LEARNED,,,,,
MOM_6227_2026-07-28,-0.577155507164372,-0.0484936,probe_leg_same_exit(approx),MOMENTUM_INTRADAY_TRIGGER,LEARNED,,,,,
MOM_6244_2025-03-17,1.0329097429648983,-0.03520692,probe_leg_same_exit(approx),MOMENTUM_INTRADAY_TRIGGER,LEARNED,,,,,
MOM_6257_2025-03-05,-0.5450094027641379,-0.0520584,probe_leg_same_exit(approx),MOMENTUM_INTRADAY_TRIGGER,LEARNED,,,,,
MOM_6257_2025-11-03,-0.6175728616022662,-0.0872512,probe_leg_same_exit(approx),MOMENTUM_INTRADAY_TRIGGER,LEARNED,,,,,
MOM_6278_2025-07-09,-0.47454750919406147,-0.03838812,probe_leg_same_exit(approx),MOMENTUM_INTRADAY_TRIGGER,LEARNED,,,,,
MOM_6282_2025-10-20,-0.3898216043443438,-0.2490512,probe_leg_same_exit(approx),MOMENTUM_INTRADAY_TRIGGER,LEARNED,,,,,
MOM_6284_2025-11-03,-0.2924708245145186,-0.0612536,probe_leg_same_exit(approx),MOMENTUM_INTRADAY_TRIGGER,LEARNED,,,,,
MOM_6290_2025-05-16,-0.414004898804375,-0.2274476,probe_leg_same_exit(approx),MOMENTUM_INTRADAY_TRIGGER,LEARNED,,,,,
MOM_6290_2025-11-03,-0.49033106981725777,-0.405136,probe_leg_same_exit(approx),MOMENTUM_INTRADAY_TRIGGER,LEARNED,,,,,
MOM_6409_2025-10-20,-0.40266531481668205,0.01318976,probe_leg_same_exit(approx),MOMENTUM_INTRADAY_TRIGGER,LEARNED,,,,,
MOM_6412_2025-01-09,-0.5040834106329647,-0.0929044,probe_leg_same_exit(approx),MOMENTUM_INTRADAY_TRIGGER,LEARNED,,,,,
MOM_6415_2025-02-20,-0.9449130109620626,-0.00072194,probe_leg_same_exit(approx),MOMENTUM_INTRADAY_TRIGGER,LEARNED,,,,,
MOM_6435_2026-05-04,-0.4890316149659361,0.2075336,probe_leg_same_exit(approx),MOMENTUM_INTRADAY_TRIGGER,LEARNED,,,,,
MOM_6442_2026-08-18,-0.4647867467662565,-0.111762,probe_leg_same_exit(approx),MOMENTUM_INTRADAY_TRIGGER,LEARNED,,,,,
MOM_6443_2025-07-23,0.8174887735878413,-0.02513516,probe_leg_same_exit(approx),MOMENTUM_INTRADAY_TRIGGER,LEARNED,,,,,
MOM_6446_2026-08-17,-0.40336698467977466,-0.0688448,probe_leg_same_exit(approx),MOMENTUM_INTRADAY_TRIGGER,LEARNED,,,,,
MOM_6491_2026-07-03,-0.26683220154889237,-0.3475708,probe_leg_same_exit(approx),MOMENTUM_INTRADAY_TRIGGER,LEARNED,,,,,
MOM_6491_2026-09-01,-0.30879344352815535,-0.03860104,probe_leg_same_exit(approx),MOMENTUM_INTRADAY_TRIGGER,LEARNED,,,,,
MOM_6505_2025-02-26,-0.3096244012243255,-0.0489896,probe_leg_same_exit(approx),MOMENTUM_INTRADAY_TRIGGER,LEARNED,,,,,
MOM_6505_2025-10-20,-0.21532733110725416,0.3567696,probe_leg_same_exit(approx),MOMENTUM_INTRADAY_TRIGGER,LEARNED,,,,,
MOM_6515_2025-07-07,-0.4821554579514094,-0.03610216,probe_leg_same_exit(approx),MOMENTUM_INTRADAY_TRIGGER,LEARNED,,,,,
MOM_6515_2026-02-23,-0.4930648710647548,-0.093642,probe_leg_same_exit(approx),MOMENTUM_INTRADAY_TRIGGER,LEARNED,,,,,
MOM_6541_2026-01-30,6.021748408358201,-0.0705148,probe_leg_same_exit(approx),MOMENTUM_INTRADAY_TRIGGER,LEARNED,,,,,
MOM_6585_2025-02-13,0.3502947153180271,-0.0513876,probe_leg_same_exit(approx),MOMENTUM_INTRADAY_TRIGGER,LEARNED,,,,,
MOM_6591_2025-08-15,-0.4556757603239963,0.3872244,probe_leg_same_exit(approx),MOMENTUM_INTRADAY_TRIGGER,LEARNED,,,,,
MOM_6596_2025-01-03,-0.5835094218253969,-0.0655712,probe_leg_same_exit(approx),MOMENTUM_INTRADAY_TRIGGER,LEARNED,,,,,
MOM_6596_2025-06-13,-0.6183877526213382,-0.00947632,probe_leg_same_exit(approx),MOMENTUM_INTRADAY_TRIGGER,LEARNED,,,,,
MOM_6603_2026-07-29,-0.293878166061408,0.002226316,probe_leg_same_exit(approx),MOMENTUM_INTRADAY_TRIGGER,LEARNED,,,,,
MOM_6613_2026-02-03,-0.9244364492570583,-0.0953004,probe_leg_same_exit(approx),MOMENTUM_INTRADAY_TRIGGER,LEARNED,,,,,
MOM_6625_2025-05-16,-0.4791348347308189,-0.02289216,probe_leg_same_exit(approx),MOMENTUM_INTRADAY_TRIGGER,LEARNED,,,,,
MOM_6668_2025-06-06,-0.1602012168006018,0.0001622704,probe_leg_same_exit(approx),MOMENTUM_INTRADAY_TRIGGER,LEARNED,,,,,
MOM_6669_2025-05-07,-0.24769044490558195,0.463128,probe_leg_same_exit(approx),MOMENTUM_INTRADAY_TRIGGER,LEARNED,,,,,
MOM_6670_2026-07-28,-0.6355080101819881,-0.0567512,probe_leg_same_exit(approx),MOMENTUM_INTRADAY_TRIGGER,LEARNED,,,,,
MOM_6670_2026-09-01,-0.6305170236802413,-0.0491184,probe_leg_same_exit(approx),MOMENTUM_INTRADAY_TRIGGER,LEARNED,,,,,
MOM_6691_2025-06-24,-0.892417032970289,-0.048084,probe_leg_same_exit(approx),MOMENTUM_INTRADAY_TRIGGER,LEARNED,,,,,
MOM_6712_2025-11-25,4.064820433768424,-0.01237068,probe_leg_same_exit(approx),MOMENTUM_INTRADAY_TRIGGER,LEARNED,,,,,
MOM_6739_2025-12-10,1.5009109314272877,-0.0528068,probe_leg_same_exit(approx),MOMENTUM_INTRADAY_TRIGGER,LEARNED,,,,,
MOM_6753_2025-02-04,0.016369640086763396,-0.00494308,probe_leg_same_exit(approx),MOMENTUM_INTRADAY_TRIGGER,LEARNED,,,,,
MOM_6763_2025-07-03,-0.9881301933304054,-0.0824744,probe_leg_same_exit(approx),MOMENTUM_INTRADAY_TRIGGER,LEARNED,,,,,
MOM_6781_2025-11-19,-0.19688002230936202,-0.059472,probe_leg_same_exit(approx),MOMENTUM_INTRADAY_TRIGGER,LEARNED,,,,,
MOM_6782_2025-02-20,0.22611498129112023,-0.0579664,probe_leg_same_exit(approx),MOMENTUM_INTRADAY_TRIGGER,LEARNED,,,,,
MOM_6788_2025-12-19,0.5560900318777744,0.2581776,probe_leg_same_exit(approx),MOMENTUM_INTRADAY_TRIGGER,LEARNED,,,,,
MOM_6791_2025-09-01,-0.3843821410981359,-0.0461224,probe_leg_same_exit(approx),MOMENTUM_INTRADAY_TRIGGER,LEARNED,,,,,
MOM_6805_2025-05-21,3.603514933651394,0.003939552,probe_leg_same_exit(approx),MOMENTUM_INTRADAY_TRIGGER,LEARNED,,,,,
MOM_6805_2025-11-03,3.2071790825118622,-0.0636892,probe_leg_same_exit(approx),MOMENTUM_INTRADAY_TRIGGER,LEARNED,,,,,
MOM_6869_2025-03-17,-0.41636649884366,-0.02878024,probe_leg_same_exit(approx),MOMENTUM_INTRADAY_TRIGGER,LEARNED,,,,,
MOM_6877_2025-03-05,0.1267458712862361,-0.408492,probe_leg_same_exit(approx),MOMENTUM_INTRADAY_TRIGGER,LEARNED,,,,,
MOM_6877_2026-04-29,-0.12795156987938588,-0.0646304,probe_leg_same_exit(approx),MOMENTUM_INTRADAY_TRIGGER,LEARNED,,,,,
MOM_6890_2025-01-13,-0.023873794912346254,-0.3568464,probe_leg_same_exit(approx),MOMENTUM_INTRADAY_TRIGGER,LEARNED,,,,,
MOM_6919_2025-01-16,1.03282370399998,-0.0464168,probe_leg_same_exit(approx),MOMENTUM_INTRADAY_TRIGGER,LEARNED,,,,,
MOM_6919_2025-03-05,0.9587671925381849,-0.0607748,probe_leg_same_exit(approx),MOMENTUM_INTRADAY_TRIGGER,LEARNED,,,,,
MOM_6923_2025-09-22,-0.15264125904253406,-0.0528288,probe_leg_same_exit(approx),MOMENTUM_INTRADAY_TRIGGER,LEARNED,,,,,
MOM_6937_2025-09-16,0.35889931297766203,-0.0467984,probe_leg_same_exit(approx),MOMENTUM_INTRADAY_TRIGGER,LEARNED,,,,,
MOM_6944_2025-08-20,-0.3245047780110018,0.0694216,probe_leg_same_exit(approx),MOMENTUM_INTRADAY_TRIGGER,LEARNED,,,,,
MOM_7740_2026-07-21,1.0086155587038637,-0.00642164,probe_leg_same_exit(approx),MOMENTUM_INTRADAY_TRIGGER,LEARNED,,,,,
MOM_7750_2026-02-03,-0.3648505198918736,0.780384,probe_leg_same_exit(approx),MOMENTUM_INTRADAY_TRIGGER,LEARNED,,,,,
MOM_7769_2026-02-04,-0.036036420479675306,-0.03168304,probe_leg_same_exit(approx),MOMENTUM_INTRADAY_TRIGGER,LEARNED,,,,,
MOM_7799_2025-12-12,3.346844009989785,-0.0664388,probe_leg_same_exit(approx),MOMENTUM_INTRADAY_TRIGGER,LEARNED,,,,,
MOM_7799_2026-02-23,3.7993592068711886,-0.279842,probe_leg_same_exit(approx),MOMENTUM_INTRADAY_TRIGGER,LEARNED,,,,,
MOM_7827_2025-12-17,1.2316182137118437,0.1165184,probe_leg_same_exit(approx),MOMENTUM_INTRADAY_TRIGGER,LEARNED,,,,,
MOM_7828_2025-11-10,0.18426175786730886,-0.0567968,probe_leg_same_exit(approx),MOMENTUM_INTRADAY_TRIGGER,LEARNED,,,,,
MOM_8021_2025-07-09,-0.4960420634075277,0.00643992,probe_leg_same_exit(approx),MOMENTUM_INTRADAY_TRIGGER,LEARNED,,,,,
MOM_8021_2026-01-16,-0.5151365994384609,-0.01840012,probe_leg_same_exit(approx),MOMENTUM_INTRADAY_TRIGGER,LEARNED,,,,,
MOM_8033_2025-12-02,-0.1447343828845738,-0.0617276,probe_leg_same_exit(approx),MOMENTUM_INTRADAY_TRIGGER,LEARNED,,,,,
MOM_8088_2025-06-06,-0.4876033493493946,-0.00668764,probe_leg_same_exit(approx),MOMENTUM_INTRADAY_TRIGGER,LEARNED,,,,,
MOM_8089_2025-03-03,0.4304555941697367,-0.061802,probe_leg_same_exit(approx),MOMENTUM_INTRADAY_TRIGGER,LEARNED,,,,,
MOM_8091_2025-09-09,-0.5725537525867184,-0.03784128,probe_leg_same_exit(approx),MOMENTUM_INTRADAY_TRIGGER,LEARNED,,,,,
MOM_8111_2025-11-05,-0.4775660950569684,-0.195774,probe_leg_same_exit(approx),MOMENTUM_INTRADAY_TRIGGER,LEARNED,,,,,
MOM_8147_2025-01-02,-0.2428214658466366,-0.03124764,probe_leg_same_exit(approx),MOMENTUM_INTRADAY_TRIGGER,LEARNED,,,,,
MOM_8150_2025-09-16,-0.2710573900800169,1.995752,probe_leg_same_exit(approx),MOMENTUM_INTRADAY_TRIGGER,LEARNED,,,,,
MOM_8150_2026-01-16,-0.5507104655079808,-0.493852,probe_leg_same_exit(approx),MOMENTUM_INTRADAY_TRIGGER,LEARNED,,,,,
MOM_8155_2025-03-11,-0.4765846709065367,-0.0430664,probe_leg_same_exit(approx),MOMENTUM_INTRADAY_TRIGGER,LEARNED,,,,,
MOM_8210_2025-07-09,-0.40907612408699995,0.0172522,probe_leg_same_exit(approx),MOMENTUM_INTRADAY_TRIGGER,LEARNED,,,,,
MOM_8249_2025-05-26,-0.4086475617254601,-0.0451392,probe_leg_same_exit(approx),MOMENTUM_INTRADAY_TRIGGER,LEARNED,,,,,
MOM_8271_2025-09-16,-0.539755478522314,-0.00802276,probe_leg_same_exit(approx),MOMENTUM_INTRADAY_TRIGGER,LEARNED,,,,,
MOM_8271_2025-10-09,-0.4785809516029515,-0.0683676,probe_leg_same_exit(approx),MOMENTUM_INTRADAY_TRIGGER,LEARNED,,,,,
MOM_8289_2026-02-11,-0.18786109773877385,0.3088332,probe_leg_same_exit(approx),MOMENTUM_INTRADAY_TRIGGER,LEARNED,,,,,
MOM_8299_2025-06-06,-0.45272345835150346,-0.01136012,probe_leg_same_exit(approx),MOMENTUM_INTRADAY_TRIGGER,LEARNED,,,,,
MOM_8431_2026-01-08,-0.323966529734285,-0.0746392,probe_leg_same_exit(approx),MOMENTUM_INTRADAY_TRIGGER,LEARNED,,,,,
MOM_8436_2026-07-27,-0.5956905244849598,-0.0264468,probe_leg_same_exit(approx),MOMENTUM_INTRADAY_TRIGGER,LEARNED,,,,,
MOM_8462_2026-07-15,-0.568021243726593,-0.0478872,probe_leg_same_exit(approx),MOMENTUM_INTRADAY_TRIGGER,LEARNED,,,,,
MOM_8476_2026-07-24,-0.8509143980511097,-0.0505,probe_leg_same_exit(approx),MOMENTUM_INTRADAY_TRIGGER,LEARNED,,,,,
MOM_8499_2025-12-05,-0.04381388328631224,0.1145084,probe_leg_same_exit(approx),MOMENTUM_INTRADAY_TRIGGER,LEARNED,,,,,
MOM_8926_2026-05-21,-0.6034121814007127,-0.01768104,probe_leg_same_exit(approx),MOMENTUM_INTRADAY_TRIGGER,LEARNED,,,,,
MOM_8927_2025-09-26,-0.7081592138292089,-0.0568732,probe_leg_same_exit(approx),MOMENTUM_INTRADAY_TRIGGER,LEARNED,,,,,
MOM_8932_2025-06-09,-0.7431966754138533,-0.0042598,probe_leg_same_exit(approx),MOMENTUM_INTRADAY_TRIGGER,LEARNED,,,,,
MOM_8932_2025-08-27,-0.7880205818268782,-0.2075612,probe_leg_same_exit(approx),MOMENTUM_INTRADAY_TRIGGER,LEARNED,,,,,
MOM_8937_2025-03-31,-0.092733581146423,-0.079646,probe_leg_same_exit(approx),MOMENTUM_INTRADAY_TRIGGER,LEARNED,,,,,
MOM_8937_2025-09-30,-0.11427192593712115,-0.0760308,probe_leg_same_exit(approx),MOMENTUM_INTRADAY_TRIGGER,LEARNED,,,,,
MOM_9907_2025-03-07,-0.39309808748784797,-0.1371824,probe_leg_same_exit(approx),MOMENTUM_INTRADAY_TRIGGER,LEARNED,,,,,
MOM_9907_2026-07-30,-0.5298509133549056,-0.02575128,probe_leg_same_exit(approx),MOMENTUM_INTRADAY_TRIGGER,LEARNED,,,,,
MOM_9910_2025-05-07,-0.6611220226811021,-0.1829328,probe_leg_same_exit(approx),MOMENTUM_INTRADAY_TRIGGER,LEARNED,,,,,
MOM_9910_2025-09-30,-0.6948623752535648,0.00713916,probe_leg_same_exit(approx),MOMENTUM_INTRADAY_TRIGGER,LEARNED,,,,,
MOM_9911_2025-03-24,-0.48296673208626867,-0.02989048,probe_leg_same_exit(approx),MOMENTUM_INTRADAY_TRIGGER,LEARNED,,,,,
MOM_9921_2025-03-12,-0.34963775919131584,-0.0782528,probe_leg_same_exit(approx),MOMENTUM_INTRADAY_TRIGGER,LEARNED,,,,,
MOM_9939_2025-04-09,-0.45530046491331516,-0.02386432,probe_leg_same_exit(approx),MOMENTUM_INTRADAY_TRIGGER,LEARNED,,,,,
MOM_9939_2026-07-21,-0.5338443083276567,-0.001750444,probe_leg_same_exit(approx),MOMENTUM_INTRADAY_TRIGGER,LEARNED,,,,,
MOM_9958_2025-06-13,-0.1801728727024124,-0.01605096,probe_leg_same_exit(approx),MOMENTUM_INTRADAY_TRIGGER,LEARNED,,,,,
MOM_1101_2026-07-29,-0.6818403837573376,-0.03140504,probe_leg_same_exit(approx),MOMENTUM_INTRADAY_TRIGGER,OPEN,,,,,
MOM_1210_2025-04-09,-0.5148429308529381,-0.000500064,probe_leg_same_exit(approx),MOMENTUM_INTRADAY_TRIGGER,OPEN,,,,,
MOM_1215_2025-03-04,-0.5350722275092583,-0.1143656,probe_leg_same_exit(approx),MOMENTUM_INTRADAY_TRIGGER,OPEN,,,,,
MOM_1216_2025-04-09,-0.32209811603384925,0.065774,probe_leg_same_exit(approx),MOMENTUM_INTRADAY_TRIGGER,OPEN,,,,,
MOM_1227_2026-07-27,-0.49147380583097205,-0.1440376,probe_leg_same_exit(approx),MOMENTUM_INTRADAY_TRIGGER,OPEN,,,,,
MOM_1229_2025-07-08,-0.7596269354978288,0.1321836,probe_leg_same_exit(approx),MOMENTUM_INTRADAY_TRIGGER,OPEN,,,,,
MOM_1229_2026-07-24,-0.8105094261434183,-0.0434672,probe_leg_same_exit(approx),MOMENTUM_INTRADAY_TRIGGER,OPEN,,,,,
MOM_1231_2025-01-03,-0.7298275990019227,-0.03052452,probe_leg_same_exit(approx),MOMENTUM_INTRADAY_TRIGGER,OPEN,,,,,
MOM_1231_2026-07-27,-0.7872293026488639,-0.051948,probe_leg_same_exit(approx),MOMENTUM_INTRADAY_TRIGGER,OPEN,,,,,
MOM_1312_2025-04-21,-0.25787690013639225,0.0210036,probe_leg_same_exit(approx),MOMENTUM_INTRADAY_TRIGGER,OPEN,,,,,
MOM_1312_2025-10-20,-0.28353396092835853,-0.0141592,probe_leg_same_exit(approx),MOMENTUM_INTRADAY_TRIGGER,OPEN,,,,,
MOM_1419_2025-11-24,-0.30300305798126664,-0.00659032,probe_leg_same_exit(approx),MOMENTUM_INTRADAY_TRIGGER,OPEN,,,,,
MOM_1436_2025-02-11,-0.7093184456689297,-0.00596828,probe_leg_same_exit(approx),MOMENTUM_INTRADAY_TRIGGER,OPEN,,,,,
MOM_1472_2025-04-23,8.352759947276674,-0.02379516,probe_leg_same_exit(approx),MOMENTUM_INTRADAY_TRIGGER,OPEN,,,,,
MOM_1476_2026-07-15,-0.43003055129200657,-0.042908,probe_leg_same_exit(approx),MOMENTUM_INTRADAY_TRIGGER,OPEN,,,,,
MOM_1477_2025-07-07,-0.5657968823626034,-0.02703028,probe_leg_same_exit(approx),MOMENTUM_INTRADAY_TRIGGER,OPEN,,,,,
MOM_1519_2025-06-17,-0.24190267679077676,0.1581592,probe_leg_same_exit(approx),MOMENTUM_INTRADAY_TRIGGER,OPEN,,,,,
MOM_1519_2026-07-28,-0.4908034373352827,-0.03324696,probe_leg_same_exit(approx),MOMENTUM_INTRADAY_TRIGGER,OPEN,,,,,
MOM_1522_2026-01-22,-0.49528514920625993,-0.0704848,probe_leg_same_exit(approx),MOMENTUM_INTRADAY_TRIGGER,OPEN,,,,,
MOM_1524_2025-03-12,-0.46791671174027144,-0.790604,probe_leg_same_exit(approx),MOMENTUM_INTRADAY_TRIGGER,OPEN,,,,,
MOM_1569_2025-03-28,-0.44058697929894536,-0.0509992,probe_leg_same_exit(approx),MOMENTUM_INTRADAY_TRIGGER,OPEN,,,,,
MOM_1584_2025-04-18,-0.34396898255366176,-0.093418,probe_leg_same_exit(approx),MOMENTUM_INTRADAY_TRIGGER,OPEN,,,,,
MOM_1605_2025-10-23,-0.4452862261911961,-0.00616704,probe_leg_same_exit(approx),MOMENTUM_INTRADAY_TRIGGER,OPEN,,,,,
MOM_1723_2026-07-24,-0.4889796475389247,-0.0518644,probe_leg_same_exit(approx),MOMENTUM_INTRADAY_TRIGGER,OPEN,,,,,
MOM_1786_2025-01-10,-0.4642316839481316,-0.02704756,probe_leg_same_exit(approx),MOMENTUM_INTRADAY_TRIGGER,OPEN,,,,,
MOM_1808_2025-07-08,-0.944587035360361,-0.050116,probe_leg_same_exit(approx),MOMENTUM_INTRADAY_TRIGGER,OPEN,,,,,
MOM_1808_2025-11-03,-0.9517239258188459,-0.0432176,probe_leg_same_exit(approx),MOMENTUM_INTRADAY_TRIGGER,OPEN,,,,,
MOM_1808_2026-07-20,-0.9421107983836556,-0.03235128,probe_leg_same_exit(approx),MOMENTUM_INTRADAY_TRIGGER,OPEN,,,,,
MOM_1815_2025-03-27,-0.32150482448778966,-0.0524536,probe_leg_same_exit(approx),MOMENTUM_INTRADAY_TRIGGER,OPEN,,,,,
MOM_1907_2026-07-31,-0.46143851842636646,0.03188928,probe_leg_same_exit(approx),MOMENTUM_INTRADAY_TRIGGER,OPEN,,,,,
MOM_2002_2025-01-22,-0.38412730745220497,-0.02903836,probe_leg_same_exit(approx),MOMENTUM_INTRADAY_TRIGGER,OPEN,,,,,
MOM_2002_2025-03-03,-0.3624712418340576,-0.080326,probe_leg_same_exit(approx),MOMENTUM_INTRADAY_TRIGGER,OPEN,,,,,
MOM_2006_2026-03-10,-0.17439488414112042,-0.0499724,probe_leg_same_exit(approx),MOMENTUM_INTRADAY_TRIGGER,OPEN,,,,,
MOM_2014_2025-02-04,-0.2707005519451317,-0.0425688,probe_leg_same_exit(approx),MOMENTUM_INTRADAY_TRIGGER,OPEN,,,,,
MOM_2015_2025-03-20,-0.5054991218201186,-0.0401808,probe_leg_same_exit(approx),MOMENTUM_INTRADAY_TRIGGER,OPEN,,,,,
MOM_2027_2025-03-07,-0.6741838566007758,-0.02514136,probe_leg_same_exit(approx),MOMENTUM_INTRADAY_TRIGGER,OPEN,,,,,
MOM_2034_2025-02-25,-0.5148091619919604,-0.00761368,probe_leg_same_exit(approx),MOMENTUM_INTRADAY_TRIGGER,OPEN,,,,,
MOM_2059_2025-02-13,-0.15813527271779354,0.1474252,probe_leg_same_exit(approx),MOMENTUM_INTRADAY_TRIGGER,OPEN,,,,,
MOM_2059_2026-08-25,-0.25413396232494995,-0.0217994,probe_leg_same_exit(approx),MOMENTUM_INTRADAY_TRIGGER,OPEN,,,,,
MOM_2072_2026-07-28,-0.7865472213520224,-0.3321708,probe_leg_same_exit(approx),MOMENTUM_INTRADAY_TRIGGER,OPEN,,,,,
MOM_2105_2025-04-22,-0.340673886446133,-0.033809,probe_leg_same_exit(approx),MOMENTUM_INTRADAY_TRIGGER,OPEN,,,,,
MOM_2204_2025-01-14,0.7277358411372257,-0.02284288,probe_leg_same_exit(approx),MOMENTUM_INTRADAY_TRIGGER,OPEN,,,,,
MOM_2204_2025-04-23,0.8923958714546041,0.0792964,probe_leg_same_exit(approx),MOMENTUM_INTRADAY_TRIGGER,OPEN,,,,,
MOM_2206_2026-07-30,-0.4843763122274926,0.0045064,probe_leg_same_exit(approx),MOMENTUM_INTRADAY_TRIGGER,OPEN,,,,,
MOM_2207_2025-11-24,-0.35170332515539976,-0.0417092,probe_leg_same_exit(approx),MOMENTUM_INTRADAY_TRIGGER,OPEN,,,,,
MOM_2207_2026-07-30,-0.3981570122964006,-0.03984796,probe_leg_same_exit(approx),MOMENTUM_INTRADAY_TRIGGER,OPEN,,,,,
MOM_2211_2025-10-14,-0.28058903623470516,-0.15242,probe_leg_same_exit(approx),MOMENTUM_INTRADAY_TRIGGER,OPEN,,,,,
MOM_2230_2025-06-02,-0.27426604933938864,-0.01781896,probe_leg_same_exit(approx),MOMENTUM_INTRADAY_TRIGGER,OPEN,,,,,
MOM_2247_2025-07-15,0.07624406543886603,-0.03524296,probe_leg_same_exit(approx),MOMENTUM_INTRADAY_TRIGGER,OPEN,,,,,
MOM_2302_2025-03-25,-0.2717707119890593,-0.0879076,probe_leg_same_exit(approx),MOMENTUM_INTRADAY_TRIGGER,OPEN,,,,,
MOM_2308_2026-04-30,-0.2963786943419496,-0.01171228,probe_leg_same_exit(approx),MOMENTUM_INTRADAY_TRIGGER,OPEN,,,,,
MOM_2344_2025-09-16,0.429687383625279,2.619224,probe_leg_same_exit(approx),MOMENTUM_INTRADAY_TRIGGER,OPEN,,,,,
MOM_2344_2025-12-18,-0.30285819447386025,-0.024037,probe_leg_same_exit(approx),MOMENTUM_INTRADAY_TRIGGER,OPEN,,,,,
MOM_2345_2025-05-07,-0.17406995410177267,0.065954,probe_leg_same_exit(approx),MOMENTUM_INTRADAY_TRIGGER,OPEN,,,,,
MOM_2353_2025-05-02,-0.4782231198994337,-0.02961956,probe_leg_same_exit(approx),MOMENTUM_INTRADAY_TRIGGER,OPEN,,,,,
MOM_2357_2026-07-30,-0.6757422801324102,-0.0459564,probe_leg_same_exit(approx),MOMENTUM_INTRADAY_TRIGGER,OPEN,,,,,
MOM_2368_2025-05-09,-0.020107930274139315,-0.005064,probe_leg_same_exit(approx),MOMENTUM_INTRADAY_TRIGGER,OPEN,,,,,
MOM_2368_2025-06-06,-0.05281823926964362,-0.03645384,probe_leg_same_exit(approx),MOMENTUM_INTRADAY_TRIGGER,OPEN,,,,,
MOM_2368_2025-07-09,0.31781115468712556,1.00134,probe_leg_same_exit(approx),MOMENTUM_INTRADAY_TRIGGER,OPEN,,,,,
MOM_2377_2026-09-01,-0.5295231982200685,-0.03829876,probe_leg_same_exit(approx),MOMENTUM_INTRADAY_TRIGGER,OPEN,,,,,
MOM_2383_2025-05-09,-0.31708010964617145,0.00540784,probe_leg_same_exit(approx),MOMENTUM_INTRADAY_TRIGGER,OPEN,,,,,
MOM_2383_2025-07-09,-0.3395455087209382,-0.02104464,probe_leg_same_exit(approx),MOMENTUM_INTRADAY_TRIGGER,OPEN,,,,,
MOM_2383_2025-09-18,-0.3602130535182477,-0.02849496,probe_leg_same_exit(approx),MOMENTUM_INTRADAY_TRIGGER,OPEN,,,,,
MOM_2385_2025-01-09,-0.5501719651672526,-0.058502,probe_leg_same_exit(approx),MOMENTUM_INTRADAY_TRIGGER,OPEN,,,,,
MOM_2387_2025-03-05,-0.4718753173880961,-0.062226,probe_leg_same_exit(approx),MOMENTUM_INTRADAY_TRIGGER,OPEN,,,,,
MOM_2393_2026-03-16,-0.49973655983445636,0.08464,probe_leg_same_exit(approx),MOMENTUM_INTRADAY_TRIGGER,OPEN,,,,,
MOM_2395_2026-01-30,-0.5368212116923178,-0.0523536,probe_leg_same_exit(approx),MOMENTUM_INTRADAY_TRIGGER,OPEN,,,,,
MOM_2399_2026-08-18,-0.22113048500642335,-0.0568024,probe_leg_same_exit(approx),MOMENTUM_INTRADAY_TRIGGER,OPEN,,,,,
MOM_2404_2025-07-08,-0.34486152160145417,2.032596,probe_leg_same_exit(approx),MOMENTUM_INTRADAY_TRIGGER,OPEN,,,,,
MOM_2412_2025-04-09,-0.3611786249614231,0.01416116,probe_leg_same_exit(approx),MOMENTUM_INTRADAY_TRIGGER,OPEN,,,,,
MOM_2412_2026-07-29,-0.4741810426710669,-0.02707868,probe_leg_same_exit(approx),MOMENTUM_INTRADAY_TRIGGER,OPEN,,,,,
MOM_2415_2026-07-03,-0.49614711655128824,-0.03054316,probe_leg_same_exit(approx),MOMENTUM_INTRADAY_TRIGGER,OPEN,,,,,
MOM_2427_2025-01-03,-0.32534795390841503,-0.03592676,probe_leg_same_exit(approx),MOMENTUM_INTRADAY_TRIGGER,OPEN,,,,,
MOM_2427_2026-07-15,-0.38501111058693377,-0.0757876,probe_leg_same_exit(approx),MOMENTUM_INTRADAY_TRIGGER,OPEN,,,,,
MOM_2428_2025-01-22,-0.37919358353746174,-0.03040828,probe_leg_same_exit(approx),MOMENTUM_INTRADAY_TRIGGER,OPEN,,,,,
MOM_2429_2025-03-27,0.16153131004625204,-0.0599564,probe_leg_same_exit(approx),MOMENTUM_INTRADAY_TRIGGER,OPEN,,,,,
MOM_2429_2025-06-06,0.23566878373664019,-0.55358,probe_leg_same_exit(approx),MOMENTUM_INTRADAY_TRIGGER,OPEN,,,,,
MOM_2439_2025-11-10,-0.5245819988433413,-0.0184202,probe_leg_same_exit(approx),MOMENTUM_INTRADAY_TRIGGER,OPEN,,,,,
MOM_2449_2025-07-22,-0.4943296915664262,-0.00514104,probe_leg_same_exit(approx),MOMENTUM_INTRADAY_TRIGGER,OPEN,,,,,
MOM_2451_2025-04-18,-0.5360153647294594,0.0053412,probe_leg_same_exit(approx),MOMENTUM_INTRADAY_TRIGGER,OPEN,,,,,
MOM_2451_2025-09-16,-0.588940208928123,-0.00947632,probe_leg_same_exit(approx),MOMENTUM_INTRADAY_TRIGGER,OPEN,,,,,
MOM_2466_2025-11-20,-0.20633365015330357,-0.0417324,probe_leg_same_exit(approx),MOMENTUM_INTRADAY_TRIGGER,OPEN,,,,,
MOM_2478_2025-09-25,-0.19716990002794893,-0.02489804,probe_leg_same_exit(approx),MOMENTUM_INTRADAY_TRIGGER,OPEN,,,,,
MOM_2480_2026-07-03,-0.6116002208701252,-0.1023376,probe_leg_same_exit(approx),MOMENTUM_INTRADAY_TRIGGER,OPEN,,,,,
MOM_2481_2025-02-25,-0.26537893498575643,-0.0706508,probe_leg_same_exit(approx),MOMENTUM_INTRADAY_TRIGGER,OPEN,,,,,
MOM_2481_2025-05-23,-0.26206106879277574,-0.0647328,probe_leg_same_exit(approx),MOMENTUM_INTRADAY_TRIGGER,OPEN,,,,,
MOM_2495_2025-11-19,-0.40969708286417533,-0.068506,probe_leg_same_exit(approx),MOMENTUM_INTRADAY_TRIGGER,OPEN,,,,,
MOM_2515_2025-07-03,-0.3967848517738343,-0.0551688,probe_leg_same_exit(approx),MOMENTUM_INTRADAY_TRIGGER,OPEN,,,,,
MOM_2535_2025-05-07,-0.5023715042185185,-0.050842,probe_leg_same_exit(approx),MOMENTUM_INTRADAY_TRIGGER,OPEN,,,,,
MOM_2539_2025-07-01,-0.8433403837652671,-0.01850152,probe_leg_same_exit(approx),MOMENTUM_INTRADAY_TRIGGER,OPEN,,,,,
MOM_2540_2025-04-17,-0.9429019782664845,-0.03297384,probe_leg_same_exit(approx),MOMENTUM_INTRADAY_TRIGGER,OPEN,,,,,
MOM_2540_2025-09-16,-0.9417878462735565,-0.01544248,probe_leg_same_exit(approx),MOMENTUM_INTRADAY_TRIGGER,OPEN,,,,,
MOM_2540_2026-07-29,-0.9731712975746949,-0.0147758,probe_leg_same_exit(approx),MOMENTUM_INTRADAY_TRIGGER,OPEN,,,,,
MOM_2542_2025-03-28,-0.7518242745427965,-0.0376248,probe_leg_same_exit(approx),MOMENTUM_INTRADAY_TRIGGER,OPEN,,,,,
MOM_2542_2026-04-30,-0.7926127563758314,-0.02182428,probe_leg_same_exit(approx),MOMENTUM_INTRADAY_TRIGGER,OPEN,,,,,
MOM_2542_2026-08-20,-0.7901676799399372,-0.01359568,probe_leg_same_exit(approx),MOMENTUM_INTRADAY_TRIGGER,OPEN,,,,,
MOM_2543_2025-02-04,-0.5525308757449601,0.38945,probe_leg_same_exit(approx),MOMENTUM_INTRADAY_TRIGGER,OPEN,,,,,
MOM_2546_2026-08-19,-0.7966587435129171,-0.00947632,probe_leg_same_exit(approx),MOMENTUM_INTRADAY_TRIGGER,OPEN,,,,,
MOM_2547_2025-03-17,-0.4463483104393569,-0.48228,probe_leg_same_exit(approx),MOMENTUM_INTRADAY_TRIGGER,OPEN,,,,,
MOM_2548_2025-12-26,-0.7227017738745877,-0.0420264,probe_leg_same_exit(approx),MOMENTUM_INTRADAY_TRIGGER,OPEN,,,,,
MOM_2603_2025-03-10,-0.06650349517534887,-0.0950604,probe_leg_same_exit(approx),MOMENTUM_INTRADAY_TRIGGER,OPEN,,,,,
MOM_2603_2026-07-27,-0.391236182633159,-0.01191548,probe_leg_same_exit(approx),MOMENTUM_INTRADAY_TRIGGER,OPEN,,,,,
MOM_2606_2025-03-11,-0.47344099741790785,-0.01911484,probe_leg_same_exit(approx),MOMENTUM_INTRADAY_TRIGGER,OPEN,,,,,
MOM_2607_2025-06-03,-0.2885416604612984,-0.03515152,probe_leg_same_exit(approx),MOMENTUM_INTRADAY_TRIGGER,OPEN,,,,,
MOM_2615_2026-07-27,-0.6947158586025568,-0.03718156,probe_leg_same_exit(approx),MOMENTUM_INTRADAY_TRIGGER,OPEN,,,,,
MOM_2618_2026-06-18,-0.40324148557111034,-0.0404288,probe_leg_same_exit(approx),MOMENTUM_INTRADAY_TRIGGER,OPEN,,,,,
MOM_2637_2026-07-13,-0.6440610692556115,-0.078518,probe_leg_same_exit(approx),MOMENTUM_INTRADAY_TRIGGER,OPEN,,,,,
MOM_2707_2025-04-09,-0.4974961835181608,-0.0566332,probe_leg_same_exit(approx),MOMENTUM_INTRADAY_TRIGGER,OPEN,,,,,
MOM_2723_2025-01-22,-0.33424589316275305,-0.0331138,probe_leg_same_exit(approx),MOMENTUM_INTRADAY_TRIGGER,OPEN,,,,,
MOM_2727_2026-07-29,-0.6045216467609182,-0.01814684,probe_leg_same_exit(approx),MOMENTUM_INTRADAY_TRIGGER,OPEN,,,,,
MOM_2743_2025-05-21,-0.46607857389882285,-0.481308,probe_leg_same_exit(approx),MOMENTUM_INTRADAY_TRIGGER,OPEN,,,,,
MOM_2743_2025-07-03,-0.46092867929091846,-0.02909636,probe_leg_same_exit(approx),MOMENTUM_INTRADAY_TRIGGER,OPEN,,,,,
MOM_2743_2025-09-22,-0.693230417451729,-0.02653792,probe_leg_same_exit(approx),MOMENTUM_INTRADAY_TRIGGER,OPEN,,,,,
MOM_2753_2025-03-11,-0.27839912112225457,-0.3544376,probe_leg_same_exit(approx),MOMENTUM_INTRADAY_TRIGGER,OPEN,,,,,
MOM_2753_2025-07-09,-0.3017438905845667,-0.00947632,probe_leg_same_exit(approx),MOMENTUM_INTRADAY_TRIGGER,OPEN,,,,,
MOM_2812_2025-03-04,-0.5711595504474727,-0.03507196,probe_leg_same_exit(approx),MOMENTUM_INTRADAY_TRIGGER,OPEN,,,,,
MOM_2838_2025-03-12,-0.5920522694024017,-0.02108768,probe_leg_same_exit(approx),MOMENTUM_INTRADAY_TRIGGER,OPEN,,,,,
MOM_2838_2025-10-09,-0.6512790605151251,-0.00444964,probe_leg_same_exit(approx),MOMENTUM_INTRADAY_TRIGGER,OPEN,,,,,
MOM_2850_2026-07-28,-0.6059674629762235,-0.1448628,probe_leg_same_exit(approx),MOMENTUM_INTRADAY_TRIGGER,OPEN,,,,,
MOM_2851_2025-03-11,-0.4497073840369274,-0.00947632,probe_leg_same_exit(approx),MOMENTUM_INTRADAY_TRIGGER,OPEN,,,,,
MOM_2880_2026-07-20,-0.5922675555332548,-0.13267,probe_leg_same_exit(approx),MOMENTUM_INTRADAY_TRIGGER,OPEN,,,,,
MOM_2882_2025-05-23,-0.4576402357095301,-0.0461324,probe_leg_same_exit(approx),MOMENTUM_INTRADAY_TRIGGER,OPEN,,,,,
MOM_2882_2026-09-01,-0.5211459269892451,0.02240176,probe_leg_same_exit(approx),MOMENTUM_INTRADAY_TRIGGER,OPEN,,,,,
MOM_2883_2026-09-01,-0.4776216595108587,0.0490944,probe_leg_same_exit(approx),MOMENTUM_INTRADAY_TRIGGER,OPEN,,,,,
MOM_2884_2026-07-21,-0.6841453701478364,0.002985284,probe_leg_same_exit(approx),MOMENTUM_INTRADAY_TRIGGER,OPEN,,,,,
MOM_2886_2025-04-09,-0.4885942207171828,-0.001878528,probe_leg_same_exit(approx),MOMENTUM_INTRADAY_TRIGGER,OPEN,,,,,
MOM_2886_2026-07-31,-0.5354660808039444,-0.02682576,probe_leg_same_exit(approx),MOMENTUM_INTRADAY_TRIGGER,OPEN,,,,,
MOM_2905_2025-12-02,-0.48407450189719786,-0.225912,probe_leg_same_exit(approx),MOMENTUM_INTRADAY_TRIGGER,OPEN,,,,,
MOM_2915_2026-08-20,-0.7691114581851455,-0.0622324,probe_leg_same_exit(approx),MOMENTUM_INTRADAY_TRIGGER,OPEN,,,,,
MOM_3005_2025-05-21,-0.5204297960979718,-0.02163272,probe_leg_same_exit(approx),MOMENTUM_INTRADAY_TRIGGER,OPEN,,,,,
MOM_3006_2025-09-16,-0.2265837445270364,0.39699,probe_leg_same_exit(approx),MOMENTUM_INTRADAY_TRIGGER,OPEN,,,,,
MOM_3010_2025-06-02,-0.5375940050145149,-0.02345904,probe_leg_same_exit(approx),MOMENTUM_INTRADAY_TRIGGER,OPEN,,,,,
MOM_3013_2025-05-21,-0.1861506457597914,-0.0504624,probe_leg_same_exit(approx),MOMENTUM_INTRADAY_TRIGGER,OPEN,,,,,
MOM_3015_2025-01-13,-0.5357779160552767,0.0509264,probe_leg_same_exit(approx),MOMENTUM_INTRADAY_TRIGGER,OPEN,,,,,
MOM_3017_2025-07-09,-0.11078949169820046,0.646644,probe_leg_same_exit(approx),MOMENTUM_INTRADAY_TRIGGER,OPEN,,,,,
MOM_3017_2026-02-03,-0.3069151457375206,-0.0190838,probe_leg_same_exit(approx),MOMENTUM_INTRADAY_TRIGGER,OPEN,,,,,
MOM_3019_2025-08-11,-0.32478055422252955,-0.1938772,probe_leg_same_exit(approx),MOMENTUM_INTRADAY_TRIGGER,OPEN,,,,,
MOM_3022_2026-07-27,0.07741509637229277,-0.0919464,probe_leg_same_exit(approx),MOMENTUM_INTRADAY_TRIGGER,OPEN,,,,,
MOM_3030_2025-06-27,-0.5494835899020236,-0.0526404,probe_leg_same_exit(approx),MOMENTUM_INTRADAY_TRIGGER,OPEN,,,,,
MOM_3034_2025-02-04,-0.59874706620897,-0.00577884,probe_leg_same_exit(approx),MOMENTUM_INTRADAY_TRIGGER,OPEN,,,,,
MOM_3034_2026-07-27,-0.6593114220964136,0.029456,probe_leg_same_exit(approx),MOMENTUM_INTRADAY_TRIGGER,OPEN,,,,,
MOM_3036_2026-03-16,-0.5355824071192443,-0.00947632,probe_leg_same_exit(approx),MOMENTUM_INTRADAY_TRIGGER,OPEN,,,,,
MOM_3044_2025-06-24,-0.4849699670179051,-0.00539084,probe_leg_same_exit(approx),MOMENTUM_INTRADAY_TRIGGER,OPEN,,,,,
MOM_3045_2026-07-29,-0.50507509732726,-0.01818484,probe_leg_same_exit(approx),MOMENTUM_INTRADAY_TRIGGER,OPEN,,,,,
MOM_3056_2025-03-28,-0.8281734347728915,-0.100724,probe_leg_same_exit(approx),MOMENTUM_INTRADAY_TRIGGER,OPEN,,,,,
MOM_3086_2025-03-17,9.287628776460336,-0.0511896,probe_leg_same_exit(approx),MOMENTUM_INTRADAY_TRIGGER,OPEN,,,,,
MOM_3086_2026-03-25,9.01389821630205,0.02030692,probe_leg_same_exit(approx),MOMENTUM_INTRADAY_TRIGGER,OPEN,,,,,
MOM_3105_2025-02-21,-0.2906238375518459,-0.0555544,probe_leg_same_exit(approx),MOMENTUM_INTRADAY_TRIGGER,OPEN,,,,,
MOM_3105_2025-03-24,-0.26493533734280367,-0.02933176,probe_leg_same_exit(approx),MOMENTUM_INTRADAY_TRIGGER,OPEN,,,,,
MOM_3147_2025-04-23,-0.482127013017388,-0.3350544,probe_leg_same_exit(approx),MOMENTUM_INTRADAY_TRIGGER,OPEN,,,,,
MOM_3149_2025-10-09,0.7361170878168972,-0.1194288,probe_leg_same_exit(approx),MOMENTUM_INTRADAY_TRIGGER,OPEN,,,,,
MOM_3163_2025-01-02,-0.37312966477978,-0.420448,probe_leg_same_exit(approx),MOMENTUM_INTRADAY_TRIGGER,OPEN,,,,,
MOM_3207_2025-02-13,-0.23763938344076757,-0.03493204,probe_leg_same_exit(approx),MOMENTUM_INTRADAY_TRIGGER,OPEN,,,,,
MOM_3211_2025-07-09,-0.6853382865911823,-0.0663868,probe_leg_same_exit(approx),MOMENTUM_INTRADAY_TRIGGER,OPEN,,,,,
MOM_3213_2026-06-12,-0.6254608433744697,-0.02407592,probe_leg_same_exit(approx),MOMENTUM_INTRADAY_TRIGGER,OPEN,,,,,
MOM_3231_2025-04-21,-0.48954536582391167,-0.01897652,probe_leg_same_exit(approx),MOMENTUM_INTRADAY_TRIGGER,OPEN,,,,,
MOM_3260_2025-09-22,-0.30762913408557474,0.2580796,probe_leg_same_exit(approx),MOMENTUM_INTRADAY_TRIGGER,OPEN,,,,,
MOM_3284_2026-07-03,-0.4019858008381743,-0.03175008,probe_leg_same_exit(approx),MOMENTUM_INTRADAY_TRIGGER,OPEN,,,,,
MOM_3293_2026-03-30,-0.972606540196708,-0.0697968,probe_leg_same_exit(approx),MOMENTUM_INTRADAY_TRIGGER,OPEN,,,,,
MOM_3293_2026-07-29,-0.972298398575284,0.03121112,probe_leg_same_exit(approx),MOMENTUM_INTRADAY_TRIGGER,OPEN,,,,,
MOM_3303_2025-02-25,-0.5371236609531785,-0.1493064,probe_leg_same_exit(approx),MOMENTUM_INTRADAY_TRIGGER,OPEN,,,,,
MOM_3317_2025-10-31,-0.6470605133494327,-0.0671552,probe_leg_same_exit(approx),MOMENTUM_INTRADAY_TRIGGER,OPEN,,,,,
MOM_3374_2025-01-13,-0.1970443298143097,-0.0695044,probe_leg_same_exit(approx),MOMENTUM_INTRADAY_TRIGGER,OPEN,,,,,
MOM_3406_2025-06-23,-0.2398279911590187,-0.01667032,probe_leg_same_exit(approx),MOMENTUM_INTRADAY_TRIGGER,OPEN,,,,,
MOM_3416_2025-07-07,-0.3499276833992328,0.842912,probe_leg_same_exit(approx),MOMENTUM_INTRADAY_TRIGGER,OPEN,,,,,
MOM_3430_2025-09-25,1.3933444606840364,-0.00827348,probe_leg_same_exit(approx),MOMENTUM_INTRADAY_TRIGGER,OPEN,,,,,
MOM_3447_2025-03-05,1.1903597783779565,-0.0684528,probe_leg_same_exit(approx),MOMENTUM_INTRADAY_TRIGGER,OPEN,,,,,
MOM_3481_2025-03-20,-0.15795837950084596,-0.03361668,probe_leg_same_exit(approx),MOMENTUM_INTRADAY_TRIGGER,OPEN,,,,,
MOM_3484_2025-03-05,-0.47411367977984137,-0.0400232,probe_leg_same_exit(approx),MOMENTUM_INTRADAY_TRIGGER,OPEN,,,,,
MOM_3491_2025-03-10,-0.4241221142985068,-0.0647484,probe_leg_same_exit(approx),MOMENTUM_INTRADAY_TRIGGER,OPEN,,,,,
MOM_3491_2026-01-22,-0.19007290174153152,1.00076,probe_leg_same_exit(approx),MOMENTUM_INTRADAY_TRIGGER,OPEN,,,,,
MOM_3526_2025-03-03,-0.2292280159349867,-0.0532256,probe_leg_same_exit(approx),MOMENTUM_INTRADAY_TRIGGER,OPEN,,,,,
MOM_3543_2026-08-20,-0.21148886813052353,-0.0930544,probe_leg_same_exit(approx),MOMENTUM_INTRADAY_TRIGGER,OPEN,,,,,
MOM_3546_2025-06-23,-0.7019273414155487,-0.0421028,probe_leg_same_exit(approx),MOMENTUM_INTRADAY_TRIGGER,OPEN,,,,,
MOM_3558_2025-03-04,-0.4607925156939772,-0.00537396,probe_leg_same_exit(approx),MOMENTUM_INTRADAY_TRIGGER,OPEN,,,,,
MOM_3563_2025-02-25,-0.34555587676461413,0.531368,probe_leg_same_exit(approx),MOMENTUM_INTRADAY_TRIGGER,OPEN,,,,,
MOM_3577_2025-03-04,-0.5720857953673446,-0.0526404,probe_leg_same_exit(approx),MOMENTUM_INTRADAY_TRIGGER,OPEN,,,,,
MOM_3587_2025-09-18,-0.41948707177280037,-0.0259052,probe_leg_same_exit(approx),MOMENTUM_INTRADAY_TRIGGER,OPEN,,,,,
MOM_3591_2025-03-28,-0.2917926754007522,-0.067986,probe_leg_same_exit(approx),MOMENTUM_INTRADAY_TRIGGER,OPEN,,,,,
MOM_3596_2025-03-07,-0.5193034844293499,-0.0842264,probe_leg_same_exit(approx),MOMENTUM_INTRADAY_TRIGGER,OPEN,,,,,
MOM_3605_2025-06-17,-0.3091286933710126,-0.0651932,probe_leg_same_exit(approx),MOMENTUM_INTRADAY_TRIGGER,OPEN,,,,,
MOM_3609_2025-02-11,-0.1338192781370527,-0.430132,probe_leg_same_exit(approx),MOMENTUM_INTRADAY_TRIGGER,OPEN,,,,,
MOM_3653_2025-06-16,-0.37154607623186137,-0.0490552,probe_leg_same_exit(approx),MOMENTUM_INTRADAY_TRIGGER,OPEN,,,,,
MOM_3653_2025-11-25,-0.3556632477106623,-0.2288248,probe_leg_same_exit(approx),MOMENTUM_INTRADAY_TRIGGER,OPEN,,,,,
MOM_3653_2026-09-01,-0.3971618794541267,-0.0617704,probe_leg_same_exit(approx),MOMENTUM_INTRADAY_TRIGGER,OPEN,,,,,
MOM_3661_2025-03-31,-0.12891395424650148,-0.0285348,probe_leg_same_exit(approx),MOMENTUM_INTRADAY_TRIGGER,OPEN,,,,,
MOM_3663_2025-06-17,-0.31572390423749325,-0.0411252,probe_leg_same_exit(approx),MOMENTUM_INTRADAY_TRIGGER,OPEN,,,,,
MOM_3665_2025-02-11,-0.33776046843437973,-0.00497052,probe_leg_same_exit(approx),MOMENTUM_INTRADAY_TRIGGER,OPEN,,,,,
MOM_3665_2025-05-09,-0.33850157057769287,-0.0062106,probe_leg_same_exit(approx),MOMENTUM_INTRADAY_TRIGGER,OPEN,,,,,
MOM_3665_2025-06-24,-0.33110914613857395,0.061218,probe_leg_same_exit(approx),MOMENTUM_INTRADAY_TRIGGER,OPEN,,,,,
MOM_3665_2026-03-31,-0.3959320515173607,-0.062708,probe_leg_same_exit(approx),MOMENTUM_INTRADAY_TRIGGER,OPEN,,,,,
MOM_3665_2026-04-30,-0.40570159420415847,-0.06523,probe_leg_same_exit(approx),MOMENTUM_INTRADAY_TRIGGER,OPEN,,,,,
MOM_3689_2025-06-09,-0.38572314178148787,-0.01047008,probe_leg_same_exit(approx),MOMENTUM_INTRADAY_TRIGGER,OPEN,,,,,
MOM_3701_2025-12-18,-0.12939492894104948,-0.0616604,probe_leg_same_exit(approx),MOMENTUM_INTRADAY_TRIGGER,OPEN,,,,,
MOM_3706_2025-05-27,-0.6532076993047464,-0.0488096,probe_leg_same_exit(approx),MOMENTUM_INTRADAY_TRIGGER,OPEN,,,,,
MOM_3708_2025-04-25,-0.3836942490171246,0.00923008,probe_leg_same_exit(approx),MOMENTUM_INTRADAY_TRIGGER,OPEN,,,,,
MOM_3708_2025-11-03,-0.4662013372313473,-0.2629876,probe_leg_same_exit(approx),MOMENTUM_INTRADAY_TRIGGER,OPEN,,,,,
MOM_3712_2025-10-20,-0.512279858066256,-0.03108596,probe_leg_same_exit(approx),MOMENTUM_INTRADAY_TRIGGER,OPEN,,,,,
MOM_3715_2025-07-25,0.18163743079427558,1.055724,probe_leg_same_exit(approx),MOMENTUM_INTRADAY_TRIGGER,OPEN,,,,,
MOM_4129_2025-11-06,-0.3603252646395237,-0.03651684,probe_leg_same_exit(approx),MOMENTUM_INTRADAY_TRIGGER,OPEN,,,,,
MOM_4162_2025-01-09,-0.25551498444042137,-0.01742648,probe_leg_same_exit(approx),MOMENTUM_INTRADAY_TRIGGER,OPEN,,,,,
MOM_4303_2025-03-11,-0.37785147587980533,-0.406228,probe_leg_same_exit(approx),MOMENTUM_INTRADAY_TRIGGER,OPEN,,,,,
MOM_4306_2026-06-12,-0.576838766273565,-0.00637392,probe_leg_same_exit(approx),MOMENTUM_INTRADAY_TRIGGER,OPEN,,,,,
MOM_4510_2025-05-07,-0.2343043369444649,-0.40496,probe_leg_same_exit(approx),MOMENTUM_INTRADAY_TRIGGER,OPEN,,,,,
MOM_4526_2025-07-22,0.17773512816632814,0.330114,probe_leg_same_exit(approx),MOMENTUM_INTRADAY_TRIGGER,OPEN,,,,,
MOM_4532_2025-03-04,-0.44540730814548907,-0.496636,probe_leg_same_exit(approx),MOMENTUM_INTRADAY_TRIGGER,OPEN,,,,,
MOM_4534_2026-07-14,-0.0991773910294716,-0.788968,probe_leg_same_exit(approx),MOMENTUM_INTRADAY_TRIGGER,OPEN,,,,,
MOM_4536_2025-03-03,-0.39926110314111224,-0.00492232,probe_leg_same_exit(approx),MOMENTUM_INTRADAY_TRIGGER,OPEN,,,,,
MOM_4551_2025-07-08,-0.3075563693203455,-0.047956,probe_leg_same_exit(approx),MOMENTUM_INTRADAY_TRIGGER,OPEN,,,,,
MOM_4569_2025-03-14,-0.11196279441083185,-0.02540316,probe_leg_same_exit(approx),MOMENTUM_INTRADAY_TRIGGER,OPEN,,,,,
MOM_4577_2026-02-10,-0.5197645678194605,-0.0457972,probe_leg_same_exit(approx),MOMENTUM_INTRADAY_TRIGGER,OPEN,,,,,
MOM_4707_2026-08-19,-0.6526182490628344,-0.02809084,probe_leg_same_exit(approx),MOMENTUM_INTRADAY_TRIGGER,OPEN,,,,,
MOM_4760_2025-11-19,-0.4143086746912989,-0.04133,probe_leg_same_exit(approx),MOMENTUM_INTRADAY_TRIGGER,OPEN,,,,,
MOM_4763_2026-07-27,-1.0024723153240624,-0.0469024,probe_leg_same_exit(approx),MOMENTUM_INTRADAY_TRIGGER,OPEN,,,,,
MOM_4766_2025-03-20,-0.49942273836059886,-0.1488628,probe_leg_same_exit(approx),MOMENTUM_INTRADAY_TRIGGER,OPEN,,,,,
MOM_4768_2025-07-29,9.89105013576214,-0.02578188,probe_leg_same_exit(approx),MOMENTUM_INTRADAY_TRIGGER,OPEN,,,,,
MOM_4771_2026-09-01,-0.21529758700132345,-0.0503684,probe_leg_same_exit(approx),MOMENTUM_INTRADAY_TRIGGER,OPEN,,,,,
MOM_4904_2026-06-12,-0.4601634633622455,0.00418572,probe_leg_same_exit(approx),MOMENTUM_INTRADAY_TRIGGER,OPEN,,,,,
MOM_4915_2025-01-16,-0.4654814301038028,-0.01561212,probe_leg_same_exit(approx),MOMENTUM_INTRADAY_TRIGGER,OPEN,,,,,
MOM_4927_2025-12-16,-0.41309480702625084,-0.0723248,probe_leg_same_exit(approx),MOMENTUM_INTRADAY_TRIGGER,OPEN,,,,,
MOM_4931_2025-01-02,1.1330153132367033,-0.0646304,probe_leg_same_exit(approx),MOMENTUM_INTRADAY_TRIGGER,OPEN,,,,,
MOM_4946_2025-09-18,27.896085058612172,-0.0496252,probe_leg_same_exit(approx),MOMENTUM_INTRADAY_TRIGGER,OPEN,,,,,
MOM_4958_2025-07-09,-0.3843285813570824,0.1100244,probe_leg_same_exit(approx),MOMENTUM_INTRADAY_TRIGGER,OPEN,,,,,
MOM_4967_2026-02-02,-0.25505259297190735,-0.01768108,probe_leg_same_exit(approx),MOMENTUM_INTRADAY_TRIGGER,OPEN,,,,,
MOM_4979_2025-01-09,-0.14475680199178448,-0.069282,probe_leg_same_exit(approx),MOMENTUM_INTRADAY_TRIGGER,OPEN,,,,,
MOM_5243_2025-09-26,-0.3960812340745729,-0.0772508,probe_leg_same_exit(approx),MOMENTUM_INTRADAY_TRIGGER,OPEN,,,,,
MOM_5258_2025-07-14,-0.30847127803498214,-0.0418332,probe_leg_same_exit(approx),MOMENTUM_INTRADAY_TRIGGER,OPEN,,,,,
MOM_5269_2026-07-29,-0.32244384809063636,-0.091074,probe_leg_same_exit(approx),MOMENTUM_INTRADAY_TRIGGER,OPEN,,,,,
MOM_5274_2025-06-06,-0.2075046282015282,0.1552516,probe_leg_same_exit(approx),MOMENTUM_INTRADAY_TRIGGER,OPEN,,,,,
MOM_5285_2026-05-19,-0.3561442969085861,0.1837836,probe_leg_same_exit(approx),MOMENTUM_INTRADAY_TRIGGER,OPEN,,,,,
MOM_5299_2026-08-05,-0.5731360046081599,-0.0588904,probe_leg_same_exit(approx),MOMENTUM_INTRADAY_TRIGGER,OPEN,,,,,
MOM_5328_2025-11-24,-0.22022338281639536,-0.0861908,probe_leg_same_exit(approx),MOMENTUM_INTRADAY_TRIGGER,OPEN,,,,,
MOM_5371_2025-07-22,-0.17252125510407118,2.772516,probe_leg_same_exit(approx),MOMENTUM_INTRADAY_TRIGGER,OPEN,,,,,
MOM_5432_2025-10-29,-0.17101977519918848,-0.047004,probe_leg_same_exit(approx),MOMENTUM_INTRADAY_TRIGGER,OPEN,,,,,
MOM_5432_2026-06-29,-0.1408995149086219,-0.01248472,probe_leg_same_exit(approx),MOMENTUM_INTRADAY_TRIGGER,OPEN,,,,,
MOM_5439_2025-05-09,-0.3440660543551172,0.2484648,probe_leg_same_exit(approx),MOMENTUM_INTRADAY_TRIGGER,OPEN,,,,,
MOM_5490_2025-07-09,-0.38078418682087184,-0.0412852,probe_leg_same_exit(approx),MOMENTUM_INTRADAY_TRIGGER,OPEN,,,,,
MOM_5498_2025-08-07,0.058698280435594614,0.617388,probe_leg_same_exit(approx),MOMENTUM_INTRADAY_TRIGGER,OPEN,,,,,
MOM_5515_2026-01-12,-0.5013361384647712,-0.0980508,probe_leg_same_exit(approx),MOMENTUM_INTRADAY_TRIGGER,OPEN,,,,,
MOM_5522_2025-11-25,-0.6393412039129612,-0.00607056,probe_leg_same_exit(approx),MOMENTUM_INTRADAY_TRIGGER,OPEN,,,,,
MOM_5608_2025-03-05,0.40110440413604115,-0.03655196,probe_leg_same_exit(approx),MOMENTUM_INTRADAY_TRIGGER,OPEN,,,,,
MOM_5871_2025-01-03,-0.5650231067218727,-0.03015908,probe_leg_same_exit(approx),MOMENTUM_INTRADAY_TRIGGER,OPEN,,,,,
MOM_5876_2025-01-16,-0.41017970410932575,0.0401624,probe_leg_same_exit(approx),MOMENTUM_INTRADAY_TRIGGER,OPEN,,,,,
MOM_5876_2026-07-15,-0.48078804203639,-0.1249216,probe_leg_same_exit(approx),MOMENTUM_INTRADAY_TRIGGER,OPEN,,,,,
MOM_5880_2026-07-30,-0.5855882844746283,0.00573864,probe_leg_same_exit(approx),MOMENTUM_INTRADAY_TRIGGER,OPEN,,,,,
MOM_5903_2025-04-23,-0.29010576257377646,-0.00706668,probe_leg_same_exit(approx),MOMENTUM_INTRADAY_TRIGGER,OPEN,,,,,
MOM_5904_2025-05-06,-0.44898405885105125,-0.0249884,probe_leg_same_exit(approx),MOMENTUM_INTRADAY_TRIGGER,OPEN,,,,,
MOM_6005_2025-01-14,-0.5792995008093724,-0.054196,probe_leg_same_exit(approx),MOMENTUM_INTRADAY_TRIGGER,OPEN,,,,,
MOM_6005_2025-04-22,-0.5495807217282853,0.01206316,probe_leg_same_exit(approx),MOMENTUM_INTRADAY_TRIGGER,OPEN,,,,,
MOM_6005_2026-07-28,-0.6259228085394273,-0.03075004,probe_leg_same_exit(approx),MOMENTUM_INTRADAY_TRIGGER,OPEN,,,,,
MOM_6117_2025-05-21,-0.024212839254985904,-0.34009,probe_leg_same_exit(approx),MOMENTUM_INTRADAY_TRIGGER,OPEN,,,,,
MOM_6133_2025-12-05,-0.23311705365009333,-0.0511676,probe_leg_same_exit(approx),MOMENTUM_INTRADAY_TRIGGER,OPEN,,,,,
MOM_6139_2025-06-06,-0.4372272666977404,-0.03161996,probe_leg_same_exit(approx),MOMENTUM_INTRADAY_TRIGGER,OPEN,,,,,
MOM_6139_2025-10-09,-0.3807705972260876,0.1568012,probe_leg_same_exit(approx),MOMENTUM_INTRADAY_TRIGGER,OPEN,,,,,
MOM_6146_2025-05-20,-0.48109935537778475,-0.01752584,probe_leg_same_exit(approx),MOMENTUM_INTRADAY_TRIGGER,OPEN,,,,,
MOM_6156_2025-05-27,-0.3167392886191844,-0.043016,probe_leg_same_exit(approx),MOMENTUM_INTRADAY_TRIGGER,OPEN,,,,,
MOM_6165_2025-03-25,-0.0949493852537589,-0.0811712,probe_leg_same_exit(approx),MOMENTUM_INTRADAY_TRIGGER,OPEN,,,,,
MOM_6165_2025-06-20,-0.10268638177959782,-0.0901392,probe_leg_same_exit(approx),MOMENTUM_INTRADAY_TRIGGER,OPEN,,,,,
MOM_6166_2025-03-31,-0.22619235440324276,-0.0231384,probe_leg_same_exit(approx),MOMENTUM_INTRADAY_TRIGGER,OPEN,,,,,
MOM_6173_2025-09-18,-0.16181566336668224,0.443044,probe_leg_same_exit(approx),MOMENTUM_INTRADAY_TRIGGER,OPEN,,,,,
MOM_6176_2025-03-31,-0.584128537267103,-0.02825848,probe_leg_same_exit(approx),MOMENTUM_INTRADAY_TRIGGER,OPEN,,,,,
MOM_6177_2026-07-27,-0.7488994358279348,-0.0309252,probe_leg_same_exit(approx),MOMENTUM_INTRADAY_TRIGGER,OPEN,,,,,
MOM_6186_2025-08-15,-0.7093099429169076,-0.03197544,probe_leg_same_exit(approx),MOMENTUM_INTRADAY_TRIGGER,OPEN,,,,,
MOM_6186_2025-09-16,-0.7848729993050843,-0.03956036,probe_leg_same_exit(approx),MOMENTUM_INTRADAY_TRIGGER,OPEN,,,,,
MOM_6213_2025-05-21,-0.37961892105504963,0.0858012,probe_leg_same_exit(approx),MOMENTUM_INTRADAY_TRIGGER,OPEN,,,,,
MOM_6223_2025-03-27,-0.3446335613726645,-0.03510504,probe_leg_same_exit(approx),MOMENTUM_INTRADAY_TRIGGER,OPEN,,,,,
MOM_6223_2025-07-15,-0.35173608179328003,-0.01875456,probe_leg_same_exit(approx),MOMENTUM_INTRADAY_TRIGGER,OPEN,,,,,
MOM_6223_2025-09-01,-0.14283147014307412,0.692392,probe_leg_same_exit(approx),MOMENTUM_INTRADAY_TRIGGER,OPEN,,,,,
MOM_6227_2026-07-28,-0.577155507164372,-0.0484936,probe_leg_same_exit(approx),MOMENTUM_INTRADAY_TRIGGER,OPEN,,,,,
MOM_6244_2025-03-17,1.0329097429648983,-0.03520692,probe_leg_same_exit(approx),MOMENTUM_INTRADAY_TRIGGER,OPEN,,,,,
MOM_6257_2025-03-05,-0.548946269689786,-0.0520584,probe_leg_same_exit(approx),MOMENTUM_INTRADAY_TRIGGER,OPEN,,,,,
MOM_6257_2025-11-03,-0.6068248855356626,-0.0872512,probe_leg_same_exit(approx),MOMENTUM_INTRADAY_TRIGGER,OPEN,,,,,
MOM_6257_2026-03-31,-0.4119513272802104,0.779932,probe_leg_same_exit(approx),MOMENTUM_INTRADAY_TRIGGER,OPEN,,,,,
MOM_6265_2025-12-26,0.6200543780690719,1.35088,probe_leg_same_exit(approx),MOMENTUM_INTRADAY_TRIGGER,OPEN,,,,,
MOM_6278_2025-07-09,-0.4792792278619716,-0.03838812,probe_leg_same_exit(approx),MOMENTUM_INTRADAY_TRIGGER,OPEN,,,,,
MOM_6282_2025-10-20,-0.39387621101260445,-0.2490512,probe_leg_same_exit(approx),MOMENTUM_INTRADAY_TRIGGER,OPEN,,,,,
MOM_6284_2025-11-03,-0.2997446878006284,-0.0612536,probe_leg_same_exit(approx),MOMENTUM_INTRADAY_TRIGGER,OPEN,,,,,
MOM_6290_2025-05-16,-0.4206328958481625,-0.2274476,probe_leg_same_exit(approx),MOMENTUM_INTRADAY_TRIGGER,OPEN,,,,,
MOM_6290_2025-11-03,-0.4971322461424263,-0.405136,probe_leg_same_exit(approx),MOMENTUM_INTRADAY_TRIGGER,OPEN,,,,,
MOM_6409_2025-10-20,-0.40266531481668205,0.01318976,probe_leg_same_exit(approx),MOMENTUM_INTRADAY_TRIGGER,OPEN,,,,,
MOM_6412_2025-01-09,-0.4962028344224602,-0.0929044,probe_leg_same_exit(approx),MOMENTUM_INTRADAY_TRIGGER,OPEN,,,,,
MOM_6415_2025-02-20,-0.9447771227316454,-0.00072194,probe_leg_same_exit(approx),MOMENTUM_INTRADAY_TRIGGER,OPEN,,,,,
MOM_6415_2025-03-20,-0.9493945321918149,-0.0517912,probe_leg_same_exit(approx),MOMENTUM_INTRADAY_TRIGGER,OPEN,,,,,
MOM_6435_2026-05-04,-0.49034658533592107,0.2075336,probe_leg_same_exit(approx),MOMENTUM_INTRADAY_TRIGGER,OPEN,,,,,
MOM_6442_2026-08-18,-0.47136861570813143,-0.111762,probe_leg_same_exit(approx),MOMENTUM_INTRADAY_TRIGGER,OPEN,,,,,
MOM_6443_2025-07-23,0.8292435847099284,-0.02513516,probe_leg_same_exit(approx),MOMENTUM_INTRADAY_TRIGGER,OPEN,,,,,
MOM_6446_2026-08-17,-0.43521509145170706,-0.0688448,probe_leg_same_exit(approx),MOMENTUM_INTRADAY_TRIGGER,OPEN,,,,,
MOM_6491_2026-07-03,-0.2551231888750653,-0.3475708,probe_leg_same_exit(approx),MOMENTUM_INTRADAY_TRIGGER,OPEN,,,,,
MOM_6491_2026-09-01,-0.30879344352815535,-0.03860104,probe_leg_same_exit(approx),MOMENTUM_INTRADAY_TRIGGER,OPEN,,,,,
MOM_6505_2025-02-26,-0.3165386125310709,-0.0489896,probe_leg_same_exit(approx),MOMENTUM_INTRADAY_TRIGGER,OPEN,,,,,
MOM_6505_2025-10-20,-0.22159768830848986,0.3567696,probe_leg_same_exit(approx),MOMENTUM_INTRADAY_TRIGGER,OPEN,,,,,
MOM_6515_2025-07-07,-0.4821554579514094,-0.03610216,probe_leg_same_exit(approx),MOMENTUM_INTRADAY_TRIGGER,OPEN,,,,,
MOM_6515_2026-02-23,-0.5132660659456266,-0.093642,probe_leg_same_exit(approx),MOMENTUM_INTRADAY_TRIGGER,OPEN,,,,,
MOM_6541_2026-01-30,5.996336924422194,-0.0705148,probe_leg_same_exit(approx),MOMENTUM_INTRADAY_TRIGGER,OPEN,,,,,
MOM_6585_2025-02-13,0.3502947153180271,-0.0513876,probe_leg_same_exit(approx),MOMENTUM_INTRADAY_TRIGGER,OPEN,,,,,
MOM_6589_2025-01-14,-0.387515348339974,-0.03476992,probe_leg_same_exit(approx),MOMENTUM_INTRADAY_TRIGGER,OPEN,,,,,
MOM_6591_2025-08-15,-0.46060108459187504,0.3872244,probe_leg_same_exit(approx),MOMENTUM_INTRADAY_TRIGGER,OPEN,,,,,
MOM_6596_2025-01-03,-0.5835094218253969,-0.0655712,probe_leg_same_exit(approx),MOMENTUM_INTRADAY_TRIGGER,OPEN,,,,,
MOM_6596_2025-06-13,-0.6223820172493935,-0.00947632,probe_leg_same_exit(approx),MOMENTUM_INTRADAY_TRIGGER,OPEN,,,,,
MOM_6603_2026-07-29,-0.284105413601698,0.002226316,probe_leg_same_exit(approx),MOMENTUM_INTRADAY_TRIGGER,OPEN,,,,,
MOM_6613_2026-02-03,-0.9244364492570583,-0.0953004,probe_leg_same_exit(approx),MOMENTUM_INTRADAY_TRIGGER,OPEN,,,,,
MOM_6625_2025-05-16,-0.48091169098868164,-0.02289216,probe_leg_same_exit(approx),MOMENTUM_INTRADAY_TRIGGER,OPEN,,,,,
MOM_6668_2025-06-06,-0.1474501960488231,0.0001622704,probe_leg_same_exit(approx),MOMENTUM_INTRADAY_TRIGGER,OPEN,,,,,
MOM_6669_2025-05-07,-0.2459097165406539,0.463128,probe_leg_same_exit(approx),MOMENTUM_INTRADAY_TRIGGER,OPEN,,,,,
MOM_6670_2026-07-28,-0.6341563911716658,-0.0567512,probe_leg_same_exit(approx),MOMENTUM_INTRADAY_TRIGGER,OPEN,,,,,
MOM_6670_2026-09-01,-0.6305170236802413,-0.0491184,probe_leg_same_exit(approx),MOMENTUM_INTRADAY_TRIGGER,OPEN,,,,,
MOM_6691_2025-06-24,-0.8920434230801899,-0.048084,probe_leg_same_exit(approx),MOMENTUM_INTRADAY_TRIGGER,OPEN,,,,,
MOM_6712_2025-11-25,4.064820433768424,-0.01237068,probe_leg_same_exit(approx),MOMENTUM_INTRADAY_TRIGGER,OPEN,,,,,
MOM_6739_2025-12-10,1.5041271200427266,-0.0528068,probe_leg_same_exit(approx),MOMENTUM_INTRADAY_TRIGGER,OPEN,,,,,
MOM_6753_2025-02-04,0.03035415570439021,-0.00494308,probe_leg_same_exit(approx),MOMENTUM_INTRADAY_TRIGGER,OPEN,,,,,
MOM_6763_2025-07-03,-0.9883942221158009,-0.0824744,probe_leg_same_exit(approx),MOMENTUM_INTRADAY_TRIGGER,OPEN,,,,,
MOM_6781_2025-11-19,-0.19397491447594245,-0.059472,probe_leg_same_exit(approx),MOMENTUM_INTRADAY_TRIGGER,OPEN,,,,,
MOM_6782_2025-02-20,0.22611498129112023,-0.0579664,probe_leg_same_exit(approx),MOMENTUM_INTRADAY_TRIGGER,OPEN,,,,,
MOM_6788_2025-07-01,0.3758959487221482,0.02234768,probe_leg_same_exit(approx),MOMENTUM_INTRADAY_TRIGGER,OPEN,,,,,
MOM_6788_2025-12-19,0.5432983103050057,0.2581776,probe_leg_same_exit(approx),MOMENTUM_INTRADAY_TRIGGER,OPEN,,,,,
MOM_6791_2025-09-01,-0.3843821410981359,-0.0461224,probe_leg_same_exit(approx),MOMENTUM_INTRADAY_TRIGGER,OPEN,,,,,
MOM_6805_2025-05-21,3.5800843492429966,0.003939552,probe_leg_same_exit(approx),MOMENTUM_INTRADAY_TRIGGER,OPEN,,,,,
MOM_6805_2025-11-03,3.19280475117223,-0.0636892,probe_leg_same_exit(approx),MOMENTUM_INTRADAY_TRIGGER,OPEN,,,,,
MOM_6869_2025-03-17,-0.41636649884366,-0.02878024,probe_leg_same_exit(approx),MOMENTUM_INTRADAY_TRIGGER,OPEN,,,,,
MOM_6877_2025-03-05,0.1267458712862361,-0.408492,probe_leg_same_exit(approx),MOMENTUM_INTRADAY_TRIGGER,OPEN,,,,,
MOM_6877_2026-04-29,-0.13525614013039083,-0.0646304,probe_leg_same_exit(approx),MOMENTUM_INTRADAY_TRIGGER,OPEN,,,,,
MOM_6890_2025-01-13,-0.012497620839403586,-0.3568464,probe_leg_same_exit(approx),MOMENTUM_INTRADAY_TRIGGER,OPEN,,,,,
MOM_6919_2025-01-16,0.9726228480497474,-0.0464168,probe_leg_same_exit(approx),MOMENTUM_INTRADAY_TRIGGER,OPEN,,,,,
MOM_6919_2025-03-05,0.9368868084268169,-0.0607748,probe_leg_same_exit(approx),MOMENTUM_INTRADAY_TRIGGER,OPEN,,,,,
MOM_6919_2025-06-06,1.4775686387438467,0.3707848,probe_leg_same_exit(approx),MOMENTUM_INTRADAY_TRIGGER,OPEN,,,,,
MOM_6919_2025-12-10,-0.9845071345827858,-0.03269908,probe_leg_same_exit(approx),MOMENTUM_INTRADAY_TRIGGER,OPEN,,,,,
MOM_6923_2025-09-22,-0.16380098053979347,-0.0528288,probe_leg_same_exit(approx),MOMENTUM_INTRADAY_TRIGGER,OPEN,,,,,
MOM_6937_2025-09-16,0.35889931297766203,-0.0467984,probe_leg_same_exit(approx),MOMENTUM_INTRADAY_TRIGGER,OPEN,,,,,
MOM_6944_2025-08-20,-0.3284429742773474,0.0694216,probe_leg_same_exit(approx),MOMENTUM_INTRADAY_TRIGGER,OPEN,,,,,
MOM_7740_2026-07-21,1.0086155587038637,-0.00642164,probe_leg_same_exit(approx),MOMENTUM_INTRADAY_TRIGGER,OPEN,,,,,
MOM_7750_2026-02-03,-0.36421023012199555,0.780384,probe_leg_same_exit(approx),MOMENTUM_INTRADAY_TRIGGER,OPEN,,,,,
MOM_7769_2026-02-04,-0.036036420479675306,-0.03168304,probe_leg_same_exit(approx),MOMENTUM_INTRADAY_TRIGGER,OPEN,,,,,
MOM_7799_2025-12-12,3.346844009989785,-0.0664388,probe_leg_same_exit(approx),MOMENTUM_INTRADAY_TRIGGER,OPEN,,,,,
MOM_7799_2026-02-23,3.8146257085879407,-0.279842,probe_leg_same_exit(approx),MOMENTUM_INTRADAY_TRIGGER,OPEN,,,,,
MOM_7827_2025-12-17,1.2316182137118437,0.1165184,probe_leg_same_exit(approx),MOMENTUM_INTRADAY_TRIGGER,OPEN,,,,,
MOM_7828_2025-11-10,0.17292672322733477,-0.0567968,probe_leg_same_exit(approx),MOMENTUM_INTRADAY_TRIGGER,OPEN,,,,,
MOM_8021_2025-07-09,-0.49400418700435206,0.00643992,probe_leg_same_exit(approx),MOMENTUM_INTRADAY_TRIGGER,OPEN,,,,,
MOM_8021_2026-01-16,-0.5118151283939256,-0.01840012,probe_leg_same_exit(approx),MOMENTUM_INTRADAY_TRIGGER,OPEN,,,,,
MOM_8028_2025-05-02,-0.47165912215703903,-0.0609536,probe_leg_same_exit(approx),MOMENTUM_INTRADAY_TRIGGER,OPEN,,,,,
MOM_8028_2025-09-03,-0.4265152519901117,-0.2070624,probe_leg_same_exit(approx),MOMENTUM_INTRADAY_TRIGGER,OPEN,,,,,
MOM_8033_2025-12-02,-0.1447343828845738,-0.0617276,probe_leg_same_exit(approx),MOMENTUM_INTRADAY_TRIGGER,OPEN,,,,,
MOM_8038_2025-12-10,-0.07403364975994303,-0.03925952,probe_leg_same_exit(approx),MOMENTUM_INTRADAY_TRIGGER,OPEN,,,,,
MOM_8088_2025-06-06,-0.4883303377805149,-0.00668764,probe_leg_same_exit(approx),MOMENTUM_INTRADAY_TRIGGER,OPEN,,,,,
MOM_8089_2025-03-03,0.4304555941697367,-0.061802,probe_leg_same_exit(approx),MOMENTUM_INTRADAY_TRIGGER,OPEN,,,,,
MOM_8091_2025-09-09,-0.5813689821257649,-0.03784128,probe_leg_same_exit(approx),MOMENTUM_INTRADAY_TRIGGER,OPEN,,,,,
MOM_8111_2025-11-05,-0.4748311509124901,-0.195774,probe_leg_same_exit(approx),MOMENTUM_INTRADAY_TRIGGER,OPEN,,,,,
MOM_8147_2025-01-02,-0.2428214658466366,-0.03124764,probe_leg_same_exit(approx),MOMENTUM_INTRADAY_TRIGGER,OPEN,,,,,
MOM_8150_2025-09-16,-0.27497953320637,1.995752,probe_leg_same_exit(approx),MOMENTUM_INTRADAY_TRIGGER,OPEN,,,,,
MOM_8150_2026-01-16,-0.549983249804268,-0.493852,probe_leg_same_exit(approx),MOMENTUM_INTRADAY_TRIGGER,OPEN,,,,,
MOM_8155_2025-03-11,-0.4765846709065367,-0.0430664,probe_leg_same_exit(approx),MOMENTUM_INTRADAY_TRIGGER,OPEN,,,,,
MOM_8210_2025-05-09,-0.30279611584492266,0.1571432,probe_leg_same_exit(approx),MOMENTUM_INTRADAY_TRIGGER,OPEN,,,,,
MOM_8210_2025-07-09,-0.4056409863413482,0.0172522,probe_leg_same_exit(approx),MOMENTUM_INTRADAY_TRIGGER,OPEN,,,,,
MOM_8222_2025-04-23,-0.10565101523880654,0.01436388,probe_leg_same_exit(approx),MOMENTUM_INTRADAY_TRIGGER,OPEN,,,,,
MOM_8249_2025-05-26,-0.4086475617254601,-0.0451392,probe_leg_same_exit(approx),MOMENTUM_INTRADAY_TRIGGER,OPEN,,,,,
MOM_8271_2025-09-16,-0.539755478522314,-0.00802276,probe_leg_same_exit(approx),MOMENTUM_INTRADAY_TRIGGER,OPEN,,,,,
MOM_8271_2025-10-09,-0.47790323119850514,-0.0683676,probe_leg_same_exit(approx),MOMENTUM_INTRADAY_TRIGGER,OPEN,,,,,
MOM_8289_2026-02-11,-0.18786109773877385,0.3088332,probe_leg_same_exit(approx),MOMENTUM_INTRADAY_TRIGGER,OPEN,,,,,
MOM_8299_2025-06-06,-0.45272345835150346,-0.01136012,probe_leg_same_exit(approx),MOMENTUM_INTRADAY_TRIGGER,OPEN,,,,,
MOM_8431_2026-01-08,-0.323966529734285,-0.0746392,probe_leg_same_exit(approx),MOMENTUM_INTRADAY_TRIGGER,OPEN,,,,,
MOM_8436_2026-07-27,-0.5974375735256223,-0.0264468,probe_leg_same_exit(approx),MOMENTUM_INTRADAY_TRIGGER,OPEN,,,,,
MOM_8462_2026-07-15,-0.5654075984794469,-0.0478872,probe_leg_same_exit(approx),MOMENTUM_INTRADAY_TRIGGER,OPEN,,,,,
MOM_8464_2026-07-28,-0.444206097289031,-0.1192236,probe_leg_same_exit(approx),MOMENTUM_INTRADAY_TRIGGER,OPEN,,,,,
MOM_8476_2026-07-24,-0.8588804561173877,-0.0505,probe_leg_same_exit(approx),MOMENTUM_INTRADAY_TRIGGER,OPEN,,,,,
MOM_8499_2025-12-05,-0.04381388328631224,0.1145084,probe_leg_same_exit(approx),MOMENTUM_INTRADAY_TRIGGER,OPEN,,,,,
MOM_8926_2026-05-21,-0.6074097496087996,-0.01768104,probe_leg_same_exit(approx),MOMENTUM_INTRADAY_TRIGGER,OPEN,,,,,
MOM_8927_2025-09-26,-0.7096887204956407,-0.0568732,probe_leg_same_exit(approx),MOMENTUM_INTRADAY_TRIGGER,OPEN,,,,,
MOM_8932_2025-06-09,-0.7455614113829587,-0.0042598,probe_leg_same_exit(approx),MOMENTUM_INTRADAY_TRIGGER,OPEN,,,,,
MOM_8932_2025-08-27,-0.7889891698276528,-0.2075612,probe_leg_same_exit(approx),MOMENTUM_INTRADAY_TRIGGER,OPEN,,,,,
MOM_8937_2025-03-31,-0.10479398351221098,-0.079646,probe_leg_same_exit(approx),MOMENTUM_INTRADAY_TRIGGER,OPEN,,,,,
MOM_8937_2025-09-30,-0.1117852553391801,-0.0760308,probe_leg_same_exit(approx),MOMENTUM_INTRADAY_TRIGGER,OPEN,,,,,
MOM_9907_2025-03-07,-0.3860704523357847,-0.1371824,probe_leg_same_exit(approx),MOMENTUM_INTRADAY_TRIGGER,OPEN,,,,,
MOM_9907_2026-07-30,-0.5298509133549056,-0.02575128,probe_leg_same_exit(approx),MOMENTUM_INTRADAY_TRIGGER,OPEN,,,,,
MOM_9910_2025-05-07,-0.6670679616822952,-0.1829328,probe_leg_same_exit(approx),MOMENTUM_INTRADAY_TRIGGER,OPEN,,,,,
MOM_9910_2025-09-30,-0.6896583815603473,0.00713916,probe_leg_same_exit(approx),MOMENTUM_INTRADAY_TRIGGER,OPEN,,,,,
MOM_9911_2025-03-24,-0.4846636691596194,-0.02989048,probe_leg_same_exit(approx),MOMENTUM_INTRADAY_TRIGGER,OPEN,,,,,
MOM_9921_2025-03-12,-0.3417000350603015,-0.0782528,probe_leg_same_exit(approx),MOMENTUM_INTRADAY_TRIGGER,OPEN,,,,,
MOM_9927_2025-04-15,-0.40412426657138895,-0.0468612,probe_leg_same_exit(approx),MOMENTUM_INTRADAY_TRIGGER,OPEN,,,,,
MOM_9939_2025-04-09,-0.4513207581373247,-0.02386432,probe_leg_same_exit(approx),MOMENTUM_INTRADAY_TRIGGER,OPEN,,,,,
MOM_9939_2026-07-21,-0.5320129632238733,-0.001750444,probe_leg_same_exit(approx),MOMENTUM_INTRADAY_TRIGGER,OPEN,,,,,
MOM_9958_2025-06-13,-0.18200471076307373,-0.01605096,probe_leg_same_exit(approx),MOMENTUM_INTRADAY_TRIGGER,OPEN,,,,,
W1_3189_2025-10-07,5.982708089963362,5.720687786589735,exact_resimulation,WEINSTEIN_BREAKOUT_TRIGGER,LEARNED,-0.010482543640897565,-3.0025000000000226,46.92793837029662,2.9735548028760155,0.0814316570265789
W1_4721_2026-04-23,-0.13727090919342194,-0.15873940149625926,exact_resimulation,WEINSTEIN_BREAKOUT_TRIGGER,LEARNED,-0.01153886915096641,-2.535878782854565,-1.0510998408488308,3.3753254380527586,0.11760231505334152
W1_4967_2025-10-13,1.3477256982664139,1.360564623576064,exact_resimulation,WEINSTEIN_BREAKOUT_TRIGGER,LEARNED,-0.014659087575179582,-1.9091621179039382,8.59944082671735,3.4208462046374275,0.16759705515769224
W1_6922_2026-08-11,-0.056644520216047205,-0.0654389808897648,exact_resimulation,WEINSTEIN_BREAKOUT_TRIGGER,LEARNED,-0.010482543640897676,-3.002499999999986,-0.392875913809566,2.6519877130011293,0.06421739321130729
W1_7714_2026-07-13,-0.21723738280008092,-0.19260323348385316,exact_resimulation,WEINSTEIN_BREAKOUT_TRIGGER,LEARNED,-0.026867446767695976,-1.3489543203082033,-1.119974775880289,3.4769246306084387,0.35702457424272
W1_8162_2026-05-08,-0.04338915078221766,-0.031343225154816516,exact_resimulation,WEINSTEIN_BREAKOUT_TRIGGER,LEARNED,-0.05281718773968807,-1.1498991398090896,-0.2668214468287043,2.970533138175367,0.8390532240606067
W1_8383_2026-04-09,0.3858803381790962,0.39651586732062166,exact_resimulation,WEINSTEIN_BREAKOUT_TRIGGER,LEARNED,,,2.4337131365752933,5.711093177197791,
W2_1519_2026-01-14,-0.15817950389188323,-0.15873940149625937,exact_resimulation,WEINSTEIN_BREAKOUT_TRIGGER,LEARNED,-0.030177528207453282,-1.2987616331431937,-1.0436868164681472,5.56424021540679,0.8530609720605232
W2_1714_2026-04-13,-0.08399558909164012,-0.08833757446646412,exact_resimulation,WEINSTEIN_BREAKOUT_TRIGGER,LEARNED,,,-0.5468230518966379,5.111101443258934,
W2_2303_2026-04-16,0.8586100861783328,0.8978334991637471,exact_resimulation,WEINSTEIN_BREAKOUT_TRIGGER,LEARNED,-0.041225328540663235,-1.2015155726103257,4.8133013693942095,4.748452387647554,0.9133429434667445
W2_2324_2026-08-12,-0.004325319580933458,0.0018196057660079855,exact_resimulation,WEINSTEIN_BREAKOUT_TRIGGER,LEARNED,-0.004325319580933458,-0.08024957489232416,-0.028928191980794882,3.540360672134074,1.276221504502282
W2_2327_2026-04-13,0.7197412130490279,0.6996585366907195,exact_resimulation,WEINSTEIN_BREAKOUT_TRIGGER,LEARNED,-0.027216844253003688,-1.3428803131991036,5.003439110829577,3.285592859299012,0.46292054368270014
W2_2330_2025-12-29,0.06604146814148865,0.0628394498064761,exact_resimulation,WEINSTEIN_BREAKOUT_TRIGGER,LEARNED,,,0.6189250685034552,6.220527019816956,
W2_2356_2026-08-12,-0.032069374436249624,-0.0351743557853264,exact_resimulation,WEINSTEIN_BREAKOUT_TRIGGER,LEARNED,-0.016122380510314723,-1.7629252080479036,-0.21464907708659234,3.0231111950614493,0.18504950927437275
W2_2369_2026-05-25,-0.15121944049190056,-0.15873940149625926,exact_resimulation,WEINSTEIN_BREAKOUT_TRIGGER,LEARNED,-0.010482543640897787,-3.002499999999928,-1.0459158028639155,2.7148924540763915,0.06555795404154464
W2_2481_2026-03-16,-0.06310478337834174,-0.09605361596009981,exact_resimulation,WEINSTEIN_BREAKOUT_TRIGGER,LEARNED,,,-0.508830435713941,2.0711333651175603,
W2_2637_2026-08-07,-0.009487565560936714,-0.009081698115808664,exact_resimulation,WEINSTEIN_BREAKOUT_TRIGGER,LEARNED,-0.02624274644448404,-1.3603640028150144,-0.06222765842438313,4.208217133885832,0.5324526127033244
W2_2801_2026-08-27,0.004785204446845441,0.004892639384669055,exact_resimulation,WEINSTEIN_BREAKOUT_TRIGGER,LEARNED,,,0.04460313035850018,6.775671259287031,
W2_2855_2026-04-23,0.0388709229955257,0.03256290301946247,exact_resimulation,WEINSTEIN_BREAKOUT_TRIGGER,LEARNED,-0.010482543640897676,-3.0025000000000266,0.26887967798791884,4.991602783174458,0.1205471112246893
W2_2884_2026-08-26,-0.03098077419700734,-0.027686704595285157,exact_resimulation,WEINSTEIN_BREAKOUT_TRIGGER,LEARNED,,,-0.20934697491116278,6.61783231233909,
W2_2885_2026-04-14,0.02819465845957309,0.030402131379733303,exact_resimulation,WEINSTEIN_BREAKOUT_TRIGGER,LEARNED,,,0.21238672027760688,5.968244096987206,
W2_2885_2026-09-03,-0.002171263018923282,-0.006298429804677481,exact_resimulation,WEINSTEIN_BREAKOUT_TRIGGER,LEARNED,-0.02656221548273213,-1.3544380986608318,-0.014610078790095762,6.662495653907779,0.8791888979817472
W2_3010_2026-03-16,-0.06889126542698559,-0.07168969028861844,exact_resimulation,WEINSTEIN_BREAKOUT_TRIGGER,LEARNED,-0.025318625079092934,-1.3786694365626222,-0.4605767992270035,3.9070307602195564,0.47969445188554066
W2_3022_2026-08-05,0.08379487942542546,0.08394113997964564,exact_resimulation,WEINSTEIN_BREAKOUT_TRIGGER,LEARNED,-0.037403833951141156,-1.227158536197134,0.5504360390763409,2.917688663619699,0.5841760882228498
W2_3217_2025-10-07,-0.11261922946075292,-0.11287707486195281,exact_resimulation,WEINSTEIN_BREAKOUT_TRIGGER,LEARNED,-0.03197481296758125,-1.2770816733067722,-1.0636101206252846,4.197328132646305,0.99250378564219
W2_3357_2026-01-05,-0.14049290150366806,-0.15873940149625915,exact_resimulation,WEINSTEIN_BREAKOUT_TRIGGER,LEARNED,-0.010482543640897565,-3.0025000000000355,-1.0498061520226833,3.9516819733096584,0.10309091174126052
W2_3363_2026-02-03,-0.04017073505663132,-0.07347329640359973,exact_resimulation,WEINSTEIN_BREAKOUT_TRIGGER,LEARNED,-0.01267200940380336,-2.228545208655313,-0.2889751383208086,2.91519479354913,0.11924558791717274
W2_4749_2026-03-03,-0.13342290698562737,-0.15873940149625926,exact_resimulation,WEINSTEIN_BREAKOUT_TRIGGER,LEARNED,-0.00941485571784811,-3.8889770967027975,-1.0527312881145325,3.6883202872729695,0.07045211621331623
W2_6016_2026-04-24,0.30215335743989974,0.3057041000904103,exact_resimulation,WEINSTEIN_BREAKOUT_TRIGGER,LEARNED,,,1.875570553995074,7.011094157524888,
W2_6261_2026-04-07,0.03621017608832484,0.039835018436783005,exact_resimulation,WEINSTEIN_BREAKOUT_TRIGGER,LEARNED,-0.010482543640897676,-3.002499999999985,0.23351964139383946,4.237778761403942,0.09541457526983307
W2_6596_2025-10-30,0.07957222659791258,0.07967595786752452,exact_resimulation,WEINSTEIN_BREAKOUT_TRIGGER,LEARNED,-0.01661845386533672,-1.7234482758620362,0.6853846323726561,4.934018628531374,0.4097943803970866
W2_8034_2026-01-20,-0.16512219257530242,-0.16170804633256092,exact_resimulation,WEINSTEIN_BREAKOUT_TRIGGER,LEARNED,-0.010482543640897676,-3.002499999999976,-1.0615072864468837,4.37410076622529,0.09817252915261629
W2_8091_2026-03-24,0.43308676633652604,0.4383421501505062,exact_resimulation,WEINSTEIN_BREAKOUT_TRIGGER,LEARNED,-0.010482543640897676,-3.002500000000049,2.7903635813458507,4.328026290915397,0.09735526315169785
W1_3189_2025-10-07,5.720687786589734,5.720687786589735,exact_resimulation,WEINSTEIN_BREAKOUT_TRIGGER,A_BREAKOUT_IMMEDIATE,,,35.708243783439976,3.882295836298812,
W1_4721_2026-04-23,-0.15796208682678342,-0.15873940149625926,exact_resimulation,WEINSTEIN_BREAKOUT_TRIGGER,A_BREAKOUT_IMMEDIATE,,,-1.0437533351702515,4.007038575042404,
W1_4967_2025-10-13,1.3477256982664139,1.360564623576064,exact_resimulation,WEINSTEIN_BREAKOUT_TRIGGER,A_BREAKOUT_IMMEDIATE,-0.07313070265512672,-1.1030863573144516,8.59944082671735,3.4208462046374275,1.447079813583189
W1_6155_2025-10-27,-0.13777527003762607,-0.1321378523949444,exact_resimulation,WEINSTEIN_BREAKOUT_TRIGGER,A_BREAKOUT_IMMEDIATE,-0.03705214557253205,-1.2298461392514395,-0.8742146086453887,3.962728826525072,0.7575367777538333
W1_6922_2026-08-11,-0.08285250583219345,-0.0654389808897648,exact_resimulation,WEINSTEIN_BREAKOUT_TRIGGER,A_BREAKOUT_IMMEDIATE,,,-0.4936327184180881,3.1750312067939737,
W1_7714_2026-07-13,-0.21069503418069085,-0.19260323348385316,exact_resimulation,WEINSTEIN_BREAKOUT_TRIGGER,A_BREAKOUT_IMMEDIATE,,,-1.1250991126422485,3.329187783190303,
W1_8162_2026-05-08,-0.035132184831885786,-0.031343225154816516,exact_resimulation,WEINSTEIN_BREAKOUT_TRIGGER,A_BREAKOUT_IMMEDIATE,-0.044641218669372255,-1.1830014329193734,-0.22604543447660266,2.81493446704017,0.6834545529254101
W1_8383_2026-04-09,0.39772589608977044,0.39651586732062166,exact_resimulation,WEINSTEIN_BREAKOUT_TRIGGER,A_BREAKOUT_IMMEDIATE,,,2.627206002213099,5.4068130994307255,
W1_8473_2026-06-01,-0.19006950483070134,-0.17532294264339138,exact_resimulation,WEINSTEIN_BREAKOUT_TRIGGER,A_BREAKOUT_IMMEDIATE,,,-1.0356412513594613,4.9903547714444905,
W2_1519_2026-01-14,-0.15817950389188323,-0.15873940149625937,exact_resimulation,WEINSTEIN_BREAKOUT_TRIGGER,A_BREAKOUT_IMMEDIATE,-0.030177528207453282,-1.2987616331431937,-1.0436868164681472,5.56424021540679,0.8530609720605232
W2_1714_2026-04-13,-0.08399558909164012,-0.08833757446646412,exact_resimulation,WEINSTEIN_BREAKOUT_TRIGGER,A_BREAKOUT_IMMEDIATE,,,-0.5468230518966379,5.111101443258934,
W2_2303_2026-04-16,0.9209974668271099,0.8978334991637471,exact_resimulation,WEINSTEIN_BREAKOUT_TRIGGER,A_BREAKOUT_IMMEDIATE,,,6.104559314788231,3.8859645953287525,
W2_2324_2026-08-12,-0.004325319580933458,0.0018196057660079855,exact_resimulation,WEINSTEIN_BREAKOUT_TRIGGER,A_BREAKOUT_IMMEDIATE,-0.004325319580933458,-0.08024957489232416,-0.028928191980794882,3.540360672134074,1.276221504502282
W2_2327_2026-04-13,0.691194173097885,0.6996585366907195,exact_resimulation,WEINSTEIN_BREAKOUT_TRIGGER,A_BREAKOUT_IMMEDIATE,,,4.373982807023103,3.67011340370361,
W2_2330_2025-12-29,0.06604146814148865,0.0628394498064761,exact_resimulation,WEINSTEIN_BREAKOUT_TRIGGER,A_BREAKOUT_IMMEDIATE,,,0.6189250685034552,6.220527019816956,
W2_2345_2026-02-10,0.07863165428162583,0.08228968454465119,exact_resimulation,WEINSTEIN_BREAKOUT_TRIGGER,A_BREAKOUT_IMMEDIATE,,,0.4583794030378354,3.7933734064324187,
W2_2347_2026-07-31,-0.04223207168966974,-0.053093520767480466,exact_resimulation,WEINSTEIN_BREAKOUT_TRIGGER,A_BREAKOUT_IMMEDIATE,-0.028421255923854413,-1.3234612799931187,-0.27303300155289206,4.062678187927552,0.5640494825897753
W2_2356_2026-08-12,-0.03618988492660396,-0.0351743557853264,exact_resimulation,WEINSTEIN_BREAKOUT_TRIGGER,A_BREAKOUT_IMMEDIATE,-0.02733036068138178,-1.3409518506301967,-0.23652283491826054,3.109216362227376,0.4141608060770666
W2_2369_2026-05-25,-0.15867165383170273,-0.15873940149625926,exact_resimulation,WEINSTEIN_BREAKOUT_TRIGGER,A_BREAKOUT_IMMEDIATE,-0.04086733598923647,-1.20367210642783,-1.0435369477328176,2.880334073358787,0.6431606655514585
W2_2481_2026-03-16,-0.09605361596009981,-0.09605361596009981,exact_resimulation,WEINSTEIN_BREAKOUT_TRIGGER,A_BREAKOUT_IMMEDIATE,,,-0.6209883836035534,2.6768361863775145,
W2_2637_2026-08-07,-0.009487565560936714,-0.009081698115808664,exact_resimulation,WEINSTEIN_BREAKOUT_TRIGGER,A_BREAKOUT_IMMEDIATE,-0.02624274644448404,-1.3603640028150144,-0.06222765842438313,4.208217133885832,0.5324526127033244
W2_2801_2026-08-27,0.006857627009813465,0.004892639384669055,exact_resimulation,WEINSTEIN_BREAKOUT_TRIGGER,A_BREAKOUT_IMMEDIATE,,,0.06503141715122972,6.646254438538884,
W2_2855_2026-04-23,0.0326370650409526,0.03256290301946247,exact_resimulation,WEINSTEIN_BREAKOUT_TRIGGER,A_BREAKOUT_IMMEDIATE,-0.014835949048317806,-1.8885854265315853,0.21463412595275916,5.296710720780409,0.27363562045653717
W2_2884_2026-08-26,-0.03098077419700734,-0.027686704595285157,exact_resimulation,WEINSTEIN_BREAKOUT_TRIGGER,A_BREAKOUT_IMMEDIATE,,,-0.20934697491116278,6.61783231233909,
W2_2885_2026-04-14,0.02819465845957309,0.030402131379733303,exact_resimulation,WEINSTEIN_BREAKOUT_TRIGGER,A_BREAKOUT_IMMEDIATE,,,0.21238672027760688,5.968244096987206,
W2_2885_2026-09-03,-0.006573922850885479,-0.006298429804677481,exact_resimulation,WEINSTEIN_BREAKOUT_TRIGGER,A_BREAKOUT_IMMEDIATE,-0.030857739738596787,-1.2901723183547724,-0.04314908375060278,6.860280867717165,1.076974111791133
W2_2890_2026-07-31,-0.037775913785272945,-0.03807363987267614,exact_resimulation,WEINSTEIN_BREAKOUT_TRIGGER,A_BREAKOUT_IMMEDIATE,-0.014168677939830617,-1.9715289713956503,-0.24875733014424045,5.520895492426219,0.2612742441482549
W2_2891_2026-04-08,-0.06222668528816493,-0.06171367016250023,exact_resimulation,WEINSTEIN_BREAKOUT_TRIGGER,A_BREAKOUT_IMMEDIATE,-0.015751174145701204,-1.7953929322792361,-0.45062036715812703,6.027306367511986,0.3829224586211987
W2_3010_2026-03-16,-0.07236936481201545,-0.07168969028861844,exact_resimulation,WEINSTEIN_BREAKOUT_TRIGGER,A_BREAKOUT_IMMEDIATE,-0.02895870453976551,-1.3154832392824007,-0.4738153256613991,4.004496039509234,0.5771597311752179
W2_3022_2026-08-05,0.08379487942542546,0.08394113997964564,exact_resimulation,WEINSTEIN_BREAKOUT_TRIGGER,A_BREAKOUT_IMMEDIATE,-0.037403833951141156,-1.227158536197134,0.5504360390763409,2.917688663619699,0.5841760882228498
W2_3217_2025-10-07,-0.11261922946075292,-0.11287707486195281,exact_resimulation,WEINSTEIN_BREAKOUT_TRIGGER,A_BREAKOUT_IMMEDIATE,-0.03197481296758125,-1.2770816733067722,-1.0636101206252846,4.197328132646305,0.99250378564219
W2_3257_2025-10-27,-0.08908853405555212,-0.07000612065652762,exact_resimulation,WEINSTEIN_BREAKOUT_TRIGGER,A_BREAKOUT_IMMEDIATE,,,-0.4796951107014477,5.187198512747835,
W2_3265_2026-03-31,0.13075484568105095,0.1310222432616554,exact_resimulation,WEINSTEIN_BREAKOUT_TRIGGER,A_BREAKOUT_IMMEDIATE,-0.032928099107071,-1.2668024263431517,0.858425632467938,3.186147612294473,0.5437115401306112
W2_3357_2026-01-05,-0.1613123496602062,-0.15873940149625915,exact_resimulation,WEINSTEIN_BREAKOUT_TRIGGER,A_BREAKOUT_IMMEDIATE,,,-1.0427491327840923,4.680772901144698,
W2_3363_2026-02-03,-0.08570569510117648,-0.07347329640359973,exact_resimulation,WEINSTEIN_BREAKOUT_TRIGGER,A_BREAKOUT_IMMEDIATE,,,-0.47702698843585634,3.954504411963612,
W2_4749_2026-03-03,-0.15708853333711498,-0.15873940149625926,exact_resimulation,WEINSTEIN_BREAKOUT_TRIGGER,A_BREAKOUT_IMMEDIATE,-0.056184495657408066,-1.139465469131497,-1.0440225413610813,4.501037441112358,1.4750044627258483
W2_6016_2026-04-24,0.30215335743989974,0.3057041000904103,exact_resimulation,WEINSTEIN_BREAKOUT_TRIGGER,A_BREAKOUT_IMMEDIATE,,,1.875570553995074,7.011094157524888,
W2_6261_2026-04-07,0.03890278735617798,0.039835018436783005,exact_resimulation,WEINSTEIN_BREAKOUT_TRIGGER,A_BREAKOUT_IMMEDIATE,-0.043916584410653874,-1.1866426336285028,0.25447188212406446,4.167252197601287,1.0088288071750886
W2_6596_2025-10-30,0.07957222659791258,0.07967595786752452,exact_resimulation,WEINSTEIN_BREAKOUT_TRIGGER,A_BREAKOUT_IMMEDIATE,-0.01661845386533672,-1.7234482758620362,0.6853846323726561,4.934018628531374,0.4097943803970866
W2_6944_2026-03-12,0.003171661351442483,0.03314722733280812,exact_resimulation,WEINSTEIN_BREAKOUT_TRIGGER,A_BREAKOUT_IMMEDIATE,-0.014276503397993408,-1.957095511482252,0.020753964235919787,3.358280576432561,0.16030278354659844
W2_8034_2026-01-20,-0.16659476274992663,-0.16170804633256092,exact_resimulation,WEINSTEIN_BREAKOUT_TRIGGER,A_BREAKOUT_IMMEDIATE,-0.04187255527372651,-1.1977290897581743,-1.060870417781738,4.42351902186043,0.9847812272361831
W2_8091_2026-03-24,0.43786280210508605,0.4383421501505062,exact_resimulation,WEINSTEIN_BREAKOUT_TRIGGER,A_BREAKOUT_IMMEDIATE,-0.036901612248448505,-1.2310158366038355,2.8730893386145224,4.235690764605478,0.8331381578417225
W2_8155_2025-10-08,1.158228178167773,1.1651108511972905,exact_resimulation,WEINSTEIN_BREAKOUT_TRIGGER,A_BREAKOUT_IMMEDIATE,-0.05330175714559742,-1.1483042119879627,7.481638032084616,4.153787499061669,1.2454646620197687
