date,in_case_period,raw_close,adj_close,ret,market_close,m_ret,regime,stock_norm,market_norm,sector_norm,excess_1d,cex_10,srs_10,rs_20,rs_60,rs_accel,outp_10,is_event,atr_pct,disc_pct,rank_score,watch,emerging,c_universe,c_no_disposition,c_probe_score,c_trigger,c_trig_rs_high,c_trig_price_high,c_trig_indep,c_regime,c_stop_ok,probe_signal,stop_dist,disposition,events,portfolio_state,portfolio_size,campaign_state,position_size,stop,dist_stop,unrealized,pct_time_above_vwap,close_vs_vwap,vwap_slope,intraday_new_high_count,intraday_higher_lows,low_to_close_recovery,morning_weakness_recovered,afternoon_strength,stock_oc,market_oc,sector_oc
2026-05-18,False,3270,3935.77,-0.0562771,40891.8,-0.00681379,MARKET_UP,96.1765,86.9687,81.5526,-0.0494633,-0.387605,-0.437004,-0.355282,-0.0464667,0.00201424,0.2,0,0.101245,0.0735786,0.19047,False,False,True,False,False,False,False,False,False,True,True,False,0.0214067,True,,,0,,,,,,,,,,,,,,,,
2026-05-19,False,3090,3719.12,-0.0550459,40175.6,-0.017516,MARKET_SIDEWAYS,90.8824,85.4454,81.0354,-0.0375299,-0.338993,-0.374337,-0.433747,-0.133922,0.0154219,0.2,0,0.110495,0.0929451,0.221692,False,False,True,False,False,False,False,False,False,True,True,False,0.0307443,True,,,0,,,,,,,,,,,,,,,,
2026-05-20,False,3030,3646.91,-0.0194175,40020.8,-0.0038516,MARKET_SIDEWAYS,89.1176,85.1163,81.9148,-0.0155659,-0.26899,-0.335396,-0.469813,-0.199626,0.0161886,0.2,0,0.10785,0.0941704,0.216236,False,False,True,False,False,False,False,False,False,True,True,False,0.0759076,True,,,0,,,,,,,,,,,,,,,,
2026-05-21,False,3330,4007.99,0.0990099,41368.2,0.0336672,MARKET_UP,97.9412,87.9819,85.7014,0.0653427,-0.127158,-0.203373,-0.436398,-0.110532,0.0222451,0.3,0,0.101566,0.262038,0.309362,False,False,True,False,False,False,False,False,False,True,False,False,0.159159,True,,,0,,,,,,,,,,,,,,,,
2026-05-22,False,3660,4405.18,0.0990991,42268,0.02175,MARKET_UP,107.647,89.8955,89.0391,0.0773491,-0.013221,-0.11665,-0.384994,-0.00436542,0.0543179,0.4,0,0.0955308,0.437642,0.45155,False,False,True,False,False,False,False,False,False,True,False,False,0.234973,True,,,0,,,,,,,,,,,,,,,,
2026-05-25,False,3770,4537.57,0.0300546,43644.4,0.0325644,MARKET_UP,110.882,92.8229,91.6634,-0.00250973,-0.105394,-0.193077,-0.373747,0.0405105,0.0673578,0.3,0,0.0849754,0.521445,0.371943,False,False,True,False,False,False,False,False,False,True,False,False,0.145889,True,,,0,,,,,,,,,,,,,,,,
2026-05-26,False,3670,4417.21,-0.0265252,43525.4,-0.00272727,MARKET_UP,107.941,92.5698,92.5791,-0.0237979,-0.102609,-0.193993,-0.326528,-0.0459739,0.0573394,0.3,0,0.08116,0.545455,0.345338,False,False,True,False,False,False,False,False,False,True,True,False,0.0531335,True,,,0,,,,,,,,,,,,,,,,
2026-05-27,False,3670,4417.21,0,44256.8,0.0168047,MARKET_UP,107.941,94.1254,91.9364,-0.0168047,-0.0300036,-0.0868186,-0.33791,-0.0587338,0.0297071,0.3,0,0.0798949,0.824444,0.465215,True,False,True,True,False,False,False,False,False,True,True,False,0.00544962,False,,,0,,,,,,,,,,,,,,,,
2026-05-28,False,3500,4212.6,-0.0463215,43636.4,-0.0140173,MARKET_UP,102.941,92.806,91.524,-0.0323042,-0.00502151,-0.0722438,-0.421035,-0.075562,0.00296301,0.3,0,0.0807143,0.687708,0.406699,False,False,True,True,False,False,False,False,False,True,True,False,0.0114286,False,,,0,,,,,,,,,,,,,,,,
2026-05-29,False,3545,4266.76,0.0128571,44732.9,0.0251281,MARKET_UP,104.265,95.138,94.1184,-0.0122709,-0.0633918,-0.151523,-0.426606,-0.105236,-0.00455078,0.2,0,0.0760629,0.164474,0.271801,False,False,True,True,False,False,False,False,False,True,True,False,0.0366713,False,,,0,,,,,,,,,,,,,,,,
2026-06-01,False,3840,4621.82,0.0832158,45337.9,0.013524,MARKET_UP,112.941,96.4247,95.6022,0.0696918,0.0655838,0.00203576,-0.349506,-0.0345422,0.00852166,0.3,0,0.0714286,0.544469,0.506728,False,False,True,True,False,False,False,False,False,True,False,False,0.110677,False,,,0,,,,,,,,,,,,,,,,
2026-06-02,False,3990,4802.36,0.0390625,45557.3,0.00483922,MARKET_UP,117.353,96.8913,94.0874,0.0342233,0.157306,0.130197,-0.253001,-0.0607824,0.0235441,0.4,0,0.0675797,0.813175,0.674415,True,False,True,True,False,False,False,False,False,True,False,False,0.14411,False,,,0,,,,,,,,,,,,,,,,
2026-06-03,False,3905,4700.06,-0.0213033,46459.2,0.0197959,MARKET_UP,114.853,98.8094,94.4896,-0.0410992,0.127904,0.135268,-0.196791,-0.173025,0.0234866,0.4,0,0.0694165,0.756438,0.676628,False,False,True,True,False,False,False,False,False,True,False,False,0.0909091,False,,,0,,,,,,,,,,,,,,,,
2026-06-04,False,3730,4489.43,-0.0448143,45677.5,-0.0168255,MARKET_UP,109.706,97.1468,92.7129,-0.0279888,0.015952,0.0383068,-0.116312,-0.175433,0.00835592,0.3,0,0.0743968,0.519639,0.499557,False,False,True,True,False,False,False,False,False,True,True,False,0.00938338,False,,,0,,,,,,,,,,,,,,,,
2026-06-05,False,3620,4357.03,-0.0294906,45070.9,-0.0132783,MARKET_UP,106.471,95.8569,93.0452,-0.0162123,-0.0772432,-0.0559216,-0.0845101,-0.246877,-0.0146236,0.2,0,0.0767561,0.568421,0.275153,False,False,True,True,False,False,False,False,False,True,True,False,0.0441989,False,,,0,,,,,,,,,,,,,,,,
2026-06-08,False,3820,4597.75,0.0552486,43502.8,-0.0347932,MARKET_SIDEWAYS,112.353,92.5217,89.9122,0.0900418,0.0165075,0.0323674,-0.0860261,-0.140435,-0.00399718,0.3,0,0.0788145,0.643305,0.443626,False,False,True,True,False,False,False,False,False,True,False,False,0.146597,False,,,0,,,,,,,,,,,,,,,,
2026-06-09,False,3935,4736.17,0.0301047,44704.4,0.0276226,MARKET_SIDEWAYS,115.735,95.0774,93.767,0.00248211,0.0451178,0.0593768,-0.0591842,-0.140709,0.0137987,0.4,0,0.0756036,0.545171,0.575316,False,False,True,True,False,False,False,False,False,True,False,False,0.171537,False,,,0,,,,,,,,,,,,,,,,
2026-06-10,False,3800,4573.68,-0.0343075,43225.5,-0.0330817,MARKET_SIDEWAYS,111.765,91.9321,90.3395,-0.00122577,0.0587241,0.0527924,0.030389,-0.0951448,0.0198806,0.4,0,0.0775376,0.625259,0.568219,False,False,True,True,False,False,False,False,False,True,False,False,0.142105,False,,,0,,,,,,,,,,,,,,,,
2026-06-11,False,3620,4357.03,-0.0473684,43149.5,-0.00176007,MARKET_SIDEWAYS,106.471,91.7703,90.7908,-0.0456083,0.0454457,0.0422967,0.0409331,-0.174852,0.00506886,0.4,0,0.0835635,0.574457,0.522393,False,False,True,True,False,False,False,False,False,True,True,False,0.0552487,False,,,0,,,,,,,,,,,,,,,,
2026-06-12,False,3690,4441.28,0.019337,44169,0.023629,MARKET_SIDEWAYS,108.529,93.9387,92.72,-0.00429202,0.0535086,0.0557609,-0.00731621,-0.241128,-0.0188161,0.4,0,0.0861401,0.656477,0.455257,False,False,True,True,False,False,False,False,False,True,True,False,0.0731708,False,,,0,,,,,,,,,,,,,,,,
2026-06-15,False,3835,4615.81,0.0392954,45397,0.0278011,MARKET_UP,112.794,96.5503,95.9944,0.0114942,-0.00260519,-0.00540441,0.0563966,-0.270939,-0.0170199,0.4,0,0.0851183,0.390093,0.398875,False,False,True,True,False,False,False,False,False,True,False,False,0.108214,False,,,0,,,,,,,,,,,,,,,,
2026-06-16,False,3785,4555.63,-0.0130378,45809.2,0.0090799,MARKET_UP,111.324,97.427,94.7872,-0.0221177,-0.0569073,-0.0588159,0.0742781,-0.286251,-0.0140481,0.3,0,0.0828458,0.339506,0.319793,False,False,True,True,False,False,False,False,False,True,True,False,0.0766183,False,,,0,,,,,,,,,,,,,,,,
2026-06-17,False,3990,4802.36,0.0541612,45877.4,0.00148878,MARKET_UP,117.353,97.572,96.8244,0.0526724,0.0342891,-0.00294234,0.148729,-0.242249,0.00474641,0.4,0,0.0767991,0.604103,0.570701,False,False,True,True,False,False,False,True,False,True,True,False,0.0676692,False,,,0,,,,,,,,,,,,,,,,
2026-06-18,False,3965,4772.27,-0.00626566,46465.2,0.0128126,MARKET_UP,116.618,98.8222,99.8453,-0.0190783,0.045757,-0.0139271,0.0600781,-0.274728,0.00629541,0.4,0,0.079265,0.675869,0.589814,False,False,True,True,False,False,False,False,False,True,True,False,0.0617907,False,,,0,,,,,,,,,,,,,,,,
2026-06-22,False,3840,4621.82,-0.0315259,47741.5,0.0274681,MARKET_UP,112.941,101.537,101.667,-0.0589939,0.00152089,-0.031891,-0.0711077,-0.335923,-0.0071619,0.4,0,0.0792411,0.447154,0.513101,False,False,True,True,False,False,False,False,False,True,True,False,0.03125,False,,,0,,,,,,,,,,,,,,,,
2026-06-23,False,3840,4621.82,0,47100.7,-0.0134235,MARKET_SIDEWAYS,112.941,100.174,98.2254,0.0134235,-0.0774688,-0.0872243,-0.0561749,-0.308946,-0.0110524,0.4,0,0.0762649,0.418795,0.379603,False,False,True,True,False,False,False,False,False,True,True,False,0.0104167,False,,,0,,,,,,,,,,,,,,,,
2026-06-24,False,3640,4381.1,-0.0520833,46043.6,-0.0224424,MARKET_SIDEWAYS,107.059,97.9255,98.99,-0.029641,-0.104924,-0.130671,-0.0624196,-0.331086,-0.0234616,0.3,0,0.0791797,0.121305,0.208786,False,False,True,True,False,False,False,False,False,True,True,False,0.0233516,False,,,0,,,,,,,,,,,,,,,,
2026-06-25,False,3390,4080.2,-0.0686813,46255.3,0.00459695,MARKET_SIDEWAYS,99.7059,98.3757,99.555,-0.0732783,-0.177986,-0.209905,-0.116203,-0.39931,-0.0299768,0.3,0,0.0872314,0.00614125,0.173891,False,False,True,True,False,False,False,False,False,True,True,False,0.0044248,False,,,0,,,,,,,,,,,,,,,,
2026-06-26,False,3405,4098.26,0.00442478,44571.8,-0.0363959,MARKET_SIDEWAYS,100.147,94.7952,95.3556,0.0408206,-0.0923544,-0.10967,-0.0475579,-0.361393,-0.0170351,0.4,0,0.0842249,0.0440123,0.30631,False,False,True,True,False,False,False,False,False,True,True,False,0.00881059,False,,,0,,,,,,,,,,,,,,,,
2026-06-29,False,3320,3995.95,-0.0249633,44999.9,0.00960563,MARKET_SIDEWAYS,97.6471,95.7058,94.4454,-0.0345689,-0.119082,-0.11888,-0.0690256,-0.383279,-0.0171203,0.4,0,0.0777754,0.0508736,0.262185,False,False,True,True,False,False,False,False,False,True,True,False,0.0120482,False,,,0,,,,,,,,,,,,,,,,
2026-06-30,False,3430,4128.35,0.0331325,46125.9,0.0250225,MARKET_SIDEWAYS,100.882,98.1006,98.9797,0.00811003,-0.121663,-0.136705,-0.12203,-0.375459,-0.00420851,0.4,0,0.0737193,0.0207254,0.280041,False,False,True,True,False,False,False,False,False,True,True,False,0.0437318,False,,,0,,,,,,,,,,,,,,,,
2026-07-01,True,3400,4092.24,-0.00874636,47019,0.0193618,MARKET_SIDEWAYS,100,100,100,-0.0281081,-0.128127,-0.156712,-0.17436,-0.365134,0.00274872,0.4,0,0.0727941,0.0637409,0.32544,False,False,True,True,False,False,False,False,False,True,True,False,0.0352941,False,,,0,,,,,,0.0292398,-0.0148497,-0.0158143,2,False,0.00147275,False,-0.00874636,-0.039548,-0.00452567,-0.0198867
2026-07-02,True,3475,4182.51,0.0220588,46744.2,-0.00584509,MARKET_SIDEWAYS,102.206,99.4155,100.767,0.0279039,-0.147966,-0.169791,-0.115541,-0.342997,0.00140322,0.4,0,0.0673176,0.375264,0.267621,False,False,True,True,False,False,False,False,False,True,True,False,0.0661871,False,,,0,,,,,,0.986111,0.0260504,0.0209449,14,False,0.0708783,True,0.0250737,0.0466867,0.0144458,0.00645914
2026-07-03,True,3420,4116.31,-0.0158273,46780.6,0.00077999,MARKET_SIDEWAYS,100.588,99.493,102.587,-0.0166073,-0.144241,-0.164908,-0.104732,-0.366258,0.00824331,0.4,0,0.0650585,0.0485232,0.249647,False,False,True,True,False,False,False,False,False,True,True,False,0.0511696,False,,,0,,,,,,0.893617,0.00987186,0.0109376,7,False,0.0332326,True,0.00588235,0.0178571,0.0178662,0.0595316
2026-07-06,True,3320,3995.95,-0.0292398,46556.4,-0.00479322,MARKET_SIDEWAYS,97.6471,99.0161,101.148,-0.0244465,-0.110593,-0.130306,-0.112135,-0.41368,0.00450502,0.4,0,0.0643287,0.0433862,0.199388,False,False,True,True,False,False,False,False,False,True,True,False,0.0225904,False,,,0,,,,,,0.235714,-0.0165675,-0.00559386,0,False,0,False,-0.020649,-0.0446043,-0.0166288,-0.0527912
2026-07-07,True,3195,3845.5,-0.0376506,45479.1,-0.0231393,MARKET_SIDEWAYS,93.9706,96.725,96.1931,-0.0145114,-0.133542,-0.147278,-0.199958,-0.396806,0.0021648,0.3,0,0.0668455,0.0897571,0.153048,False,False,True,True,False,False,False,False,False,True,True,False,0.00782475,False,,,0,,,,,,0.203297,-0.0185179,-0.00788979,2,False,0.00788644,False,-0.0169231,-0.0361991,-0.0305054,-0.0602831
2026-07-08,True,3200,3851.52,0.00156495,45734.4,0.00561357,MARKET_SIDEWAYS,94.1176,97.268,95.9333,-0.00404862,-0.114164,-0.0900007,-0.205099,-0.38667,-0.0040015,0.3,0,0.065625,0.143464,0.225405,False,False,True,True,False,False,False,False,False,True,True,False,0.025,False,,,0,,,,,,0.0490798,-0.00384954,-0.0271059,0,False,0.025641,False,0.0191083,-0.03177,-0.00120988,-0.00855296
2026-07-09,True,3205,3857.54,0.0015625,45354.6,-0.00830447,MARKET_SIDEWAYS,94.2647,96.4602,95.2628,0.00986697,-0.035101,-0.0114577,-0.196171,-0.35878,0.00294249,0.4,0,0.0613996,0.179266,0.426095,False,False,True,True,False,False,False,False,False,True,True,False,0.0265211,False,,,0,,,,,,0.244604,-0.006443,-0.00598458,1,False,0.00786164,False,0.00470219,-0.0228659,-0.0108199,-0.00227485
2026-07-13,True,3195,3845.5,-0.00312012,45380.5,0.000571276,MARKET_SIDEWAYS,93.9706,96.5153,92.4751,-0.0036914,-0.0798191,-0.0314667,-0.160795,-0.377759,0.00966049,0.3,0,0.0613682,0.321777,0.368018,False,False,True,True,False,False,False,False,False,True,True,False,0.0359938,False,,,0,,,,,,0.657609,0.0055302,0.0065566,2,False,0.0373377,False,0,-0.0015625,-0.0149873,-0.040377
2026-07-14,True,3070,3695.05,-0.0391236,44737.9,-0.0141596,MARKET_SIDEWAYS,90.2941,95.1487,89.5822,-0.024964,-0.0694801,-0.0238094,-0.178602,-0.41825,0.00772332,0.3,0,0.0660772,0.435205,0.400007,False,False,True,True,False,False,False,False,False,True,True,False,0.0260586,False,,,0,,,,,,0.0612245,-0.00778782,-0.0272687,0,False,0.0267559,False,0.0182421,-0.0421217,-0.00948428,-0.0228316
2026-07-15,True,3280,3947.81,0.0684039,45631.6,0.019975,MARKET_SIDEWAYS,96.4706,97.0493,90.8937,0.0484289,-0.033015,0.037962,-0.149117,-0.420483,0.0132841,0.3,0,0.0608667,0.61413,0.518802,False,False,True,True,False,False,False,False,False,True,False,False,0.0884146,False,,,0,,,,,,0.956522,0.0178016,0.0260945,9,True,0.0632091,True,0.0234009,0.044586,0.00905085,0.0152131
2026-07-16,True,3395,4086.22,0.035061,45625,-0.000144856,MARKET_SIDEWAYS,99.8529,97.0352,89.3155,0.0352058,0.0281772,0.105374,-0.0994168,-0.452163,0.0218775,0.4,0,0.057227,0.677278,0.65272,False,False,True,True,False,False,False,False,False,True,False,False,0.119293,False,,,0,,,,,,0.959799,0.00569949,0.0317092,12,False,0.0510836,False,-0.00147059,0.041411,0.00437235,-0.00464451
2026-07-17,True,3210,3863.56,-0.0544919,42671.3,-0.0647389,MARKET_SIDEWAYS,94.4118,90.7533,82.4541,0.010247,0.0108725,0.105476,-0.135042,-0.473205,0.0283431,0.4,0,0.0627503,0.731573,0.616218,False,False,True,True,False,False,False,False,False,True,True,False,0.0389408,False,,,0,,,,,,0.463415,-0.0108031,-0.015032,2,False,0.0190476,False,-0.0123077,-0.0153374,-0.0339154,-0.0455182
2026-07-20,True,3200,3851.52,-0.00311526,42449.7,-0.00519249,MARKET_SIDEWAYS,94.1176,90.282,79.4584,0.00207722,0.0282519,0.161124,-0.116595,-0.472199,0.0279148,0.5,0,0.0633929,0.802661,0.710481,True,False,True,True,False,False,False,False,False,True,True,False,0.04375,False,,,0,,,,,,0.605128,0.0119975,0.00258287,0,False,0.0457516,True,0.0174881,0.00787402,-0.00879968,-0.0215709
2026-07-21,True,3520,4236.67,0.1,44232.9,0.0420067,MARKET_SIDEWAYS,103.529,94.0745,81.7386,0.0579933,0.110149,0.252129,-0.0106215,-0.434793,0.0237651,0.6,0,0.0607752,0.936027,0.799439,True,True,True,True,False,False,False,False,False,True,False,False,0.130682,False,,,0,,,,,,1,0.0252723,0.0351378,21,False,0.0982839,False,0.010043,0.0982839,0.0276313,0.0482943
2026-07-22,True,3500,4238.76,0.000491874,44825.8,0.0134043,MARKET_SIDEWAYS,103.58,95.3355,83.8053,-0.0129124,0.116629,0.231044,-0.0363395,-0.430406,0.0161071,0.6,0,0.0612788,0.939684,0.807256,True,True,True,True,False,False,False,False,False,True,False,False,0.131109,False,,,0,,,,,,0.247706,-0.000511572,-0.0121916,2,False,0.0279001,False,0.0189229,-0.0126939,-0.0082441,-0.00723483
2026-07-23,True,3710,4493.08,0.06,44850.8,0.000558384,MARKET_SIDEWAYS,109.795,95.3887,82.6845,0.0594416,0.185894,0.304678,0.0528335,-0.335205,0.0210861,0.7,0,0.0591876,0.957907,0.890648,True,True,True,True,True,False,True,True,False,True,False,False,0.141449,False,,,0,,,,,,0.578261,-0.00506624,0.00904998,11,False,0.0305556,False,0.00134953,0.0262794,-0.00332441,-0.0140004
2026-07-24,True,3430,4153.98,-0.0754717,43654.8,-0.0266655,MARKET_SIDEWAYS,101.509,92.8451,79.3392,-0.0488062,0.114325,0.244002,0.0787265,-0.36878,0.00985047,0.6,0,0.0677889,0.947308,0.814225,True,True,True,True,False,False,False,False,False,True,True,False,0.0189504,False,,,0,,,,,,0.0458333,-0.0178053,-0.0385567,3,False,0.0193165,False,0.00292398,-0.060274,-0.00949801,-0.0381047
2026-07-27,True,3525,4269.03,0.0276968,43634.2,-0.000473029,MARKET_SIDEWAYS,104.32,92.8012,79.1587,0.0281698,0.148619,0.254137,0.0640525,-0.413249,-0.00110803,0.7,0,0.0660826,0.926659,0.769862,True,True,True,True,False,False,False,False,False,True,True,False,0.0453901,False,,,0,,,,,,0.494382,0.00585556,0.00925155,6,False,0.0307018,True,0.00142045,0.0143885,0.00392998,-0.00237579
2026-07-28,True,3370,4081.32,-0.0439716,41603.4,-0.0465422,MARKET_SIDEWAYS,99.7331,88.482,73.6145,0.00257054,0.174601,0.282782,0.104748,-0.410269,-0.00221433,0.8,0,0.069994,0.873099,0.774683,True,False,True,True,False,False,False,False,False,True,True,False,0.0207715,False,,,0,,,,,,0.696721,-0.00460015,0.0118393,5,False,0.0212121,False,-0.00882353,0,-0.0133268,-0.0257774
2026-07-29,True,3310,4008.65,-0.0178042,40039.2,-0.0375974,MARKET_DOWN,97.9574,85.1553,69.409,0.0197933,0.137968,0.251784,0.118618,-0.361142,-0.00575443,0.8,0,0.0725869,0.902098,0.752524,True,True,True,True,False,False,False,False,False,True,True,False,0.0241692,False,,,0,,,,,,0.271318,-0.0129503,-0.00323995,3,False,0.0247678,False,-0.0235988,-0.014881,-0.0366256,-0.0597541
2026-07-30,True,3135,3796.71,-0.0528701,39933.3,-0.00264441,MARKET_DOWN,92.7784,84.9302,66.5953,-0.0502257,0.0538995,0.183532,0.0924081,-0.326255,-0.00667834,0.7,0,0.0793884,0.751171,0.729248,False,False,True,True,False,False,False,False,False,True,True,False,0.0111643,False,,,0,,,,,,0.393365,-0.0200687,0.000292869,8,False,0.0112903,False,-0.0218409,-0.0047619,0.00375832,0.01603
2026-07-31,True,3445,4172.15,0.0988836,43119.8,0.0797943,MARKET_SIDEWAYS,101.953,91.7071,71.6385,0.0190893,0.0693621,0.211043,0.0813685,-0.23179,-0.014858,0.7,0,0.0745509,0.917258,0.767234,True,True,True,True,False,False,False,False,False,True,False,False,0.100145,False,,,0,,,,,,0.528846,0.0104868,0.0024408,1,False,0.0345345,True,0.0222552,0.00145349,0.0150746,-0.00408955
2026-08-03,True,3770,4565.75,0.0943396,43386.4,0.00618417,MARKET_SIDEWAYS,111.571,92.2742,74.9408,0.0881554,0.163374,0.242295,0.195957,-0.0538323,-0.000390099,0.7,0,0.0696702,0.896882,0.876347,True,False,True,True,False,False,True,True,False,True,False,False,0.177719,False,,,0,,,,,,0.790698,0.00247442,0.00242242,4,False,0.0314637,True,0.00802139,0.0202977,0.00652171,0.0170225
2026-08-04,True,4145,5019.9,0.0994695,43360.7,-0.000593504,MARKET_SIDEWAYS,122.669,92.2195,77.6378,0.100063,0.204587,0.235038,0.348833,0.0963733,0.0259795,0.7,1,0.066753,0.968293,0.913034,True,True,True,True,True,True,True,True,True,True,False,False,0.196622,False,,,0,,,,,,0.994475,0.0245203,0.0252184,24,True,0.117251,False,0.0072904,0.117251,0.00514084,0.0327282
2026-08-05,True,4340,5256.06,0.0470446,44611.6,0.0288497,MARKET_SIDEWAYS,128.44,94.88,79.5257,0.018195,0.244778,0.291066,0.393385,0.0188671,0.0458366,0.8,0,0.0645187,0.958385,0.95352,True,True,True,True,True,False,True,True,False,True,False,False,0.157834,False,,,0,,,,,,0.849593,0.00748956,0.0132524,11,False,0.0382775,False,-0.0125142,0.0333333,-0.00218009,-0.0196486
2026-08-06,True,4450,5389.28,0.0253456,44396.7,-0.00481713,MARKET_SIDEWAYS,131.695,94.4229,80.6593,0.0301628,0.209586,0.223955,0.44142,0.0779734,0.0400209,0.8,0,0.0648743,0.971429,0.945837,True,True,True,True,True,False,True,True,False,True,False,False,0.166292,False,,,0,,,,,,0.725664,0.00280299,0.015248,13,False,0.0520095,True,-0.00224215,0.0360885,0.000833188,0.0287647
2026-08-07,True,4380,5304.5,-0.0157303,44225.9,-0.00384691,MARKET_SIDEWAYS,129.623,94.0597,79.3787,-0.0118834,0.263886,0.27647,0.410194,0.168002,0.0131952,0.8,0,0.0669117,0.953972,0.917255,True,True,True,False,True,False,False,False,False,True,True,False,0.0456621,False,,,0,,,,,,0.251142,-0.0181814,-0.012378,0,False,0.0138889,False,-0.0223214,-0.04679,-0.0117407,-0.0264363
2026-08-10,True,4135,5007.79,-0.0559361,44928.8,0.0158923,MARKET_SIDEWAYS,122.373,95.5545,81.9342,-0.0718283,0.143381,0.137988,0.31534,0.149023,-0.0229571,0.7,0,0.0726378,0.787611,0.7758,False,False,True,False,False,False,False,False,False,True,True,False,0.0205563,True,,,0,,,,,,0.0223881,-0.0118456,-0.0255229,0,False,0.0209877,False,-0.00120773,-0.0749441,0.00591408,0.0187615
2026-08-11,True,4065,4923.01,-0.0169287,45120.7,0.00427254,MARKET_SIDEWAYS,120.301,95.9628,83.2953,-0.0212012,0.121686,0.0747252,0.321023,0.0771476,-0.0393766,0.6,0,0.0750308,0.435832,0.698305,False,False,True,False,False,False,False,False,False,True,True,False,0.0418205,True,,,0,,,,,,0.699248,0.0123205,-0.00203864,1,False,0.0436457,False,0.0137157,-0.0240096,0.00556484,0.0105229
2026-08-12,True,4470,5413.5,0.099631,45518.1,0.00880638,MARKET_SIDEWAYS,132.287,96.8078,84.8646,0.0908246,0.213615,0.127778,0.374686,0.235664,-0.028913,0.6,0,0.0695909,0.651899,0.728016,False,False,True,False,False,False,False,True,False,True,False,False,0.128635,True,,,0,,,,,,0.89916,0.0341862,0.0342528,19,True,0.0836364,False,0.041958,0.0836364,0.00455224,0.00386598
2026-08-13,True,4635,5613.32,0.0369128,46021.5,0.0110596,MARKET_SIDEWAYS,137.17,97.8785,86.3797,0.0258532,0.32601,0.181384,0.361884,0.317592,-0.00581059,0.7,0,0.0657266,0.761062,0.825438,False,False,True,False,False,False,True,False,False,True,False,False,0.159655,True,,,0,,,,,,0.771654,0.0200706,0.0106049,15,False,0.0498301,True,0.03,0.03,-0.00278505,-0.0041273
2026-08-14,True,4855,5879.76,0.0474649,45811,-0.0045733,MARKET_SIDEWAYS,143.681,97.4309,85.3114,0.0520382,0.346875,0.218429,0.417549,0.408481,0.0229684,0.7,1,0.0652494,0.944162,0.943111,True,True,True,False,False,True,True,True,True,True,False,False,0.15036,True,,,0,,,,,,0.492537,0.0293311,0.00774891,12,False,0.0717439,True,0.0682068,0.0340788,-0.0115174,-0.00156225
2026-08-17,True,5340,6467.13,0.099897,45857.3,0.0010098,MARKET_SIDEWAYS,158.034,97.5293,85.5859,0.0988872,0.359496,0.274399,0.55434,0.455606,0.0409616,0.7,0,0.062801,0.991071,0.967115,True,True,True,True,True,False,True,True,False,True,False,False,0.173221,False,,,0,,,,,,1,0,0,0,True,0,False,0,0,-0.00608242,-0.00677782
2026-08-18,True,5150,6237.03,-0.0355805,45308.7,-0.011963,MARKET_SIDEWAYS,152.411,96.3625,83.7822,-0.0236175,0.197535,0.163318,0.437198,0.320822,0.0243403,0.6,0,0.0662968,0.961686,0.922744,True,True,True,True,True,False,False,False,False,True,False,False,0.120388,False,,,0,,,,,,0.111554,-0.0279696,-0.0164967,9,False,0.00585938,False,-0.026465,-0.0409683,-0.0150642,-0.0258797
2026-08-19,True,5460,6612.46,0.0601942,44719.3,-0.013007,MARKET_SIDEWAYS,161.585,95.1091,83.9115,0.0732012,0.255649,0.202915,0.563713,0.422239,0.0243731,0.6,0,0.0680272,0.966624,0.929507,True,True,True,True,True,False,True,True,False,True,False,False,0.104396,False,,,0,,,,,,0.991561,0.0129211,0.0198834,11,False,0.116564,False,0.00367647,0.115424,0.00748574,0.0170183
2026-08-20,True,5600,6782.01,0.025641,44933.7,0.00479412,MARKET_SIDEWAYS,165.729,95.5651,84.1605,0.0208469,0.246331,0.215019,0.506648,0.487237,0.013779,0.6,0,0.0660077,0.973248,0.906205,True,True,True,True,True,False,True,True,False,True,False,False,0.126786,False,,,0,,,,,,0.681223,0.0145152,0.00233635,0,False,0.049672,False,0.017257,-0.000892061,-0.00360981,-0.017968
2026-08-21,True,5395,6533.74,-0.0366071,45224.3,0.00646619,MARKET_SIDEWAYS,159.662,96.183,83.6396,-0.0430733,0.209161,0.178057,0.518301,0.447511,-0.00952746,0.6,0,0.067589,0.968234,0.801803,True,True,True,True,True,False,False,False,False,True,False,False,0.0936052,False,,,0,,,,,,0.450549,-0.00976418,-0.00402519,0,False,0.0121951,False,-0.0217588,-0.0244123,0.00723865,-0.0218072
2026-08-24,True,5155,6243.08,-0.0444856,44762.3,-0.0102151,MARKET_SIDEWAYS,152.559,95.2005,82.8101,-0.0342705,0.250379,0.235984,0.425555,0.444726,-0.0227621,0.6,0,0.0699737,0.815589,0.791886,True,False,True,True,False,False,False,False,False,True,True,False,0.00872939,False,,,0,,,,,,0.146444,-0.0138032,-0.0294156,8,False,0.00880626,False,-0.000968992,-0.0236742,-0.0107925,-0.00961972
2026-08-25,True,5205,6303.64,0.00969932,45169.5,0.0090956,MARKET_SIDEWAYS,154.039,96.0664,83.8659,0.000603725,0.279363,0.273592,0.422572,0.463104,-0.0415441,0.7,0,0.0694387,0.896287,0.800247,True,False,True,True,False,False,False,False,False,True,True,False,0.0566763,False,,,0,,,,,,0.662983,0.0273362,0.00770065,5,False,0.0600815,True,0.0306931,0.0266272,0.0158008,0.0198798
2026-08-26,True,5725,6933.39,0.0999039,45832.6,0.0146816,MARKET_UP,169.428,97.4768,86.0372,0.0852223,0.27385,0.266943,0.510977,0.48395,-0.0250467,0.7,0,0.0658765,0.921466,0.803558,True,True,True,True,False,False,True,True,False,True,False,False,0.142358,False,,,0,,,,,,1,0.0277515,0.0341872,25,True,0.113813,False,0.00792254,0.110572,0.0175033,0.0372273
2026-08-27,True,5645,6836.51,-0.0139738,45975.2,0.00311132,MARKET_UP,167.06,97.7801,88.2399,-0.0170851,0.218912,0.196373,0.564004,0.410631,-0.00642295,0.6,0,0.0681387,0.715223,0.793409,False,False,True,True,False,False,False,False,False,True,False,False,0.130204,False,,,0,,,,,,0.199074,-0.0262332,-0.0118933,0,False,0.00893655,False,-0.0156931,-0.0520571,-0.00395319,-0.00651623
2026-08-28,True,5785,7006.06,0.0248007,46331.4,0.0077483,MARKET_UP,171.203,98.5377,89.9821,0.0170524,0.180195,0.136806,0.56284,0.494741,0.00408207,0.6,0,0.0651932,0.830475,0.857478,True,False,True,True,False,False,False,False,False,True,False,False,0.111495,False,,,0,,,,,,0.51497,-0.00599738,0.00318852,9,False,0.016696,True,-0.00258621,0.00608696,-0.00474263,-0.00710608
2026-08-31,True,5990,7254.33,0.0354365,46128.5,-0.00438104,MARKET_UP,177.27,98.106,88.64,0.0398175,0.115809,0.0860377,0.494411,0.60007,0.0060827,0.6,1,0.063916,0.967192,0.83661,True,True,True,True,True,True,True,True,True,True,True,True,0.0659432,False,DISCOVERY/PROBE_SIGNAL@5990.0,,0,,,,,,0.893333,0.00764441,0.0184746,21,False,0.0527241,False,0.00167224,0.0490368,0.00794804,0.00579451
2026-09-01,True,5885,7127.17,-0.0175292,46948.7,0.0177819,MARKET_UP,174.163,99.8505,89.7656,-0.0353111,0.106521,0.0713028,0.311276,0.570359,-0.0112035,0.6,0,0.0634786,0.959211,0.735065,True,True,True,True,True,False,False,False,False,True,True,False,0.0331351,False,PROBE@6090.2,PROBE,0.25,PROBE,0.25,5595,0.051832,-0.0336915,0.163265,-0.00510898,-0.0111454,1,False,0.0111684,False,0.00426621,-0.0312757,0.0131497,0.0197079
2026-09-02,True,5770,6987.89,-0.0195412,46164.7,-0.0166991,MARKET_SIDEWAYS,170.76,98.1831,88.7164,-0.00284214,0.0244556,-0.000485416,0.284765,0.432212,-0.0131173,0.5,0,0.0643724,0.728117,0.570571,False,False,True,True,False,False,False,False,False,True,True,False,0.0190641,False,FAILED_PROBE@5740.6,,0,,,,,,0.348039,0.00614577,-0.00387765,1,False,0.0194346,True,0.0131694,0.00260643,-0.00896711,-0.0215229
2026-09-03,True,5615,6800.18,-0.0268631,45857.7,-0.0066514,MARKET_SIDEWAYS,166.172,97.5301,85.3139,-0.0202117,-0.0178833,-0.0110263,0.221599,0.39969,-0.0241581,0.4,0,0.0648772,0.798419,0.501345,False,False,True,True,False,False,False,False,False,True,True,False,0.00445239,False,,,0,,,,,,0.554286,-0.016806,-0.00665573,0,False,0.00447227,False,-0.0243267,-0.0268631,-0.011794,-0.0368804
2026-09-04,True,5875,7115.05,0.0463045,46551.1,0.0151222,MARKET_UP,173.867,99.005,87.788,0.0311823,0.0596322,0.0393723,0.274325,0.444517,-0.0237789,0.5,0,0.0607295,0.903821,0.644831,True,True,True,True,False,False,False,False,False,True,True,False,0.0485107,False,,,0,,,,,,0.0885417,0.00577405,-0.00958695,2,False,0.0262009,True,0.016436,0.00685518,-0.000414211,-0.00614941
2026-09-07,True,5655,6848.62,-0.0374468,47326.3,0.0166514,MARKET_UP,167.356,100.654,88.7127,-0.0540982,0.039714,0.0257135,0.298313,0.433129,-0.0213387,0.5,0,0.0635342,0.507979,0.654499,False,False,True,True,False,False,False,False,False,True,True,False,0.0114943,False,,,0,,,,,,0.00568182,-0.00806805,-0.0204582,0,False,0.00982143,False,-0.00440141,-0.0575,0.00456473,-0.00203135
2026-09-08,True,5550,6721.46,-0.0185676,47105.8,-0.00465893,MARKET_SIDEWAYS,164.249,100.185,86.8895,-0.0139087,0.0234145,0.0302307,0.307779,0.419053,-0.023057,0.4,0,0.0594595,0.653691,0.629107,False,False,True,True,False,False,False,False,False,True,True,False,0.0126126,False,,,0,,,,,,0.313725,-0.0048468,-0.00368483,1,False,0.0127737,False,-0.0080429,-0.0263158,-0.00625309,-0.0342665
2026-09-09,True,5760,6975.78,0.0378378,47183.4,0.00164693,MARKET_SIDEWAYS,170.464,100.35,88.078,0.0361909,-0.0233576,-0.0176057,0.243111,0.454064,-0.0138147,0.4,0,0.0574157,0.623306,0.53561,False,False,True,True,False,False,False,False,False,True,True,False,0.0486111,False,,,0,,,,,,0.77957,-0.000729386,0.00448877,5,False,0.0285714,True,0.0105263,0.00964067,-0.00330799,0.00079703
2026-09-10,True,5790,7012.11,0.00520833,46940.5,-0.00514737,MARKET_SIDEWAYS,171.351,99.833,87.1297,0.0103557,0.00469101,0.0382675,0.224734,0.502124,-0.00653177,0.5,0,0.0560079,0.721379,0.703993,False,False,True,True,False,False,False,False,False,True,True,False,0.0535406,False,,,0,,,,,,0.305556,0.000818927,-0.00309843,4,False,0.0148992,False,0.0104712,0.00959024,0.00235382,-0.0072911
2026-09-11,True,5765,6981.84,-0.00431779,46184.8,-0.0160978,MARKET_SIDEWAYS,170.612,98.226,85.5663,0.01178,-0.00029306,0.0456168,0.177824,0.444155,0.0108032,0.5,0,0.054764,0.649038,0.761511,False,False,True,True,False,False,False,False,False,True,True,False,0.028621,False,,,0,,,,,,0.393443,4.78267e-05,0.00429816,9,False,0.0267142,False,0.0149648,0.020354,0.00113868,0.0108514
2026-09-14,True,5820,7048.45,0.00954033,45862.5,-0.00697913,MARKET_SIDEWAYS,172.239,97.5404,84.8774,0.0165195,-0.0226152,0.0140683,0.0897629,0.496366,0.0146569,0.5,0,0.0557806,0.700831,0.702072,False,False,True,True,False,False,False,False,False,True,True,False,0.0549828,False,,,0,,,,,,0.99505,0.00262843,0.0229743,10,False,0.0581818,True,-0.0127226,0.0430108,0.00683362,0.0202621
2026-09-15,True,5310,6430.8,-0.0876289,45511.5,-0.00765396,MARKET_SIDEWAYS,157.146,96.7938,83.5293,-0.0799749,-0.0670933,-0.0282325,0.0264733,0.459576,-0.00682225,0.5,0,0.0610708,0.316227,0.481198,False,False,True,True,False,False,False,False,False,True,True,False,0.0131827,False,,,0,,,,,,0.188172,-0.0149804,-0.0381,0,False,0.0133588,False,-0.0157553,-0.0741064,-0.00727603,-0.00650926
2026-09-16,True,5240,6346.02,-0.0131827,45848.9,0.00741373,MARKET_SIDEWAYS,155.075,97.5115,86.0123,-0.0205964,-0.0850133,-0.061374,-0.0639367,0.410543,-0.0216023,0.5,0,0.0611369,0.0485437,0.378017,False,False,True,True,False,False,False,False,False,True,True,False,0.00572517,False,,,0,,,,,,0.157407,-0.0199095,-0.0183044,8,False,0.00575816,False,-0.0131827,-0.0150376,0.00502216,0.00359099
2026-09-17,True,5355,6485.3,0.0219466,46288,0.00957711,MARKET_SIDEWAYS,158.478,98.4453,85.088,0.0123695,-0.0556888,-0.0436559,-0.0717273,0.472472,-0.0248451,0.6,0,0.0604909,0.0680556,0.397083,False,False,True,True,False,False,False,False,False,True,True,False,0.0270775,False,,,0,,,,,,0.31016,-0.0175267,-0.00667805,11,False,0.00657895,False,-0.00557103,-0.00833333,2.41969e-05,-0.039979
2026-09-18,True,5525,6691.18,0.031746,47180.8,0.0192869,MARKET_SIDEWAYS,163.509,100.344,87.4245,0.0124592,-0.0730998,-0.0554332,-0.0183702,0.607745,-0.015272,0.6,0,0.0578539,0.0359116,0.380158,False,False,True,True,False,False,False,False,False,True,True,False,0.0570136,False,,,0,,,,,,0.247368,-0.00207077,-0.00217013,3,False,0.0203139,True,-0.00360685,0.000905797,0.00349687,0.000360628
2026-09-21,True,5790,7012.11,0.0479638,47718.8,0.0114049,MARKET_UP,171.351,101.488,87.9231,0.0365589,0.0155777,0.0327738,0.0535923,0.598157,0.0127592,0.7,0,0.0563163,0.187671,0.719536,False,False,True,True,False,False,False,False,False,True,False,False,0.0811745,False,,,0,,,,,,0.325,-0.00194365,0.000332217,5,False,0.0157895,True,0.0017301,0.00433651,0.00921684,0.016116
2026-09-22,True,5830,7060.56,0.00690846,47800.2,0.00170436,MARKET_UP,172.535,101.661,87.9736,0.0052041,0.0357094,0.0379738,0.0584328,0.663416,0.021099,0.8,0,0.0564813,0.618725,0.763076,False,False,True,True,False,False,False,False,False,True,True,False,0.0711835,False,,,0,,,,,,0.445596,-0.0105666,-0.00258831,3,False,0.00865052,False,-0.0127011,-0.0258981,-0.0159816,-0.0169243
2026-09-23,True,6410,7762.98,0.0994854,48157.3,0.0074711,MARKET_UP,189.7,102.421,87.9744,0.0920143,0.0922058,0.114024,0.0656024,0.801088,0.0338489,0.8,0,0.0552708,0.891632,0.837772,True,False,True,True,False,False,True,False,False,True,False,False,0.110764,False,,,0,,,,,,0.931034,0.0225233,0.0158784,14,True,0.0809444,True,0.00944882,0.0674438,-0.00057466,0.00900882
2026-09-24,True,6920,8380.63,0.0795632,48024.6,-0.00275535,MARKET_SIDEWAYS,204.793,102.139,88.6499,0.0823185,0.172069,0.177717,0.173552,1.00505,0.0501072,0.8,1,0.054552,0.96978,0.905416,True,True,True,True,True,True,True,True,True,True,False,False,0.16474,False,,,0,,,,,,0.798283,0.0521092,0.0395385,14,False,0.113435,True,0.0274684,0.054878,0.00356564,0.0117278
2026-09-29,True,6895,8350.35,-0.00361272,47632,-0.00817581,MARKET_SIDEWAYS,204.053,101.304,88.5469,0.00456309,0.164677,0.161177,0.159333,0.95928,0.0488832,0.8,0,0.0538175,0.947945,0.877726,True,True,True,True,False,False,False,False,False,True,False,False,0.139956,False,,,0,,,,,,0.078341,-0.0128545,-0.00592198,1,False,0.00656934,False,-0.00433213,-0.015,-0.00648522,-0.0142792
2026-09-30,True,6800,8235.3,-0.0137781,47940.1,0.00646982,MARKET_SIDEWAYS,201.242,101.959,89.8375,-0.0202479,0.123084,0.109946,0.0923252,0.95226,0.0329411,0.7,0,0.0558298,0.925414,0.785502,True,True,True,True,False,False,False,False,False,True,False,False,0.0860294,False,,,0,,,,,,0.0049505,-0.00524557,-0.0128741,1,False,0.0119048,False,0.00740741,-0.025788,-0.00441781,-0.00404854
