stock_id,name,sector,period,probe_date,probe_price,confirm_date,add_date,add_price,add_premium,add2_date,add2_price,add_mfe,add_mae,add_leg_ret,exit_date,exit_price,exit_reason,ret_on_invested,pnl_slots
1215,卜蜂,食品工業,STRICT_OOS,2025-03-04,102.255,2025-03-11,2025-03-12,104.26,0.0196079,,,-0.00249377,-0.031268,-0.028906,2025-03-13,101.246,HARD_STOP,-0.0285914,-0.0285914
1227,佳格,食品工業,STRICT_OOS,2026-07-27,29.4735,2026-07-29,2026-07-30,30.075,0.0204082,,,0.00415628,-0.042394,-0.0364963,2026-08-03,28.9774,HARD_STOP,-0.0360094,-0.0360094
1229,聯華,食品工業,STRICT_OOS,2025-07-08,45.8644,2025-07-14,2025-07-15,47.719,0.0404372,,,0.0558202,-0.0108762,0.0272458,2025-08-14,45.4361,TREND_FAILURE_MA20x2,0.0330459,0.0330459
1442,名軒,建材營造,DISCOVERY,2024-03-21,43.1075,2024-04-16,2024-04-17,48.7215,0.130233,,,0.293064,-0.00659873,0.156753,2024-05-13,56.3588,MFE_PROTECTION,0.189477,0.189477
1446,宏和,紡織纖維,DISCOVERY,2024-11-15,46.6162,2024-11-19,2024-11-20,51.2278,0.0989247,,,0.147815,-0.0698401,-0.0721655,2024-12-11,47.5309,MFE_PROTECTION,-0.0536083,-0.0536083
1524,耿鼎,汽車工業,STRICT_OOS,2025-03-12,40.2002,2025-03-14,2025-03-17,42.2052,0.0498753,,,0.0839884,-0.203891,-0.203517,2025-04-08,33.6158,TREND_FAILURE_MA20x2,-0.197651,-0.197651
1563,巧新,電機機械,DISCOVERY,2023-02-16,52.6713,2023-03-03,2023-03-06,57.2026,0.0860297,,,0.0576433,-0.0594841,-0.0440486,2023-03-22,54.683,TREND_FAILURE_MA20x2,-0.0279358,-0.0279358
1584,精剛,其他,DISCOVERY,2024-08-20,39.6489,2024-08-23,2024-08-26,41.2028,0.0391909,,,0.0193494,-0.0583153,-0.0413019,2024-08-30,39.501,HARD_STOP,-0.036337,-0.036337
1591,駿吉-KY,電機機械,DISCOVERY,2023-07-19,39.0474,2023-07-21,2023-07-24,40.1501,0.0282413,,,0.0697352,-0.0523068,0.0111612,2023-08-30,40.5983,TREND_FAILURE_MA20x2,0.0137592,0.0137592
1608,華榮,電器電纜,DISCOVERY,2024-03-12,23.5587,2024-03-14,2024-03-15,26.3658,0.119149,,,0.799683,-0.0518002,0.388477,2024-05-03,36.6083,TREND_FAILURE_MA20x2,0.424369,0.424369
1720,生達,生技醫療業,DISCOVERY,2023-04-25,69.1725,2023-04-28,2023-05-02,77.1925,0.115942,,,0.0117563,-0.142404,-0.127749,2023-05-15,67.3312,TREND_FAILURE_MA20x2,-0.106736,-0.106736
1736,喬山,化學生技醫療,DISCOVERY,2024-11-27,157.894,2024-12-03,2024-12-04,175.939,0.114286,,,0.153811,-0.0110195,0.0346996,2025-01-02,182.044,TREND_FAILURE_MA20x2,0.0596178,0.0596178
2002,中鋼,鋼鐵工業,STRICT_OOS,2025-03-03,23.659,2025-03-07,2025-03-10,24.4109,0.0317797,,,0.0200372,-0.0557487,-0.0233759,2025-03-25,23.8403,TREND_FAILURE_MA20x2,-0.0200815,-0.0200815
2049,上銀,電機機械,DISCOVERY,2024-12-06,247.116,2024-12-11,2024-12-12,255.637,0.0344828,,,0.320229,-0.0435675,0.100367,2025-01-10,281.295,MFE_PROTECTION,0.105105,0.105105
2059,川湖,電子零組件業,STRICT_OOS,2025-02-13,1664.15,2025-02-17,2025-02-18,1784.45,0.0722892,,,0.168427,-0.0137017,0.0229623,2025-03-11,1825.43,MFE_PROTECTION,0.0368563,0.0368563
2072,世紀風電,鋼鐵工業,DISCOVERY,2024-02-29,427.306,2024-03-04,2024-03-05,483.135,0.130654,,,0.032838,-0.161725,-0.128722,2024-03-07,420.945,HARD_STOP,-0.104537,-0.104537
2072,世紀風電,鋼鐵工業,STRICT_OOS,2026-07-28,150.876,2026-08-04,2026-08-05,167.418,0.109635,,,-0.00249377,-0.104036,-0.103297,2026-08-06,150.124,HARD_STOP,-0.0830427,-0.0830427
2101,南港,橡膠工業,DISCOVERY,2023-12-29,43.0072,2024-01-04,2024-01-05,45.1125,0.0489511,,,0.0252147,-0.0745359,-0.0724272,2024-01-16,41.8451,HARD_STOP,-0.0654384,-0.0654384
2201,裕隆,汽車工業,DISCOVERY,2023-01-05,65.9645,2023-01-30,2023-01-31,78.7965,0.194529,,,0.077459,-0.0380283,7.61488e-05,2023-03-06,78.8025,TREND_FAILURE_MA20x2,0.0441025,0.0441025
2206,三陽工業,汽車工業,DISCOVERY,2023-05-16,61.5535,2023-05-18,2023-05-19,69.6737,0.131922,,,0.425214,-0.00967007,0.238397,2023-06-29,86.2837,TREND_FAILURE_MA20x2,0.274111,0.274111
2211,長榮鋼,鋼鐵工業,DISCOVERY,2023-12-07,91.1273,2023-12-15,2023-12-18,100.15,0.0990099,,,0.0733926,-0.0334474,0.0258887,2024-01-18,102.743,TREND_FAILURE_MA20x2,0.0466666,0.0466666
2211,長榮鋼,鋼鐵工業,STRICT_OOS,2025-10-14,107.769,2025-10-17,2025-10-20,112.781,0.0465116,,,0.0108063,-0.042394,-0.0447879,2025-10-27,107.73,HARD_STOP,-0.038105,-0.038105
2230,泰茂,電機機械,DISCOVERY,2023-10-24,113.282,2023-10-26,2023-10-27,119.799,0.0575221,,,0.489999,-0.0191884,0.39052,2024-01-09,166.583,TREND_FAILURE_MA20x2,0.405092,0.405092
2312,金寶,電子工業,DISCOVERY,2024-11-22,29.9747,2024-11-27,2024-11-28,33.7843,0.12709,,,-0.00249377,-0.107572,-0.0448471,2024-11-28,32.2691,HARD_STOP,-0.0189668,-0.0189668
2313,華通,電子零組件業,DISCOVERY,2023-11-27,69.1725,2023-11-29,2023-11-30,74.7865,0.0811594,,,0.042969,-0.0840593,-0.0530042,2024-01-02,70.8225,TREND_FAILURE_MA20x2,-0.0382138,-0.0382138
2316,楠梓電,電子零組件業,DISCOVERY,2023-09-20,38.2454,2023-09-22,2023-09-25,40.2002,0.051114,,,0.0572074,-0.0920454,-0.0757054,2023-10-12,37.1569,TREND_FAILURE_MA20x2,-0.0682505,-0.0682505
2344,華邦電,電子工業,STRICT_OOS,2025-09-16,26.5663,2025-09-18,2025-09-19,34.085,0.283019,,,1.02728,-0.0846414,0.551049,2025-11-24,52.8675,TREND_FAILURE_MA20x2,0.654806,0.654806
2345,智邦,電子工業,STRICT_OOS,2025-05-07,651.625,2025-05-14,2025-05-15,719.795,0.104615,,,0.128099,-0.0261116,-0.00498753,2025-06-20,716.205,TREND_FAILURE_MA20x2,0.0164885,0.0164885
2348,海悅,其他,DISCOVERY,2024-03-12,115.287,2024-03-19,2024-03-20,132.33,0.147826,,,0.722965,-0.0402781,0.481212,2024-05-27,196.009,TREND_FAILURE_MA20x2,0.530246,0.530246
2353,宏碁,電子工業,DISCOVERY,2023-12-19,39.1978,2023-12-21,2023-12-22,45.0123,0.148338,,,0.250771,-0.0369288,0.0880871,2024-01-08,48.9773,MFE_PROTECTION,0.123649,0.123649
2368,金像電,電子零組件業,DISCOVERY,2023-05-31,124.811,2023-06-05,2023-06-06,133.333,0.0682731,,,0.458759,-0.039994,0.245636,2023-08-02,166.084,TREND_FAILURE_MA20x2,0.261796,0.261796
2368,金像電,電子零組件業,STRICT_OOS,2025-07-09,315.787,2025-07-31,2025-08-01,369.421,0.169841,,,0.391366,-0.0241493,0.204276,2025-09-04,444.885,TREND_FAILURE_MA20x2,0.250335,0.250335
2377,微星,電腦及週邊設備業,DISCOVERY,2023-12-26,194.485,2023-12-29,2024-01-02,205.011,0.0541237,,,0.00238402,-0.041516,-0.0366138,2024-01-02,197.505,HARD_STOP,-0.0280253,-0.0280253
2383,台光電,電子零組件業,DISCOVERY,2023-07-11,279.698,2023-07-13,2023-07-14,310.775,0.111111,,,0.51543,-0.0411069,0.374219,2023-08-30,418.95,TREND_FAILURE_MA20x2,0.406964,0.406964
2392,正崴,電子工業,DISCOVERY,2024-05-20,54.6362,2024-05-22,2024-05-23,71.1775,0.302752,,,0.340311,-0.0769555,0.089753,2024-07-23,75.7103,TREND_FAILURE_MA20x2,0.167347,0.167347
2404,漢唐,電子工業,STRICT_OOS,2025-07-08,672.677,2025-07-11,2025-07-14,736.837,0.09538,,,0.75753,-0.025947,0.478549,2025-09-05,1047.38,TREND_FAILURE_MA20x2,0.508149,0.508149
2417,圓剛,電腦及週邊設備業,DISCOVERY,2024-12-18,44.4108,2024-12-20,2024-12-23,47.1175,0.0609481,,,0.116358,-0.075715,-0.0187483,2025-01-13,46.2341,TREND_FAILURE_MA20x2,-0.00828845,-0.00828845
2421,建準,電子零組件業,DISCOVERY,2023-03-15,47.4182,2023-03-22,2023-03-23,50.8268,0.0718816,,,0.117522,-0.0142986,0.0205256,2023-04-27,51.87,TREND_FAILURE_MA20x2,0.0342774,0.0342774
2429,銘旺科,電子零組件業,STRICT_OOS,2025-06-06,63.1575,2025-06-10,2025-06-11,78.0948,0.236508,,,-0.00249377,-0.203532,-0.182531,2025-07-03,63.84,TREND_FAILURE_MA20x2,-0.138395,-0.138395
2442,新美齊,電腦及週邊設備業,DISCOVERY,2024-11-22,25.9146,2024-11-26,2024-11-27,27.0675,0.0444874,,,-0.00249377,-0.0560635,-0.0565808,2024-11-27,25.536,HARD_STOP,-0.0504845,-0.0504845
2454,聯發科,電子工業,DISCOVERY,2024-05-09,1102.75,2024-05-14,2024-05-15,1172.92,0.0636364,,,0.278854,-0.023808,0.177833,2024-07-16,1351.61,TREND_FAILURE_MA20x2,0.191629,0.191629
2480,敦陽科,電子工業,STRICT_OOS,2026-07-03,160.901,2026-07-07,2026-07-08,162.405,0.00934579,,,0.0128998,-0.0240448,-0.0234137,2026-07-08,158.602,HARD_STOP,-0.0255844,-0.0255844
2489,瑞軒,電子工業,DISCOVERY,2023-05-04,11.8295,2023-05-08,2023-05-09,12.5312,0.0593221,,,0.244888,-0.0543642,0.122374,2023-07-14,14.0648,TREND_FAILURE_MA20x2,0.134207,0.134207
2520,冠德,建材營造,DISCOVERY,2024-11-21,55.9395,2024-11-26,2024-11-27,59.0472,0.0555556,,,-0.00249377,-0.0465263,-0.0489099,2024-11-28,56.1593,HARD_STOP,-0.04012,-0.04012
2524,京城,建材營造,DISCOVERY,2024-04-26,51.2278,2024-04-30,2024-05-02,55.4382,0.0821918,,,0.194121,-0.0367661,0.0579879,2024-05-09,58.653,MFE_PROTECTION,0.075048,0.075048
2530,華建,建材營造,DISCOVERY,2023-12-06,33.1326,2023-12-12,2023-12-13,34.7868,0.0499243,,,0.603398,-0.0139924,0.361799,2024-05-09,46.8825,TREND_FAILURE_MA20x2,0.373443,0.373443
2543,皇昌,建材營造,DISCOVERY,2024-10-25,85.012,2024-10-30,2024-11-01,95.6385,0.125,,,0.0341024,-0.0903245,-0.062352,2024-11-08,89.6753,HARD_STOP,-0.0374761,-0.0374761
2543,皇昌,建材營造,STRICT_OOS,2025-02-04,83.7088,2025-02-06,2025-02-07,91.1272,0.0886227,,,0.261972,-0.03322,0.0782038,2025-03-04,98.2538,MFE_PROTECTION,0.0973625,0.0973625
2547,日勝生,建材營造,STRICT_OOS,2025-03-17,12.7317,2025-03-19,2025-03-20,13.6841,0.0748032,,,0.0742375,-0.130379,-0.132553,2025-04-08,11.8703,HARD_STOP,-0.12057,-0.12057
2548,華固,建材營造,DISCOVERY,2024-11-13,122.305,2024-11-15,2024-11-18,126.816,0.0368852,,,-0.00249377,-0.053749,-0.048249,2024-11-18,120.697,HARD_STOP,-0.0438837,-0.0438837
2603,長榮,航運業,DISCOVERY,2023-12-18,138.846,2023-12-20,2023-12-21,148.871,0.0722022,,,0.10834,-0.0562315,0.00841331,2024-01-29,150.124,TREND_FAILURE_MA20x2,0.0220558,0.0220558
2603,長榮,航運業,STRICT_OOS,2025-03-10,225.562,2025-03-13,2025-03-14,226.565,0.00444444,,,0.0107475,-0.0311831,-0.020397,2025-03-14,221.944,HARD_STOP,-0.0237651,-0.0237651
2615,萬海,航運業,DISCOVERY,2024-08-01,78.596,2024-08-05,2024-08-06,78.0948,-0.00637755,,,0.0781775,-0.0396282,-0.00371024,2024-08-29,77.805,TREND_FAILURE_MA20x2,-0.00978679,-0.00978679
2618,長榮航,航運業,DISCOVERY,2023-05-25,31.0775,2023-05-29,2023-05-30,34.085,0.0967742,,,0.243949,-0.0274314,0.102035,2023-07-17,36.8077,TREND_FAILURE_MA20x2,0.123907,0.123907
2637,慧洋-KY,航運業,DISCOVERY,2024-11-12,79.2977,2024-11-14,2024-11-15,80.601,0.0164349,,,0.0210791,-0.0310294,-0.0334517,2024-11-26,77.9048,HARD_STOP,-0.0339141,-0.0339141
2641,正德,航運業,DISCOVERY,2023-03-03,21.0525,2023-03-09,2023-03-10,22.1051,0.05,,,0.031435,-0.0409464,-0.0388316,2023-03-13,21.2467,HARD_STOP,-0.0312566,-0.0312566
2727,王品,觀光餐旅,DISCOVERY,2023-02-07,193.984,2023-02-14,2023-02-15,218.044,0.124031,,,0.490527,-0.0139594,0.324396,2023-04-13,288.776,TREND_FAILURE_MA20x2,0.36014,0.36014
2731,雄獅,觀光餐旅,DISCOVERY,2023-03-28,131.327,2023-03-30,2023-03-31,147.869,0.125954,,,0.349169,-0.0363075,0.173777,2023-05-31,173.565,TREND_FAILURE_MA20x2,0.205764,0.205764
2743,山富,觀光餐旅,DISCOVERY,2023-11-02,121.302,2023-11-06,2023-11-07,135.338,0.115702,,,0.137896,-0.0394384,-0.0013023,2023-11-29,135.161,TREND_FAILURE_MA20x2,0.0230236,0.0230236
2743,山富,觀光餐旅,STRICT_OOS,2025-05-21,121.804,2025-05-23,2025-05-26,135.839,0.115226,,,0.0379954,-0.16077,-0.140838,2025-06-06,116.707,HARD_STOP,-0.120327,-0.120327
2753,八方雲集,觀光餐旅,STRICT_OOS,2025-03-11,169.423,2025-04-01,2025-04-02,180.45,0.0650888,,,0.0113605,-0.0967027,-0.0989609,2025-04-07,162.593,HARD_STOP,-0.0886094,-0.0886094
2812,台中銀,金融保險,STRICT_OOS,2025-03-04,19.8996,2025-03-10,2025-03-11,20.3508,0.02267,,,-0.00249377,-0.0172352,-0.00988907,2025-03-11,20.1495,HARD_STOP,-0.00876799,-0.00876799
2850,新產,金融保險,STRICT_OOS,2026-07-28,157.392,2026-07-30,2026-07-31,158.395,0.00636943,,,0.0480129,-0.0340604,-0.0333265,2026-08-05,153.116,HARD_STOP,-0.0362157,-0.0362157
2880,華南金,金融保險,STRICT_OOS,2026-07-20,40.3506,2026-07-30,2026-07-31,42.3055,0.0484472,,,0.0672371,-0.0561312,-0.0403552,2026-08-13,38.9402,HARD_STOP,-0.0331675,-0.0331675
2883,凱基金,金融保險,DISCOVERY,2024-03-12,13.5337,2024-03-14,2024-03-15,14.1854,0.0481481,,,0.0292291,-0.0342166,-0.0190513,2024-04-12,13.9151,TREND_FAILURE_MA20x2,-0.0117273,-0.0117273
2905,三商,貿易百貨,DISCOVERY,2024-07-31,19.2981,2024-08-02,2024-08-05,19.4986,0.0103896,,,7.05178e-05,-0.0666009,-0.0228926,2024-08-05,19.0523,HARD_STOP,-0.0248089,-0.0248089
2905,三商,貿易百貨,STRICT_OOS,2025-12-02,16.1904,2025-12-04,2025-12-05,16.9924,0.0495356,,,0.0210462,-0.0642862,-0.0636904,2025-12-24,15.9101,HARD_STOP,-0.056478,-0.056478
3005,神基,電腦及週邊設備業,DISCOVERY,2023-03-06,54.937,2023-03-08,2023-03-09,58.3455,0.0620438,,,0.3977,-0.0607673,0.247447,2023-07-03,67.83,TREND_FAILURE_MA20x2,0.261696,0.261696
3006,晶豪科,電子工業,STRICT_OOS,2025-09-16,64.561,2025-09-18,2025-09-19,73.0823,0.131988,,,0.231489,-0.0517533,0.0687171,2025-10-15,78.1042,MFE_PROTECTION,0.0992475,0.0992475
3011,今皓,電子零組件業,DISCOVERY,2023-03-16,21.4535,2023-03-21,2023-03-22,23.258,0.0841121,,,0.38232,-0.0540889,0.1344,2023-05-12,26.3839,TREND_FAILURE_MA20x2,0.153398,0.153398
3014,聯陽,電子工業,DISCOVERY,2023-05-15,102.255,2023-05-24,2023-05-25,110.776,0.0833333,,,0.123887,-0.0160346,0.0611378,2023-06-29,111.72,TREND_FAILURE_MA20x2,0.0785576,0.0785576
3017,奇鋐,電腦及週邊設備業,STRICT_OOS,2025-07-09,793.98,2025-07-15,2025-07-16,871.173,0.0972222,,,0.343018,-0.0392259,0.138856,2025-09-01,983.535,TREND_FAILURE_MA20x2,0.161661,0.161661
3019,亞光,電子工業,STRICT_OOS,2025-08-11,151.879,2025-08-13,2025-08-14,171.929,0.132013,,,0.0469453,-0.110096,-0.0746094,2025-09-17,159.101,TREND_FAILURE_MA20x2,-0.0484693,-0.0484693
3032,偉訓,電子工業,DISCOVERY,2024-08-21,70.576,2024-08-26,2024-08-27,77.1925,0.09375,,,-0.00249377,-0.137222,-0.108365,2024-09-04,68.8275,HARD_STOP,-0.091771,-0.091771
3038,全台,電子工業,DISCOVERY,2023-04-06,26.4159,2023-04-12,2023-04-13,27.669,0.0474383,,,0.127616,-0.0241787,0.0454841,2023-05-17,28.9275,TREND_FAILURE_MA20x2,0.0532529,0.0532529
3078,僑威,電子零組件業,DISCOVERY,2023-03-15,37.0925,2023-03-21,2023-03-22,39.2479,0.0581081,,,1.20139,-0.0203291,0.913779,2023-07-12,75.1118,TREND_FAILURE_MA20x2,0.934962,0.934962
3147,大綜,資訊服務業,STRICT_OOS,2025-04-23,218.545,2025-04-25,2025-04-28,268.67,0.229358,,,0.127778,-0.173708,-0.129364,2025-05-19,233.914,TREND_FAILURE_MA20x2,-0.0837636,-0.0837636
3163,波若威,通信網路業,STRICT_OOS,2025-01-02,145.363,2025-01-06,2025-01-07,157.393,0.0827586,,,0.105516,-0.123211,-0.119065,2025-02-04,138.652,HARD_STOP,-0.105112,-0.105112
3207,耀勝,電子零組件業,DISCOVERY,2024-03-12,100.25,2024-03-14,2024-03-15,105.263,0.05,,,0.410759,-0.0167439,0.307731,2024-04-24,137.655,TREND_FAILURE_MA20x2,0.318848,0.318848
3207,耀勝,電子零組件業,DISCOVERY,2024-09-04,140.35,2024-09-09,2024-09-10,145.864,0.0392857,,,0.0523519,-0.0641952,-0.0562768,2024-09-27,137.655,HARD_STOP,-0.0514023,-0.0514023
3231,緯創,電腦及週邊設備業,DISCOVERY,2023-03-21,37.0925,2023-03-23,2023-03-24,40.3005,0.0864865,,,3.10909,-0.0409548,2.07094,2023-08-07,120.698,TREND_FAILURE_MA20x2,2.12803,2.12803
3236,千如,電子零組件業,DISCOVERY,2023-03-14,29.1727,2023-03-16,2023-03-17,30.3757,0.0412371,,,0.0468877,-0.0551674,-0.0509617,2023-04-21,28.8277,HARD_STOP,-0.0455852,-0.0455852
3257,虹冠電,電子工業,DISCOVERY,2024-10-17,67.4682,2024-10-22,2024-10-23,72.7815,0.0787518,,,0.0139939,-0.106916,-0.0954432,2024-10-28,65.835,HARD_STOP,-0.0819596,-0.0819596
3303,岱稜,其他電子業,STRICT_OOS,2025-02-25,58.145,2025-03-03,2025-03-04,58.0448,-0.00172413,,,0.0199027,-0.0317815,-0.0324836,2025-03-10,56.1592,HARD_STOP,-0.0373266,-0.0373266
3374,精材,半導體業,DISCOVERY,2024-06-11,140.35,2024-06-13,2024-06-14,173.934,0.239286,,,0.49427,-0.0493653,0.226646,2024-08-06,210.971,MFE_PROTECTION,0.29485,0.29485
3376,新日興,電子零組件業,DISCOVERY,2023-10-17,88.3202,2023-10-19,2023-10-20,90.5258,0.0249716,,,0.463672,-0.0157497,0.316766,2023-12-19,119.201,TREND_FAILURE_MA20x2,0.319755,0.319755
3416,融程電,電腦及週邊設備業,STRICT_OOS,2025-07-07,145.362,2025-07-10,2025-07-11,152.38,0.0482759,,,0.384696,-0.077963,0.201216,2025-09-22,183.041,TREND_FAILURE_MA20x2,0.210728,0.210728
3430,奇鈦科,化學工業,STRICT_OOS,2025-09-25,60.3505,2025-09-30,2025-10-01,78.6963,0.303987,,,0.0750195,-0.111775,-0.0683641,2025-10-30,73.3163,TREND_FAILURE_MA20x2,-0.00206837,-0.00206837
3443,創意,電子工業,DISCOVERY,2023-02-08,860.145,2023-02-20,2023-02-21,1012.52,0.177156,,,0.214785,-0.0281721,0.0886028,2023-03-06,1102.24,MFE_PROTECTION,0.132008,0.132008
3444,利機,電子通路業,DISCOVERY,2023-09-22,82.5057,2023-09-27,2023-09-28,87.3177,0.0583232,,,0.454458,-0.0253986,0.290889,2023-12-12,112.718,TREND_FAILURE_MA20x2,0.304514,0.304514
3491,昇達科,通信網路業,STRICT_OOS,2026-01-22,981.447,2026-01-26,2026-01-27,1112.77,0.13381,,,0.70295,-0.0609063,0.214632,2026-03-06,1351.61,MFE_PROTECTION,0.25019,0.25019
3529,力旺,半導體業,DISCOVERY,2023-11-10,2290.71,2023-11-15,2023-11-16,2481.19,0.083151,,,0.0640066,-0.0468274,-0.00699766,2023-12-08,2463.83,TREND_FAILURE_MA20x2,0.00911392,0.00911392
3529,力旺,半導體業,DISCOVERY,2024-10-11,3047.6,2024-10-16,2024-10-17,3192.96,0.0476974,,,0.0069019,-0.0588677,-0.0456003,2024-10-18,3047.36,HARD_STOP,-0.0386427,-0.0386427
3545,敦泰,電子工業,DISCOVERY,2023-11-08,87.1172,2023-11-14,2023-11-15,97.1423,0.115075,,,0.400009,-0.00352318,0.221945,2023-12-13,118.702,TREND_FAILURE_MA20x2,0.25202,0.25202
3563,牧德,電子工業,STRICT_OOS,2025-02-25,425.06,2025-02-27,2025-03-03,437.09,0.0283019,,,0.3567,-0.0253723,0.129659,2025-03-31,493.763,TREND_FAILURE_MA20x2,0.132842,0.132842
3587,閎康,其他電子業,DISCOVERY,2023-05-25,198.495,2023-05-30,2023-05-31,220.55,0.111111,,,0.13353,-0.0206302,0.015365,2023-06-28,223.939,TREND_FAILURE_MA20x2,0.0389715,0.0389715
3587,閎康,其他電子業,DISCOVERY,2023-08-14,276.69,2023-08-17,2023-08-18,288.72,0.0434783,,,0.136049,-0.0371294,-0.0101699,2023-09-13,285.784,TREND_FAILURE_MA20x2,-0.00391219,-0.00391219
3609,三一東林,電子零組件業,STRICT_OOS,2025-02-11,50.6262,2025-02-13,2025-02-14,58.145,0.148515,,,0.042222,-0.140081,-0.135368,2025-02-27,50.274,HARD_STOP,-0.107533,-0.107533
3617,碩天,電子工業,DISCOVERY,2023-05-15,132.831,2023-05-17,2023-05-18,170.425,0.283019,,,0.478656,-0.0259645,0.270104,2023-07-13,216.458,TREND_FAILURE_MA20x2,0.35466,0.35466
3622,洋華,電子工業,DISCOVERY,2024-01-31,57.0422,2024-02-02,2024-02-05,71.0772,0.246046,,,-0.00249377,-0.217753,-0.194447,2024-02-27,57.2565,TREND_FAILURE_MA20x2,-0.14907,-0.14907
3624,光頡,電子零組件業,DISCOVERY,2023-02-08,54.0348,2023-02-10,2023-02-13,57.1425,0.0575139,,,0.275758,-0.032244,0.143392,2023-03-15,65.3363,MFE_PROTECTION,0.154972,0.154972
3653,健策,電子零組件業,DISCOVERY,2023-08-14,584.457,2023-08-16,2023-08-17,610.523,0.0445969,,,0.157822,-0.0368905,0.0615996,2023-09-19,635.408,TREND_FAILURE_MA20x2,0.0687704,0.0687704
3653,健策,電子零組件業,STRICT_OOS,2025-11-25,2681.69,2025-11-28,2025-12-01,2887.2,0.0766355,,,0.0875589,-0.0890828,-0.0706307,2025-12-19,2683.28,TREND_FAILURE_MA20x2,-0.0572062,-0.0572062
3661,世芯-KY,電子工業,DISCOVERY,2023-05-11,1353.38,2023-05-16,2023-05-17,1418.54,0.0481481,,,0.628438,-0.00601852,0.39583,2023-08-02,1980.04,TREND_FAILURE_MA20x2,0.407203,0.407203
3665,貿聯-KY,電子工業,STRICT_OOS,2025-06-24,806.01,2025-06-30,2025-07-01,846.11,0.0497512,,,0.106239,-0.0239776,0.00732033,2025-07-24,833.91,TREND_FAILURE_MA20x2,0.0153045,0.0153045
3675,德微,半導體業,DISCOVERY,2023-02-08,247.617,2023-02-15,2023-02-16,281.702,0.137652,,,0.144825,-0.123188,0.00563538,2023-03-14,283.29,MFE_PROTECTION,0.0356517,0.0356517
3675,德微,半導體業,DISCOVERY,2024-04-12,289.221,2024-04-16,2024-04-17,290.725,0.00519931,,,0.116175,-0.0294062,0.0169239,2024-05-09,291.27,TREND_FAILURE_MA20x2,0.0137047,0.0137047
3689,湧德,電子零組件業,DISCOVERY,2023-07-10,49.724,2023-07-17,2023-07-18,56.14,0.129032,,,-0.00249377,-0.146776,-0.132918,2023-07-19,48.678,HARD_STOP,-0.109211,-0.109211
3689,湧德,電子零組件業,DISCOVERY,2024-12-12,97.2425,2024-12-17,2024-12-18,104.761,0.0773196,,,0.0595521,-0.0779033,-0.0802086,2024-12-24,96.3585,HARD_STOP,-0.0667886,-0.0667886
3706,神達,電腦及週邊設備業,DISCOVERY,2024-03-20,50.6263,2024-03-25,2024-03-26,54.4357,0.0752475,,,0.00485435,-0.0502565,-0.0269768,2024-03-26,52.9673,HARD_STOP,-0.0131528,-0.0131528
3708,上緯投控,化學生技醫療,STRICT_OOS,2025-11-03,123.809,2025-11-06,2025-11-07,123.809,2.43792e-09,,,0.00154472,-0.0751865,-0.061385,2025-11-07,116.209,HARD_STOP,-0.0657469,-0.0657469
3710,連展投控,電子零組件業,DISCOVERY,2024-10-11,14.035,2024-10-16,2024-10-17,15.7894,0.125,,,0.0133397,-0.103828,-0.0776392,2024-10-21,14.5635,HARD_STOP,-0.0532056,-0.0532056
3715,定穎投控,電子零組件業,STRICT_OOS,2025-07-25,66.8667,2025-07-29,2025-07-30,76.7915,0.148426,,,0.517095,-0.015516,0.223632,2025-09-04,93.9645,TREND_FAILURE_MA20x2,0.263931,0.263931
4128,中天,生技醫療業,DISCOVERY,2023-10-20,51.0272,2023-10-24,2023-10-25,52.932,0.0373281,,,0.165646,-0.0553918,-0.01441,2023-11-17,52.1693,TREND_FAILURE_MA20x2,-0.00970072,-0.00970072
4128,中天,生技醫療業,DISCOVERY,2024-08-23,43.8092,2024-08-30,2024-09-02,44.11,0.0572082,,,0.000906824,-0.0977103,-0.0649144,2024-09-04,41.2466,HARD_STOP,-0.0559248,-0.0559248
4163,鐿鈦,生技醫療業,DISCOVERY,2023-02-14,129.323,2023-02-17,2023-02-20,140.851,0.0891473,,,0.072053,-0.101889,-0.100594,2023-03-09,126.683,HARD_STOP,-0.0848675,-0.0848675
4167,松瑞藥,生技醫療業,DISCOVERY,2023-11-02,19.7492,2023-11-07,2023-11-08,21.253,0.0761421,,,0.00456406,-0.106009,-0.087123,2023-11-10,19.4014,HARD_STOP,-0.074089,-0.074089
4303,信立,塑膠工業,DISCOVERY,2024-02-19,30.075,2024-02-26,2024-02-27,40.3005,0.34,,,0.560775,-0.0161412,0.143522,2024-03-12,46.0845,MFE_PROTECTION,0.23568,0.23568
4303,信立,塑膠工業,STRICT_OOS,2025-03-11,65.2627,2025-03-14,2025-03-17,70.2752,0.0768049,,,0.356096,-0.112063,-0.114283,2025-04-08,62.244,TREND_FAILURE_MA20x2,-0.101557,-0.101557
4510,高鋒,電機機械,STRICT_OOS,2025-05-07,50.8267,2025-05-12,2025-05-13,55.9395,0.100592,,,0.00644446,-0.120478,-0.119111,2025-05-26,49.2765,HARD_STOP,-0.10124,-0.10124
4513,福裕,電機機械,DISCOVERY,2024-04-02,29.1226,2024-04-08,2024-04-09,32.9822,0.13253,,,0.347695,-0.0343291,-0.0322067,2024-04-17,31.92,MFE_PROTECTION,-0.00464096,-0.00464096
4532,瑞智,電機機械,STRICT_OOS,2025-03-04,29.0725,2025-03-12,2025-03-13,30.5261,0.05,,,0.0450065,-0.128615,-0.130794,2025-04-08,26.5335,HARD_STOP,-0.124159,-0.124159
4534,慶騰,電機機械,STRICT_OOS,2026-07-14,36.09,2026-07-16,2026-07-17,41.4032,0.147222,,,0.0747949,-0.28025,-0.221818,2026-07-29,32.2193,HARD_STOP,-0.197242,-0.197242
4543,萬在,電機機械,DISCOVERY,2024-05-20,60.15,2024-05-22,2024-05-23,65.4632,0.0883333,,,0.168595,-0.0651243,-0.0476527,2024-06-13,62.3438,TREND_FAILURE_MA20x2,-0.0310618,-0.0310618
4583,台灣精銳,電機機械,DISCOVERY,2024-10-17,742.853,2024-10-22,2024-10-23,827.062,0.11336,,,0.0228973,-0.0847125,-0.0737339,2024-10-29,766.08,HARD_STOP,-0.0518766,-0.0518766
4728,雙美,生技醫療業,STRICT_OOS,2025-04-15,390.474,2025-04-18,2025-04-21,402.002,0.029525,,,0.0335757,-0.0248817,-0.0273195,2025-04-22,391.02,HARD_STOP,-0.0245946,-0.0245946
4747,強生*,生技醫療業,DISCOVERY,2023-05-31,64.3605,2023-06-02,2023-06-05,80.9017,0.257009,,,0.73729,-0.0605889,0.520749,2023-07-25,107.231,TREND_FAILURE_MA20x2,0.612569,0.612569
4749,新應材,光電業,DISCOVERY,2024-10-29,752.196,2024-11-01,2024-11-04,760.597,0.0111686,,,0.100452,-0.0533749,-0.0452497,2024-11-08,726.18,HARD_STOP,-0.0469881,-0.0469881
4766,南寶,化學生技醫療,DISCOVERY,2023-12-18,288.219,2023-12-20,2023-12-21,296.74,0.0295652,,,0.00424614,-0.0968525,-0.0755797,2024-01-05,274.312,HARD_STOP,-0.0730923,-0.0730923
4766,南寶,化學生技醫療,DISCOVERY,2024-11-19,302.254,2024-11-21,2024-11-22,323.306,0.0696517,,,0.053181,-0.0380638,-0.02967,2024-12-13,313.714,TREND_FAILURE_MA20x2,-0.017245,-0.017245
4904,遠傳,電子工業,DISCOVERY,2024-07-29,86.9168,2024-08-05,2024-08-06,87.017,0.00115341,,,0.0802487,-0.0197318,0.0397192,2024-10-01,90.4733,TREND_FAILURE_MA20x2,0.035429,0.035429
4927,泰鼎-KY,電子工業,STRICT_OOS,2025-12-16,30.6765,2025-12-19,2025-12-22,35.3882,0.153595,,,0.144448,-0.138132,-0.0500872,2026-01-28,33.6157,TREND_FAILURE_MA20x2,-0.0180812,-0.0180812
4960,誠美材,光電業,DISCOVERY,2023-02-14,11.7794,2023-02-16,2023-02-17,12.1804,0.0340426,,,0.0796055,-0.0558584,-0.0336505,2023-03-14,11.7705,TREND_FAILURE_MA20x2,-0.029869,-0.029869
4960,誠美材,光電業,DISCOVERY,2023-10-20,13.2831,2023-10-24,2023-10-25,14.1854,0.0679245,,,0.00808051,-0.0870879,-0.0788224,2023-10-30,13.0672,HARD_STOP,-0.0675376,-0.0675376
4967,十銓,半導體業,DISCOVERY,2024-05-03,94.235,2024-05-07,2024-05-08,116.29,0.234043,,,0.586551,-0.114283,0.213744,2024-06-20,141.146,MFE_PROTECTION,0.27962,0.27962
5009,榮剛,鋼鐵工業,DISCOVERY,2023-03-13,49.724,2023-03-15,2023-03-16,50.4258,0.0141129,,,0.253328,-0.0401729,0.078095,2023-04-24,54.3638,MFE_PROTECTION,0.0772145,0.0772145
5209,新鼎,資訊服務業,DISCOVERY,2024-03-29,206.515,2024-04-03,2024-04-08,218.044,0.0558252,,,0.00667871,-0.0781667,-0.0758965,2024-04-10,201.495,HARD_STOP,-0.0673576,-0.0673576
5225,東科-KY,其他電子業,DISCOVERY,2023-10-02,61.353,2023-10-05,2023-10-06,64.16,0.0457516,,,-0.000935162,-0.0835411,-0.0547382,2023-10-11,60.648,HARD_STOP,-0.0483276,-0.0483276
5225,東科-KY,其他電子業,DISCOVERY,2024-03-12,108.771,2024-03-15,2024-03-18,118.796,0.0921659,,,0.0493676,-0.0706872,-0.0637646,2024-03-27,105.278,HARD_STOP,-0.0465975,-0.0465975
5269,祥碩,半導體業,DISCOVERY,2024-12-12,1904.75,2024-12-17,2024-12-18,2050.11,0.0763158,,,0.0170174,-0.085416,-0.0293155,2025-01-06,1990.01,TREND_FAILURE_MA20x2,-0.0152715,-0.0152715
5274,信驊,半導體業,STRICT_OOS,2025-06-06,4130.3,2025-06-11,2025-06-12,4912.25,0.18932,,,0.0718592,-0.118625,-0.00374239,2025-07-18,4837.88,TREND_FAILURE_MA20x2,0.0388129,0.0388129
5284,jpp-KY,其他,DISCOVERY,2023-02-16,90.7263,2023-02-20,2023-02-21,96.1397,0.0596685,,,0.138967,-0.0409794,-0.0164006,2023-03-17,94.563,TREND_FAILURE_MA20x2,-0.00622424,-0.00622424
5289,宜鼎,電腦及週邊設備業,DISCOVERY,2023-03-17,244.61,2023-03-21,2023-03-22,269.673,0.102459,,,0.234831,-0.00991017,0.0467975,2023-04-24,282.292,TREND_FAILURE_MA20x2,0.0689453,0.0689453
5371,中光電,光電業,STRICT_OOS,2025-07-22,60.3505,2025-07-24,2025-07-25,67.769,0.122924,,,1.0806,-0.0231522,0.648541,2025-09-17,111.72,TREND_FAILURE_MA20x2,0.693129,0.693129
5498,凱崴,電子零組件業,STRICT_OOS,2025-08-07,20.05,2025-08-12,2025-08-13,23.4585,0.17,,,0.278854,-0.0131509,0.111948,2025-08-25,26.0846,MFE_PROTECTION,0.154347,0.154347
5508,永信建,建材營造,DISCOVERY,2024-04-26,171.929,2024-04-30,2024-05-02,210.525,0.22449,,,0.154257,-0.12837,-0.0879052,2024-05-27,192.019,TREND_FAILURE_MA20x2,-0.0411336,-0.0411336
5706,鳳凰,觀光餐旅,DISCOVERY,2023-05-23,71.378,2023-05-25,2023-05-26,93.5332,0.310393,,,0.373843,-0.0655729,0.205106,2023-07-04,112.718,TREND_FAILURE_MA20x2,0.293449,0.293449
5876,上海商銀,金融保險,STRICT_OOS,2026-07-15,44.8117,2026-07-17,2026-07-20,45.8143,0.0223714,,,0.014968,-0.033052,-0.0322034,2026-07-23,44.3389,HARD_STOP,-0.0312304,-0.0312304
6104,創惟,半導體業,DISCOVERY,2024-08-20,104.761,2024-08-23,2024-08-26,111.278,0.062201,,,0.114331,-0.102244,-0.058772,2024-09-04,104.738,HARD_STOP,-0.0485364,-0.0485364
6117,迎廣,電子工業,STRICT_OOS,2025-05-21,95.2375,2025-05-27,2025-05-28,103.257,0.0842105,,,0.0459289,-0.111929,-0.0996586,2025-06-02,92.967,HARD_STOP,-0.0850225,-0.0850225
6122,擎邦,電機機械,DISCOVERY,2023-11-02,47.1175,2023-11-14,2023-11-15,68.17,0.446809,,,0.13393,-0.017163,-0.00937728,2023-11-27,67.5308,MFE_PROTECTION,0.0965495,0.0965495
6177,達麗,建材營造,DISCOVERY,2024-03-21,39.4985,2024-03-28,2024-03-29,42.1551,0.0672589,,,0.703233,-0.0238435,0.348768,2024-05-16,56.8575,TREND_FAILURE_MA20x2,0.366112,0.366112
6186,新潤,建材營造,DISCOVERY,2024-03-20,61.0522,2024-03-29,2024-04-01,65.6638,0.0755337,,,0.652358,-0.0116312,0.348963,2024-05-27,88.578,TREND_FAILURE_MA20x2,0.369094,0.369094
6186,新潤,建材營造,DISCOVERY,2024-11-22,63.0572,2024-11-26,2024-11-27,66.566,0.0556439,,,-0.00249377,-0.0836163,-0.0724206,2024-12-05,61.7452,HARD_STOP,-0.0638832,-0.0638832
6213,聯茂,電子零組件業,STRICT_OOS,2025-05-21,78.195,2025-05-23,2025-05-26,80.9018,0.0346154,,,0.170556,-0.00249377,0.017206,2025-06-23,82.2938,TREND_FAILURE_MA20x2,0.0214503,0.0214503
6215,和椿,其他電子業,DISCOVERY,2024-12-18,71.8792,2024-12-20,2024-12-23,86.9167,0.209205,,,0.294342,-0.033558,0.0742003,2025-01-10,93.366,MFE_PROTECTION,0.125589,0.125589
6219,富旺,建材營造,DISCOVERY,2023-12-26,24.2605,2023-12-28,2023-12-29,25.5637,0.053719,,,0.449318,-0.035744,0.318879,2024-02-29,33.7155,TREND_FAILURE_MA20x2,0.331334,0.331334
6223,旺矽,半導體業,DISCOVERY,2024-08-14,607.515,2024-08-19,2024-08-20,697.74,0.148515,,,0.232551,-0.0282913,0.0436194,2024-09-09,728.175,MFE_PROTECTION,0.0776823,0.0776823
6223,旺矽,半導體業,STRICT_OOS,2025-09-01,1373.42,2025-09-08,2025-09-09,1563.9,0.138686,,,0.371571,-0.0984078,0.138524,2025-11-12,1780.54,MFE_PROTECTION,0.173098,0.173098
6245,立端,通信網路業,DISCOVERY,2023-02-16,105.263,2023-02-20,2023-02-21,116.29,0.104762,,,0.0791986,-0.109984,-0.103631,2023-03-13,104.239,HARD_STOP,-0.0844743,-0.0844743
6245,立端,通信網路業,DISCOVERY,2023-05-15,119.799,2023-05-23,2023-05-24,140.851,0.175732,,,-0.00249377,-0.183536,-0.182036,2023-06-12,115.211,TREND_FAILURE_MA20x2,-0.150272,-0.150272
6257,矽格,電子工業,STRICT_OOS,2026-03-31,147.367,2026-04-09,2026-04-10,177.944,0.207483,,,0.35998,-0.0362123,0.140761,2026-06-09,202.991,MFE_PROTECTION,0.194983,0.194983
6265,方土昶,電子通路業,STRICT_OOS,2025-12-26,23.3081,2025-12-30,2025-12-31,30.877,0.324731,,,0.881659,-0.0364997,0.24215,2026-02-04,38.3539,TREND_FAILURE_MA20x2,0.33772,0.33772
6266,泰詠,電子零組件業,DISCOVERY,2023-02-16,31.8795,2023-02-20,2023-02-21,33.1827,0.0408805,,,0.0186015,-0.0703001,-0.0681152,2023-02-22,30.9225,HARD_STOP,-0.0629594,-0.0629594
6278,台表科,電子工業,DISCOVERY,2024-03-12,102.756,2024-03-14,2024-03-15,109.774,0.0682927,,,0.0521641,-0.0708161,-0.0277047,2024-04-18,106.733,TREND_FAILURE_MA20x2,-0.0155796,-0.0155796
6279,胡連,電子零組件業,DISCOVERY,2024-09-10,164.911,2024-09-13,2024-09-16,180.45,0.0942249,,,0.0612358,-0.0634525,-0.0270989,2024-10-15,175.56,TREND_FAILURE_MA20x2,-0.00867163,-0.00867163
6282,康舒,電子工業,STRICT_OOS,2025-10-20,38.095,2025-10-22,2025-10-23,43.308,0.136842,,,0.161448,-0.112173,-0.0890569,2025-11-13,39.4511,TREND_FAILURE_MA20x2,-0.0622628,-0.0622628
6290,良維,電子零組件業,DISCOVERY,2023-02-14,65.4633,2023-02-16,2023-02-17,70.0748,0.0704441,,,0.0902643,-0.0595757,-0.0306102,2023-03-14,67.9297,TREND_FAILURE_MA20x2,-0.0180078,-0.0180078
6290,良維,電子零組件業,STRICT_OOS,2025-05-16,98.245,2025-05-20,2025-05-21,101.754,0.0357143,,,0.0269892,-0.0899598,-0.0608651,2025-05-28,95.5605,HARD_STOP,-0.0568619,-0.0568619
6290,良維,電子零組件業,STRICT_OOS,2025-11-03,188.47,2025-11-06,2025-11-07,197.994,0.0505319,,,0.0126582,-0.141387,-0.108267,2025-11-18,176.558,HARD_STOP,-0.101284,-0.101284
6412,群電,電子零組件業,DISCOVERY,2024-01-02,145.864,2024-01-04,2024-01-05,153.884,0.0549828,,,0.0234999,-0.0772255,-0.0762914,2024-01-19,142.144,HARD_STOP,-0.0679513,-0.0679513
6412,群電,電子零組件業,STRICT_OOS,2025-01-09,127.318,2025-01-13,2025-01-14,126.315,-0.00787402,,,-0.00249377,-0.0183272,-0.0168329,2025-01-14,124.189,HARD_STOP,-0.0232261,-0.0232261
6415,矽力*-KY,電子工業,STRICT_OOS,2025-02-20,434.083,2025-02-25,2025-02-26,456.137,0.0508083,,,0.00737168,-0.0189362,-0.00826781,2025-02-26,452.366,HARD_STOP,-0.000180485,-0.000180485
6417,韋僑,通信網路業,DISCOVERY,2023-03-03,122.305,2023-03-07,2023-03-08,132.33,0.0819672,,,0.0352906,-0.115847,-0.102981,2023-03-13,118.703,HARD_STOP,-0.0889093,-0.0889093
6435,大中,半導體業,STRICT_OOS,2026-05-04,195.989,2026-05-06,2026-05-07,218.545,0.11509,,,0.175959,-0.0528266,0.0269624,2026-05-18,224.438,MFE_PROTECTION,0.0518834,0.0518834
6446,藥華藥,生技醫療業,DISCOVERY,2024-07-18,661.65,2024-07-26,2024-07-29,654.633,-0.0106061,,,0.0540265,-0.110952,-0.0826992,2024-08-05,600.495,HARD_STOP,-0.0894398,-0.0894398
6485,點序,半導體業,DISCOVERY,2023-04-06,105.764,2023-04-11,2023-04-12,118.295,0.118483,,,0.0101864,-0.154656,-0.131472,2023-04-21,102.742,HARD_STOP,-0.110008,-0.110008
6491,晶碩,生技醫療業,STRICT_OOS,2026-07-03,347.868,2026-07-07,2026-07-08,387.466,0.113833,,,-0.00249377,-0.14057,-0.107964,2026-07-17,345.634,HARD_STOP,-0.0868927,-0.0868927
6505,台塑化,油電燃氣業,STRICT_OOS,2025-10-20,44.1601,2025-10-23,2025-10-27,46.4659,0.0522134,,,0.231011,-0.062753,0.0798086,2025-11-27,50.1742,MFE_PROTECTION,0.0891924,0.0891924
6531,愛普*,半導體業,DISCOVERY,2023-09-21,369.922,2023-09-25,2023-09-26,394.985,0.0677507,,,0.0253554,-0.0708508,-0.071911,2023-10-16,366.581,HARD_STOP,-0.0605649,-0.0605649
6535,順藥,生技醫療業,DISCOVERY,2023-05-16,47.6187,2023-05-19,2023-05-22,54.0348,0.134737,,,0.271404,-0.0172991,0.0688538,2023-06-15,57.7552,MFE_PROTECTION,0.100121,0.100121
6561,是方,通信網路業,DISCOVERY,2023-02-23,334.835,2023-03-06,2023-03-07,363.406,0.0853293,,,0.020896,-0.0506492,-0.0502777,2023-03-13,345.135,HARD_STOP,-0.0344504,-0.0344504
6591,動力-KY,電腦及週邊設備業,STRICT_OOS,2025-08-15,78.2952,2025-08-20,2025-08-21,83.809,0.0704225,,,0.228985,-0.0597669,0.0824769,2025-09-02,88.7775,MFE_PROTECTION,0.0968061,0.0968061
6620,漢達,生技醫療業,DISCOVERY,2023-02-23,191.838,2023-03-02,2023-03-03,180.4,0.157384,,,0.155766,-0.168514,0.0119877,2023-03-14,182.562,MFE_PROTECTION,0.0471887,0.0471887
6620,漢達,生技醫療業,STRICT_OOS,2025-09-22,111.598,2025-09-25,2025-09-26,118.716,0.0637801,,,0.015027,-0.031302,-0.0295225,2025-09-26,115.211,HARD_STOP,-0.0185166,-0.0185166
6643,M31,半導體業,DISCOVERY,2024-01-04,1087.71,2024-01-08,2024-01-09,1162.9,0.0691244,,,0.801531,-0.0583885,0.372431,2024-03-08,1596,TREND_FAILURE_MA20x2,0.390757,0.390757
6664,群翊,電子零組件業,DISCOVERY,2024-05-27,248.62,2024-05-29,2024-05-30,262.154,0.0544355,,,0.0394663,-0.0978576,-0.0639654,2024-06-04,245.385,HARD_STOP,-0.0556117,-0.0556117
6669,緯穎,電腦及週邊設備業,DISCOVERY,2023-07-10,1488.71,2023-07-12,2023-07-13,1844.6,0.239057,,,0.162854,-0.0539954,-0.00769137,2023-07-31,1830.41,MFE_PROTECTION,0.0469971,0.0469971
6669,緯穎,電腦及週邊設備業,DISCOVERY,2024-12-18,2611.51,2024-12-20,2024-12-23,2691.71,0.0307102,,,0.0662357,-0.104659,-0.0735452,2025-01-13,2493.75,HARD_STOP,-0.0707828,-0.0707828
6669,緯穎,電腦及週邊設備業,STRICT_OOS,2025-05-07,2130.31,2025-05-12,2025-05-13,2325.8,0.0917647,,,0.206657,-0.0433399,0.0954228,2025-07-02,2473.8,MFE_PROTECTION,0.115782,0.115782
6703,軒郁,生技醫療業,DISCOVERY,2023-04-26,181.954,2023-05-09,2023-05-10,195.989,0.077135,,,0.295993,-0.0203519,0.0688113,2023-06-13,209.475,MFE_PROTECTION,0.0847208,0.0847208
6757,台灣虎航,航運業,DISCOVERY,2023-05-16,42.3556,2023-05-23,2023-05-24,46.897,0.107219,,,0.00646204,-0.0617727,-0.0545467,2023-05-25,44.3389,HARD_STOP,-0.0336384,-0.0336384
6757,台灣虎航,航運業,DISCOVERY,2024-07-02,62.155,2024-07-05,2024-07-08,71.378,0.148387,,,0.0465409,-0.1524,-0.147531,2024-07-16,60.8475,HARD_STOP,-0.120147,-0.120147
6782,視陽,生技醫療業,DISCOVERY,2024-01-03,219.548,2024-01-05,2024-01-08,244.109,0.111872,,,0.138837,-0.0741831,0.05835,2024-03-11,258.353,TREND_FAILURE_MA20x2,0.0832521,0.0832521
6788,華景電,半導體業,STRICT_OOS,2025-07-01,241.101,2025-07-04,2025-07-07,257.642,0.0686071,,,0.0984213,-0.0393666,-0.00692335,2025-08-01,255.859,TREND_FAILURE_MA20x2,0.00558692,0.00558692
6788,華景電,半導體業,STRICT_OOS,2025-12-19,306.264,2025-12-24,2025-12-26,354.384,0.157119,,,0.12872,-0.0476426,0.0287894,2026-01-08,364.586,MFE_PROTECTION,0.0645444,0.0645444
6805,富世達,電子零組件業,DISCOVERY,2024-12-02,927.312,2024-12-04,2024-12-05,1072.68,0.156757,,,0.0441187,-0.160976,-0.155634,2024-12-16,905.73,HARD_STOP,-0.126769,-0.126769
6877,鏵友益,其他電子業,STRICT_OOS,2025-03-05,88.4205,2025-03-07,2025-03-10,102.255,0.156463,,,0.153978,-0.165811,-0.131803,2025-03-28,88.7775,TREND_FAILURE_MA20x2,-0.102123,-0.102123
6885,全福生技,生技醫療業,DISCOVERY,2023-01-05,39.709,2023-01-17,2023-01-30,55.4683,0.19357,,,0.658604,0.0420362,0.313855,2023-03-15,72.8774,TREND_FAILURE_MA20x2,0.372087,0.372087
6890,來億-KY,運動休閒,STRICT_OOS,2025-01-13,435.085,2025-01-15,2025-01-16,501.25,0.152074,,,0.0673317,-0.121197,-0.118419,2025-02-14,441.893,TREND_FAILURE_MA20x2,-0.0892116,-0.0892116
6919,康霈*,生技醫療業,STRICT_OOS,2025-06-06,972.425,2025-06-17,2025-06-18,1097.74,0.128866,,,0.279905,-0.00704859,0.063164,2025-07-09,1167.08,MFE_PROTECTION,0.0926962,0.0926962
6944,兆聯實業,綠能環保,DISCOVERY,2024-01-16,184.009,2024-01-23,2024-01-24,203.738,0.107219,,,0.965759,-0.0306181,0.736021,2024-04-24,353.694,TREND_FAILURE_MA20x2,0.776294,0.776294
6944,兆聯實業,綠能環保,DISCOVERY,2024-07-22,416.459,2024-07-26,2024-07-29,444.709,0.107429,,,0.0118977,-0.145509,-0.111071,2024-07-29,395.315,HARD_STOP,-0.0915004,-0.0915004
6944,兆聯實業,綠能環保,STRICT_OOS,2025-01-16,401.04,2025-01-21,2025-01-22,426.875,0.0644186,,,0.0494887,-0.0313313,-0.0128157,2025-03-04,421.404,TREND_FAILURE_MA20x2,-0.00142434,-0.00142434
6944,兆聯實業,綠能環保,STRICT_OOS,2025-08-20,519.295,2025-08-22,2025-08-25,556.387,0.0714286,,,0.123318,-0.0474265,0.00397654,2025-09-16,558.6,TREND_FAILURE_MA20x2,0.0173554,0.0173554
7750,新代,電機機械,STRICT_OOS,2026-02-03,1002.5,2026-02-06,2026-02-09,1097.74,0.095,,,0.325453,-0.0161582,0.172206,2026-03-25,1286.77,TREND_FAILURE_MA20x2,0.195096,0.195096
7769,鴻勁,半導體業,STRICT_OOS,2025-06-20,1265.39,2025-06-27,2025-06-30,1352.72,0.0690207,,,0.0719117,-0.0833307,-0.0487523,2025-07-04,1286.78,HARD_STOP,-0.0367656,-0.0367656
7799,禾榮科,生技醫療業,STRICT_OOS,2025-06-20,651.926,2025-06-24,2025-06-25,726.081,0.113748,,,0.355221,0.0122842,0.19493,2025-07-31,867.616,TREND_FAILURE_MA20x2,0.223895,0.223895
7799,禾榮科,生技醫療業,STRICT_OOS,2026-02-23,473.18,2026-02-26,2026-03-02,551.375,0.165254,,,0.0156427,-0.147586,-0.10268,2026-03-04,494.76,HARD_STOP,-0.0699605,-0.0699605
8016,矽創,電子工業,DISCOVERY,2023-09-11,280.7,2023-09-14,2023-09-15,304.76,0.0857143,,,0.0319596,-0.0812443,-0.0688123,2023-09-21,283.789,HARD_STOP,-0.0532484,-0.0532484
8028,昇陽半導體,電子工業,STRICT_OOS,2025-09-03,159.397,2025-09-08,2025-09-09,182.956,0.147799,,,0.0658286,-0.0817477,-0.0813172,2025-09-15,168.079,HARD_STOP,-0.0517656,-0.0517656
8046,南電,電子零組件業,DISCOVERY,2024-12-30,125.312,2025-01-02,2025-01-03,132.33,0.056,,,0.0579612,-0.0856193,-0.0841362,2025-01-13,121.196,HARD_STOP,-0.0756537,-0.0756537
8054,安國,半導體業,DISCOVERY,2023-11-28,84.1098,2023-11-30,2023-12-01,96.4405,0.146603,,,1.32268,-0.115517,0.716965,2024-03-01,165.585,TREND_FAILURE_MA20x2,0.773639,0.773639
8081,致新,電子工業,DISCOVERY,2023-09-14,270.174,2023-09-18,2023-09-19,286.214,0.0593692,,,0.00798791,-0.0863472,-0.0746907,2023-09-21,264.836,HARD_STOP,-0.0653199,-0.0653199
8086,宏捷科,半導體業,DISCOVERY,2023-04-07,88.9218,2023-04-11,2023-04-12,93.9342,0.0563698,,,0.015604,-0.116403,-0.0644546,2023-04-25,87.8798,HARD_STOP,-0.0556551,-0.0556551
8099,大世科,資訊服務業,DISCOVERY,2024-06-05,79.6987,2024-06-13,2024-06-14,91.5282,0.148428,,,0.360462,-0.0330854,0.113344,2024-07-12,100.249,MFE_PROTECTION,0.149809,0.149809
8111,立碁,光電業,STRICT_OOS,2025-11-05,58.0447,2025-11-12,2025-11-13,65.9645,0.136442,,,0.121816,-0.120739,-0.0760598,2025-11-21,60.9472,HARD_STOP,-0.0489435,-0.0489435
8114,振樺電,電腦及週邊設備業,DISCOVERY,2024-11-21,272.68,2024-11-25,2024-11-26,311.777,0.143382,,,0.225233,-0.0425865,0.103792,2025-01-14,344.138,TREND_FAILURE_MA20x2,0.138535,0.138535
8150,南茂,電子工業,STRICT_OOS,2025-09-16,28.2204,2025-09-19,2025-09-22,29.7742,0.0550622,,,0.726324,-0.0327212,0.484143,2025-12-17,44.1893,TREND_FAILURE_MA20x2,0.498938,0.498938
8150,南茂,電子工業,STRICT_OOS,2026-01-16,62.6562,2026-01-20,2026-01-21,72.18,0.152,,,0.00997506,-0.181214,-0.151475,2026-01-30,61.2465,HARD_STOP,-0.123463,-0.123463
8271,宇瞻,電子工業,STRICT_OOS,2025-10-09,77.8942,2025-10-14,2025-10-15,94.9368,0.21879,,,0.237666,-0.0751737,-0.0638267,2025-11-05,88.8773,MFE_PROTECTION,-0.0170919,-0.0170919
8289,泰藝,電子零組件業,STRICT_OOS,2026-02-11,27.4184,2026-02-24,2026-02-25,32.3807,0.180987,,,0.315596,-0.0827884,0.0350594,2026-03-10,33.516,MFE_PROTECTION,0.0772083,0.0772083
8464,億豐,居家生活,DISCOVERY,2023-01-05,300.75,2023-01-16,2023-01-17,330.324,0.0983333,,,0.00961557,-0.0615268,-0.0623631,2023-01-31,309.724,HARD_STOP,-0.0437244,-0.0437244
8464,億豐,居家生活,STRICT_OOS,2026-07-28,381.451,2026-07-30,2026-07-31,378.444,-0.00788436,,,0.0688511,-0.050057,-0.0234381,2026-08-13,369.574,HARD_STOP,-0.0298059,-0.0298059
8499,鼎炫-KY,其他,STRICT_OOS,2025-12-05,299.747,2025-12-09,2025-12-10,352.88,0.177258,,,0.161868,-0.0492519,-0.010641,2025-12-30,349.125,MFE_PROTECTION,0.0286271,0.0286271
8927,北基,油電燃氣業,DISCOVERY,2023-09-04,59.6487,2023-09-06,2023-09-07,63.9595,0.0722689,,,0.00532368,-0.0775412,-0.0720495,2023-09-08,59.3512,HARD_STOP,-0.0596596,-0.0596596
8932,智通*,數位雲端,STRICT_OOS,2025-06-09,110.275,2025-06-11,2025-06-12,136.34,0.236364,,,0.0781869,-0.0978436,-0.0525433,2025-07-09,129.176,TREND_FAILURE_MA20x2,-0.00106495,-0.00106495
8932,智通*,數位雲端,STRICT_OOS,2025-08-27,224.56,2025-08-29,2025-09-01,229.573,0.0223214,,,0.0258197,-0.0917902,-0.0527829,2025-09-02,217.455,HARD_STOP,-0.0518903,-0.0518903
8936,國統,其他,DISCOVERY,2023-10-02,33.1326,2023-10-25,2023-10-26,37.4935,0.131619,,,0.473643,-0.0625042,0.245496,2023-12-29,45.3863,TREND_FAILURE_MA20x2,0.281334,0.281334
9904,寶成,運動休閒,DISCOVERY,2024-03-15,32.9823,2024-03-21,2024-03-22,35.3882,0.0729483,,,0.0342416,-0.0434678,-0.0247187,2024-04-18,34.5135,TREND_FAILURE_MA20x2,-0.0114168,-0.0114168
9906,欣巴巴,建材營造,DISCOVERY,2024-07-23,150.876,2024-07-30,2024-07-31,193.482,0.282392,,,0.173233,-0.103278,0.0233677,2024-08-06,198.004,MFE_PROTECTION,0.0909003,0.0909003
9907,統一實,其他,STRICT_OOS,2025-03-07,17.4435,2025-03-11,2025-03-12,18.045,0.0344828,,,0.0196731,-0.0412857,-0.0381546,2025-03-28,17.3565,HARD_STOP,-0.0342956,-0.0342956
9910,豐泰,運動休閒,STRICT_OOS,2025-05-07,114.786,2025-05-09,2025-05-12,122.806,0.069869,,,0.0260064,-0.0717085,-0.0577841,2025-06-04,115.71,TREND_FAILURE_MA20x2,-0.0457332,-0.0457332
9914,美利達,運動休閒,DISCOVERY,2023-06-06,197.994,2023-06-26,2023-06-27,214.535,0.0835443,,,0.0581024,-0.0258,0.00896124,2023-07-21,216.458,TREND_FAILURE_MA20x2,0.0254669,0.0254669
9921,巨大,運動休閒,DISCOVERY,2024-07-23,221.051,2024-07-30,2024-07-31,228.57,0.0340136,,,0.0587566,-0.100932,-0.0399002,2024-08-05,219.45,HARD_STOP,-0.0361647,-0.0361647
9958,世紀鋼,鋼鐵工業,DISCOVERY,2023-07-07,134.836,2023-07-12,2023-07-13,146.866,0.0892193,,,0.0315508,-0.0535606,-0.0525307,2023-07-18,139.151,HARD_STOP,-0.0358269,-0.0358269
9958,世紀鋼,鋼鐵工業,DISCOVERY,2024-05-20,252.63,2024-05-22,2024-05-23,292.73,0.15873,,,0.27592,-0.038363,0.0222731,2024-07-01,299.25,MFE_PROTECTION,0.0581981,0.0581981
