stock_id,name,sector,period,probe_date,probe_price,confirm_date,confirm_price,confirm_rule,days_probe_to_confirm,probe_mfe,probe_mae,add_date,add_price,exit_date,exit_reason,ret_on_invested,pnl_slots
1215,卜蜂,食品工業,STRICT_OOS,2025-03-04,102.255,2025-03-11,104,persist,5,0.0219549,-0.0073835,2025-03-12,104.26,2025-03-13,HARD_STOP,-0.0285914,-0.0285914
1227,佳格,食品工業,STRICT_OOS,2026-07-27,29.4735,2026-07-29,29.8,persist,2,0.0195599,-0.0143688,2026-07-30,30.075,2026-08-03,HARD_STOP,-0.0360094,-0.0360094
1229,聯華,食品工業,STRICT_OOS,2025-07-08,45.8644,2025-07-14,47.75,persist,4,0.0585558,-0.0188463,2025-07-15,47.719,2025-08-14,TREND_FAILURE_MA20x2,0.0330459,0.0330459
1442,名軒,建材營造,DISCOVERY,2024-03-21,43.1075,2024-04-16,48.1,persist,16,0.155251,-0.0198921,2024-04-17,48.7215,2024-05-13,MFE_PROTECTION,0.189477,0.189477
1446,宏和,紡織纖維,DISCOVERY,2024-11-15,46.6162,2024-11-19,50.7,persist,2,0.0940391,-0.0153648,2024-11-20,51.2278,2024-12-11,MFE_PROTECTION,-0.0536083,-0.0536083
1524,耿鼎,汽車工業,STRICT_OOS,2025-03-12,40.2002,2025-03-14,41.35,persist,2,0.0447696,-0.0186628,2025-03-17,42.2052,2025-04-08,TREND_FAILURE_MA20x2,-0.197651,-0.197651
1563,巧新,電機機械,DISCOVERY,2023-02-16,52.6713,2023-03-03,57.2,persist,9,0.0973708,-0.00515175,2023-03-06,57.2026,2023-03-22,TREND_FAILURE_MA20x2,-0.0279358,-0.0279358
1584,精剛,其他,DISCOVERY,2024-08-20,39.6489,2024-08-23,40.95,persist,3,0.121091,-0.00249377,2024-08-26,41.2028,2024-08-30,HARD_STOP,-0.036337,-0.036337
1591,駿吉-KY,電機機械,DISCOVERY,2023-07-19,39.0474,2023-07-21,39.9,persist,2,0.0218357,-0.0421891,2023-07-24,40.1501,2023-08-30,TREND_FAILURE_MA20x2,0.0137592,0.0137592
1608,華榮,電器電纜,DISCOVERY,2024-03-12,23.5587,2024-03-14,25.95,persist,2,0.133337,-0.00673847,2024-03-15,26.3658,2024-05-03,TREND_FAILURE_MA20x2,0.424369,0.424369
1720,生達,生技醫療業,DISCOVERY,2023-04-25,69.1725,2023-04-28,76.2,persist,3,0.107376,-0.0516462,2023-05-02,77.1925,2023-05-15,TREND_FAILURE_MA20x2,-0.106736,-0.106736
1736,喬山,化學生技醫療,DISCOVERY,2024-11-27,157.894,2024-12-03,170.5,persist,4,0.0798401,-0.0594941,2024-12-04,175.939,2025-01-02,TREND_FAILURE_MA20x2,0.0596178,0.0596178
2002,中鋼,鋼鐵工業,STRICT_OOS,2025-03-03,23.659,2025-03-07,24.25,persist,4,0.0397734,-0.0151739,2025-03-10,24.4109,2025-03-25,TREND_FAILURE_MA20x2,-0.0200815,-0.0200815
2049,上銀,電機機械,DISCOVERY,2024-12-06,247.116,2024-12-11,252.5,persist,3,0.044043,-0.0267738,2024-12-12,255.637,2025-01-10,MFE_PROTECTION,0.105105,0.105105
2059,川湖,電子零組件業,STRICT_OOS,2025-02-13,1664.15,2025-02-17,1755,persist,2,0.0545924,-0.0175164,2025-02-18,1784.45,2025-03-11,MFE_PROTECTION,0.0368563,0.0368563
2072,世紀風電,鋼鐵工業,DISCOVERY,2023-10-18,200.129,2023-10-30,257.5,persist,8,0.26763,-0.00314335,,,2023-12-01,TREND_FAILURE_MA20x2,0.377917,0.0944792
2072,世紀風電,鋼鐵工業,DISCOVERY,2024-02-29,427.306,2024-03-04,483.5,persist,2,0.181824,-0.0124164,2024-03-05,483.135,2024-03-07,HARD_STOP,-0.104537,-0.104537
2072,世紀風電,鋼鐵工業,STRICT_OOS,2026-07-28,150.876,2026-08-04,163.5,persist,5,0.0836696,-0.0256916,2026-08-05,167.418,2026-08-06,HARD_STOP,-0.0830427,-0.0830427
2101,南港,橡膠工業,DISCOVERY,2023-12-29,43.0072,2024-01-04,44.85,persist,3,0.0509856,-0.0280708,2024-01-05,45.1125,2024-01-16,HARD_STOP,-0.0654384,-0.0654384
2201,裕隆,汽車工業,DISCOVERY,2023-01-05,65.9645,2023-01-30,78.1,persist,9,0.18397,-0.0222013,2023-01-31,78.7965,2023-03-06,TREND_FAILURE_MA20x2,0.0441025,0.0441025
2206,三陽工業,汽車工業,DISCOVERY,2023-05-16,61.5535,2023-05-18,68.6,persist,2,0.114478,-0.0236136,2023-05-19,69.6737,2023-06-29,TREND_FAILURE_MA20x2,0.274111,0.274111
2211,長榮鋼,鋼鐵工業,DISCOVERY,2023-12-07,91.1273,2023-12-15,99,persist,6,0.146748,-0.0452911,2023-12-18,100.15,2024-01-18,TREND_FAILURE_MA20x2,0.0466666,0.0466666
2211,長榮鋼,鋼鐵工業,STRICT_OOS,2025-10-14,107.769,2025-10-17,112,persist,3,0.0578206,-0.0256916,2025-10-20,112.781,2025-10-27,HARD_STOP,-0.038105,-0.038105
2230,泰茂,電機機械,DISCOVERY,2023-10-24,113.282,2023-10-26,118,persist,2,0.0901949,-0.0201487,2023-10-27,119.799,2024-01-09,TREND_FAILURE_MA20x2,0.405092,0.405092
2312,金寶,電子工業,DISCOVERY,2024-11-22,29.9747,2024-11-27,33.5,persist,3,0.174322,-0.00582991,2024-11-28,33.7843,2024-11-28,HARD_STOP,-0.0189668,-0.0189668
2313,華通,電子零組件業,DISCOVERY,2023-11-27,69.1725,2023-11-29,74.8,persist,2,0.104485,-0.022733,2023-11-30,74.7865,2024-01-02,TREND_FAILURE_MA20x2,-0.0382138,-0.0382138
2316,楠梓電,電子零組件業,DISCOVERY,2023-09-20,38.2454,2023-09-22,40.5,persist,2,0.0667957,-0.0508656,2023-09-25,40.2002,2023-10-12,TREND_FAILURE_MA20x2,-0.0682505,-0.0682505
2344,華邦電,電子工業,STRICT_OOS,2025-09-16,26.5663,2025-09-18,32.3,persist,2,0.215828,-0.0307251,2025-09-19,34.085,2025-11-24,TREND_FAILURE_MA20x2,0.654806,0.654806
2345,智邦,電子工業,STRICT_OOS,2025-05-07,651.625,2025-05-14,718,persist,5,0.101861,-0.0377901,2025-05-15,719.795,2025-06-20,TREND_FAILURE_MA20x2,0.0164885,0.0164885
2348,海悅,其他,DISCOVERY,2024-03-12,115.287,2024-03-19,133,persist,5,0.205681,-0.0155047,2024-03-20,132.33,2024-05-27,TREND_FAILURE_MA20x2,0.530246,0.530246
2353,宏碁,電子工業,DISCOVERY,2023-12-19,39.1978,2023-12-21,44.65,persist,2,0.148025,-0.00249377,2023-12-22,45.0123,2024-01-08,MFE_PROTECTION,0.123649,0.123649
2368,金像電,電子零組件業,DISCOVERY,2023-05-31,124.811,2023-06-05,133,persist,3,0.0976575,-0.0305361,2023-06-06,133.333,2023-08-02,TREND_FAILURE_MA20x2,0.261796,0.261796
2368,金像電,電子零組件業,STRICT_OOS,2025-07-09,315.787,2025-07-31,374.5,persist,16,0.203341,-0.0436607,2025-08-01,369.421,2025-09-04,TREND_FAILURE_MA20x2,0.250335,0.250335
2377,微星,電腦及週邊設備業,DISCOVERY,2023-12-26,194.485,2023-12-29,204,persist,3,0.0720621,-0.0153482,2024-01-02,205.011,2024-01-02,HARD_STOP,-0.0280253,-0.0280253
2383,台光電,電子零組件業,DISCOVERY,2023-07-11,279.698,2023-07-13,304.5,persist,2,0.140518,-0.00249377,2023-07-14,310.775,2023-08-30,TREND_FAILURE_MA20x2,0.406964,0.406964
2392,正崴,電子工業,DISCOVERY,2024-05-20,54.6362,2024-05-22,66.7,persist,2,0.220801,-0.0153058,2024-05-23,71.1775,2024-07-23,TREND_FAILURE_MA20x2,0.167347,0.167347
2404,漢唐,電子工業,STRICT_OOS,2025-07-08,672.677,2025-07-11,734,persist,3,0.0926484,-0.0143865,2025-07-14,736.837,2025-09-05,TREND_FAILURE_MA20x2,0.508149,0.508149
2417,圓剛,電腦及週邊設備業,DISCOVERY,2024-12-18,44.4108,2024-12-20,47.15,persist,2,0.125854,-0.0373952,2024-12-23,47.1175,2025-01-13,TREND_FAILURE_MA20x2,-0.00828845,-0.00828845
2421,建準,電子零組件業,DISCOVERY,2023-03-15,47.4182,2023-03-22,50.5,persist,5,0.0818619,-0.00565711,2023-03-23,50.8268,2023-04-27,TREND_FAILURE_MA20x2,0.0342774,0.0342774
2429,銘旺科,電子零組件業,STRICT_OOS,2025-06-06,63.1575,2025-06-10,78.6,persist,2,0.244508,-0.0104105,2025-06-11,78.0948,2025-07-03,TREND_FAILURE_MA20x2,-0.138395,-0.138395
2442,新美齊,電腦及週邊設備業,DISCOVERY,2024-11-22,25.9146,2024-11-26,27.05,persist,2,0.0669651,-0.0121408,2024-11-27,27.0675,2024-11-27,HARD_STOP,-0.0504845,-0.0504845
2454,聯發科,電子工業,DISCOVERY,2024-05-09,1102.75,2024-05-14,1155,persist,3,0.0519157,-0.0206302,2024-05-15,1172.92,2024-07-16,TREND_FAILURE_MA20x2,0.191629,0.191629
2480,敦陽科,電子工業,STRICT_OOS,2026-07-03,160.901,2026-07-07,162,persist,2,0.0379037,-0.0118163,2026-07-08,162.405,2026-07-08,HARD_STOP,-0.0255844,-0.0255844
2489,瑞軒,電子工業,DISCOVERY,2023-05-04,11.8295,2023-05-08,12.55,persist,2,0.060907,-0.00249377,2023-05-09,12.5312,2023-07-14,TREND_FAILURE_MA20x2,0.134207,0.134207
2520,冠德,建材營造,DISCOVERY,2024-11-21,55.9395,2024-11-26,58.7,persist,3,0.0547109,-0.0132196,2024-11-27,59.0472,2024-11-28,HARD_STOP,-0.04012,-0.04012
2524,京城,建材營造,DISCOVERY,2024-04-26,51.2278,2024-04-30,54.5,persist,2,0.0990137,-0.0220144,2024-05-02,55.4382,2024-05-09,MFE_PROTECTION,0.075048,0.075048
2530,華建,建材營造,DISCOVERY,2023-12-06,33.1326,2023-12-12,34.55,persist,4,0.0548515,-0.00249377,2023-12-13,34.7868,2024-05-09,TREND_FAILURE_MA20x2,0.373443,0.373443
2543,皇昌,建材營造,DISCOVERY,2024-10-25,85.012,2024-10-30,96.4,persist,3,0.157484,-0.00249377,2024-11-01,95.6385,2024-11-08,HARD_STOP,-0.0374761,-0.0374761
2543,皇昌,建材營造,STRICT_OOS,2025-02-04,83.7088,2025-02-06,90.6,persist,2,0.119357,-0.0132453,2025-02-07,91.1272,2025-03-04,MFE_PROTECTION,0.0973625,0.0973625
2547,日勝生,建材營造,STRICT_OOS,2025-03-17,12.7317,2025-03-19,13.5,persist,2,0.0799773,-0.0142753,2025-03-20,13.6841,2025-04-08,HARD_STOP,-0.12057,-0.12057
2548,華固,建材營造,DISCOVERY,2024-11-13,122.305,2024-11-15,126.5,persist,2,0.0342995,-0.01067,2024-11-18,126.816,2024-11-18,HARD_STOP,-0.0438837,-0.0438837
2603,長榮,航運業,DISCOVERY,2023-12-18,138.846,2023-12-20,148,persist,2,0.0659272,-0.0204993,2023-12-21,148.871,2024-01-29,TREND_FAILURE_MA20x2,0.0220558,0.0220558
2603,長榮,航運業,STRICT_OOS,2025-03-10,225.562,2025-03-13,230.5,persist,3,0.0329731,-0.0135772,2025-03-14,226.565,2025-03-14,HARD_STOP,-0.0237651,-0.0237651
2615,萬海,航運業,DISCOVERY,2024-08-01,78.596,2024-08-05,75,persist,2,0.058578,-0.0572039,2024-08-06,78.0948,2024-08-29,TREND_FAILURE_MA20x2,-0.00978679,-0.00978679
2618,長榮航,航運業,DISCOVERY,2023-05-25,31.0775,2023-05-29,33.6,persist,2,0.0988657,-0.0153648,2023-05-30,34.085,2023-07-17,TREND_FAILURE_MA20x2,0.123907,0.123907
2637,慧洋-KY,航運業,DISCOVERY,2024-11-12,79.2977,2024-11-14,80.2,persist,2,0.0277719,-0.0151045,2024-11-15,80.601,2024-11-26,HARD_STOP,-0.0339141,-0.0339141
2641,正德,航運業,DISCOVERY,2023-03-03,21.0525,2023-03-09,22.05,persist,4,0.0663817,-0.0191189,2023-03-10,22.1051,2023-03-13,HARD_STOP,-0.0312566,-0.0312566
2727,王品,觀光餐旅,DISCOVERY,2023-02-07,193.984,2023-02-14,216.5,persist,5,0.128961,-0.00764884,2023-02-15,218.044,2023-04-13,TREND_FAILURE_MA20x2,0.36014,0.36014
2731,雄獅,觀光餐旅,DISCOVERY,2023-03-28,131.327,2023-03-30,149,persist,2,0.134568,-0.00249377,2023-03-31,147.869,2023-05-31,TREND_FAILURE_MA20x2,0.205764,0.205764
2743,山富,觀光餐旅,DISCOVERY,2023-11-02,121.302,2023-11-06,136,persist,2,0.121164,-0.043713,2023-11-07,135.338,2023-11-29,TREND_FAILURE_MA20x2,0.0230236,0.0230236
2743,山富,觀光餐旅,STRICT_OOS,2025-05-21,121.804,2025-05-23,137.5,persist,2,0.14118,-0.0394384,2025-05-26,135.839,2025-06-06,HARD_STOP,-0.120327,-0.120327
2753,八方雲集,觀光餐旅,STRICT_OOS,2025-03-11,169.423,2025-04-01,180,persist,15,0.0683351,-0.0172498,2025-04-02,180.45,2025-04-07,HARD_STOP,-0.0886094,-0.0886094
2812,台中銀,金融保險,STRICT_OOS,2025-03-04,19.8996,2025-03-10,20.55,persist,4,0.0402206,-0.00751899,2025-03-11,20.3508,2025-03-11,HARD_STOP,-0.00876799,-0.00876799
2850,新產,金融保險,STRICT_OOS,2026-07-28,157.392,2026-07-30,157,persist,2,0.0133901,-0.0247312,2026-07-31,158.395,2026-08-05,HARD_STOP,-0.0362157,-0.0362157
2880,華南金,金融保險,STRICT_OOS,2026-07-20,40.3506,2026-07-30,42.65,persist,8,0.0569849,-0.0173634,2026-07-31,42.3055,2026-08-13,HARD_STOP,-0.0331675,-0.0331675
2883,凱基金,金融保險,DISCOVERY,2024-03-12,13.5337,2024-03-14,14.25,persist,2,0.0787845,-0.0098827,2024-03-15,14.1854,2024-04-12,TREND_FAILURE_MA20x2,-0.0117273,-0.0117273
2905,三商,貿易百貨,DISCOVERY,2024-07-31,19.2981,2024-08-02,19.95,persist,2,0.0519156,-0.0102665,2024-08-05,19.4986,2024-08-05,HARD_STOP,-0.0248089,-0.0248089
2905,三商,貿易百貨,STRICT_OOS,2025-12-02,16.1904,2025-12-04,16.95,persist,2,0.056183,-0.0148468,2025-12-05,16.9924,2025-12-24,HARD_STOP,-0.056478,-0.056478
3005,神基,電腦及週邊設備業,DISCOVERY,2023-03-06,54.937,2023-03-08,58,persist,2,0.0557548,-0.0134154,2023-03-09,58.3455,2023-07-03,TREND_FAILURE_MA20x2,0.261696,0.261696
3006,晶豪科,電子工業,STRICT_OOS,2025-09-16,64.561,2025-09-18,72.6,persist,2,0.141556,-0.0195319,2025-09-19,73.0823,2025-10-15,MFE_PROTECTION,0.0992475,0.0992475
3011,今皓,電子零組件業,DISCOVERY,2023-03-16,21.4535,2023-03-21,23.2,persist,3,0.116368,-0.0118163,2023-03-22,23.258,2023-05-12,TREND_FAILURE_MA20x2,0.153398,0.153398
3014,聯陽,電子工業,DISCOVERY,2023-05-15,102.255,2023-05-24,111,persist,7,0.11486,-0.0367219,2023-05-25,110.776,2023-06-29,TREND_FAILURE_MA20x2,0.0785576,0.0785576
3017,奇鋐,電腦及週邊設備業,STRICT_OOS,2025-07-09,793.98,2025-07-15,853,persist,4,0.0755938,-0.00879115,2025-07-16,871.173,2025-09-01,TREND_FAILURE_MA20x2,0.161661,0.161661
3019,亞光,電子工業,STRICT_OOS,2025-08-11,151.879,2025-08-13,168.5,persist,2,0.109438,-0.0255385,2025-08-14,171.929,2025-09-17,TREND_FAILURE_MA20x2,-0.0484693,-0.0484693
3032,偉訓,電子工業,DISCOVERY,2024-08-21,70.576,2024-08-26,74.7,persist,3,0.0740195,-0.015246,2024-08-27,77.1925,2024-09-04,HARD_STOP,-0.091771,-0.091771
3038,全台,電子工業,DISCOVERY,2023-04-06,26.4159,2023-04-12,27.45,persist,4,0.056183,-0.0346714,2023-04-13,27.669,2023-05-17,TREND_FAILURE_MA20x2,0.0532529,0.0532529
3078,僑威,電子零組件業,DISCOVERY,2023-03-15,37.0925,2023-03-21,39.1,persist,4,0.0568174,-0.0469772,2023-03-22,39.2479,2023-07-12,TREND_FAILURE_MA20x2,0.934962,0.934962
3147,大綜,資訊服務業,STRICT_OOS,2025-04-23,218.545,2025-04-25,282.5,persist,2,0.29264,-0.0162209,2025-04-28,268.67,2025-05-19,TREND_FAILURE_MA20x2,-0.0837636,-0.0837636
3163,波若威,通信網路業,STRICT_OOS,2025-01-02,145.363,2025-01-06,158,persist,2,0.0869378,-0.0437699,2025-01-07,157.393,2025-02-04,HARD_STOP,-0.105112,-0.105112
3207,耀勝,電子零組件業,DISCOVERY,2024-03-12,100.25,2024-03-14,105,persist,2,0.0922693,-0.0204489,2024-03-15,105.263,2024-04-24,TREND_FAILURE_MA20x2,0.318848,0.318848
3207,耀勝,電子零組件業,DISCOVERY,2024-09-04,140.35,2024-09-09,145,persist,3,0.0402565,-0.0309939,2024-09-10,145.864,2024-09-27,HARD_STOP,-0.0514023,-0.0514023
3231,緯創,電腦及週邊設備業,DISCOVERY,2023-03-21,37.0925,2023-03-23,39.65,persist,2,0.0729932,-0.0146256,2023-03-24,40.3005,2023-08-07,TREND_FAILURE_MA20x2,2.12803,2.12803
3236,千如,電子零組件業,DISCOVERY,2023-03-14,29.1727,2023-03-16,29.6,persist,2,0.0489241,-0.00934948,2023-03-17,30.3757,2023-04-21,HARD_STOP,-0.0455852,-0.0455852
3257,虹冠電,電子工業,DISCOVERY,2024-10-17,67.4682,2024-10-22,71.7,persist,3,0.104223,-0.0217621,2024-10-23,72.7815,2024-10-28,HARD_STOP,-0.0819596,-0.0819596
3303,岱稜,其他電子業,STRICT_OOS,2025-02-25,58.145,2025-03-03,58.6,persist,3,0.042222,-0.031731,2025-03-04,58.0448,2025-03-10,HARD_STOP,-0.0373266,-0.0373266
3374,精材,半導體業,DISCOVERY,2024-06-11,140.35,2024-06-13,173,persist,2,0.232633,-0.0167439,2024-06-14,173.934,2024-08-06,MFE_PROTECTION,0.29485,0.29485
3376,新日興,電子零組件業,DISCOVERY,2023-10-17,88.3202,2023-10-19,91,persist,2,0.0609119,-0.0058905,2023-10-20,90.5258,2023-12-19,TREND_FAILURE_MA20x2,0.319755,0.319755
3416,融程電,電腦及週邊設備業,STRICT_OOS,2025-07-07,145.362,2025-07-10,151,persist,3,0.042222,-0.0472096,2025-07-11,152.38,2025-09-22,TREND_FAILURE_MA20x2,0.210728,0.210728
3430,奇鈦科,化學工業,STRICT_OOS,2025-09-25,60.3505,2025-09-30,77,persist,2,0.27588,-0.0190636,2025-10-01,78.6963,2025-10-30,TREND_FAILURE_MA20x2,-0.00206837,-0.00206837
3443,創意,電子工業,DISCOVERY,2023-02-08,860.145,2023-02-20,995,persist,8,0.185847,-0.00598155,2023-02-21,1012.52,2023-03-06,MFE_PROTECTION,0.132008,0.132008
3444,利機,電子通路業,DISCOVERY,2023-09-22,82.5057,2023-09-27,87,persist,3,0.0665923,-0.00976599,2023-09-28,87.3177,2023-12-12,TREND_FAILURE_MA20x2,0.304514,0.304514
3491,昇達科,通信網路業,STRICT_OOS,2026-01-22,981.447,2026-01-26,1120,persist,2,0.2074,-0.0167584,2026-01-27,1112.77,2026-03-06,MFE_PROTECTION,0.25019,0.25019
3529,力旺,半導體業,DISCOVERY,2023-11-10,2290.71,2023-11-15,2455,persist,3,0.0935462,-0.0112247,2023-11-16,2481.19,2023-12-08,TREND_FAILURE_MA20x2,0.00911392,0.00911392
3529,力旺,半導體業,DISCOVERY,2024-10-11,3047.6,2024-10-16,3210,persist,3,0.0532878,-0.0139782,2024-10-17,3192.96,2024-10-18,HARD_STOP,-0.0386427,-0.0386427
3545,敦泰,電子工業,DISCOVERY,2023-11-08,87.1172,2023-11-14,95,persist,4,0.0973716,-0.0243035,2023-11-15,97.1423,2023-12-13,TREND_FAILURE_MA20x2,0.25202,0.25202
3563,牧德,電子工業,STRICT_OOS,2025-02-25,425.06,2025-02-27,435,persist,2,0.106903,-0.0260199,2025-03-03,437.09,2025-03-31,TREND_FAILURE_MA20x2,0.132842,0.132842
3587,閎康,其他電子業,DISCOVERY,2023-05-25,198.495,2023-05-30,218.5,persist,3,0.100783,-0.0302023,2023-05-31,220.55,2023-06-28,TREND_FAILURE_MA20x2,0.0389715,0.0389715
3587,閎康,其他電子業,DISCOVERY,2023-08-14,276.69,2023-08-17,291,persist,3,0.0950884,-0.00430084,2023-08-18,288.72,2023-09-13,TREND_FAILURE_MA20x2,-0.00391219,-0.00391219
3609,三一東林,電子零組件業,STRICT_OOS,2025-02-11,50.6262,2025-02-13,57.4,persist,2,0.135774,-0.00446903,2025-02-14,58.145,2025-02-27,HARD_STOP,-0.107533,-0.107533
3617,碩天,電子工業,DISCOVERY,2023-05-15,132.831,2023-05-17,165,persist,2,0.242178,-0.0100221,2023-05-18,170.425,2023-07-13,TREND_FAILURE_MA20x2,0.35466,0.35466
3622,洋華,電子工業,DISCOVERY,2024-01-31,57.0422,2024-02-02,69.1,persist,2,0.25521,-0.0130123,2024-02-05,71.0772,2024-02-27,TREND_FAILURE_MA20x2,-0.14907,-0.14907
3624,光頡,電子零組件業,DISCOVERY,2023-02-08,54.0348,2023-02-10,57.6,persist,2,0.080786,-0.0210004,2023-02-13,57.1425,2023-03-15,MFE_PROTECTION,0.154972,0.154972
3653,健策,電子零組件業,DISCOVERY,2023-08-14,584.457,2023-08-16,609,persist,2,0.0437029,-0.00420475,2023-08-17,610.523,2023-09-19,TREND_FAILURE_MA20x2,0.0687704,0.0687704
3653,健策,電子零組件業,STRICT_OOS,2025-11-25,2681.69,2025-11-28,2905,persist,3,0.105647,-0.0379192,2025-12-01,2887.2,2025-12-19,TREND_FAILURE_MA20x2,-0.0572062,-0.0572062
3661,世芯-KY,電子工業,DISCOVERY,2023-05-11,1353.38,2023-05-16,1410,persist,3,0.0640067,-0.0468274,2023-05-17,1418.54,2023-08-02,TREND_FAILURE_MA20x2,0.407203,0.407203
3665,貿聯-KY,電子工業,STRICT_OOS,2025-06-24,806.01,2025-06-30,848,persist,4,0.0645029,-0.0297887,2025-07-01,846.11,2025-07-24,TREND_FAILURE_MA20x2,0.0153045,0.0153045
3675,德微,半導體業,DISCOVERY,2023-02-08,247.617,2023-02-15,277,persist,5,0.118661,-0.0307632,2023-02-16,281.702,2023-03-14,MFE_PROTECTION,0.0356517,0.0356517
3675,德微,半導體業,DISCOVERY,2024-04-12,289.221,2024-04-16,288,persist,2,0.014794,-0.0439845,2024-04-17,290.725,2024-05-09,TREND_FAILURE_MA20x2,0.0137047,0.0137047
3689,湧德,電子零組件業,DISCOVERY,2023-07-10,49.724,2023-07-17,54.8,persist,5,0.102084,-0.0366825,2023-07-18,56.14,2023-07-19,HARD_STOP,-0.109211,-0.109211
3689,湧德,電子零組件業,DISCOVERY,2024-12-12,97.2425,2024-12-17,105,persist,3,0.141476,-0.00866391,2024-12-18,104.761,2024-12-24,HARD_STOP,-0.0667886,-0.0667886
3694,海華,電子工業,DISCOVERY,2023-07-11,33.0825,2023-07-17,37.85,persist,4,0.144109,-0.0266757,,,2023-07-21,MFE_PROTECTION,0.044675,0.0111687
3706,神達,電腦及週邊設備業,DISCOVERY,2024-03-20,50.6263,2024-03-25,54,persist,3,0.171329,-0.00446903,2024-03-26,54.4357,2024-03-26,HARD_STOP,-0.0131528,-0.0131528
3708,上緯投控,化學生技醫療,STRICT_OOS,2025-11-03,123.809,2025-11-06,127,persist,3,0.0298141,-0.0590326,2025-11-07,123.809,2025-11-07,HARD_STOP,-0.0657469,-0.0657469
3710,連展投控,電子零組件業,DISCOVERY,2024-10-11,14.035,2024-10-16,16.05,persist,3,0.154257,-0.0131813,2024-10-17,15.7894,2024-10-21,HARD_STOP,-0.0532056,-0.0532056
3715,定穎投控,電子零組件業,STRICT_OOS,2025-07-25,66.8667,2025-07-29,75.8,persist,2,0.150048,-0.0219354,2025-07-30,76.7915,2025-09-04,TREND_FAILURE_MA20x2,0.263931,0.263931
4128,中天,生技醫療業,DISCOVERY,2023-10-20,51.0272,2023-10-24,52.7,persist,2,0.0484594,-0.0269905,2023-10-25,52.932,2023-11-17,TREND_FAILURE_MA20x2,-0.00970072,-0.00970072
4128,中天,生技醫療業,DISCOVERY,2024-08-23,43.8092,2024-08-30,43.5,persist,5,0.0785393,-0.0276026,2024-09-02,44.11,2024-09-04,HARD_STOP,-0.0559248,-0.0559248
4163,鐿鈦,生技醫療業,DISCOVERY,2023-02-14,129.323,2023-02-17,140.5,persist,3,0.109629,-0.017959,2023-02-20,140.851,2023-03-09,HARD_STOP,-0.0848675,-0.0848675
4167,松瑞藥,生技醫療業,DISCOVERY,2023-11-02,19.7492,2023-11-07,21.55,persist,3,0.108903,-0.0354064,2023-11-08,21.253,2023-11-10,HARD_STOP,-0.074089,-0.074089
4303,信立,塑膠工業,DISCOVERY,2024-02-19,30.075,2024-02-26,39.2,persist,5,0.303408,-0.035744,2024-02-27,40.3005,2024-03-12,MFE_PROTECTION,0.23568,0.23568
4303,信立,塑膠工業,STRICT_OOS,2025-03-11,65.2627,2025-03-14,69.8,persist,3,0.103233,-0.0254778,2025-03-17,70.2752,2025-04-08,TREND_FAILURE_MA20x2,-0.101557,-0.101557
4503,金雨,電機機械,DISCOVERY,2023-06-30,70.576,2023-07-04,80.1,persist,2,0.134947,-0.0223305,,,2023-07-20,TREND_FAILURE_MA20x2,-0.00242537,-0.000606342
4510,高鋒,電機機械,STRICT_OOS,2025-05-07,50.8267,2025-05-12,54.2,persist,3,0.131294,-0.034957,2025-05-13,55.9395,2025-05-26,HARD_STOP,-0.10124,-0.10124
4513,福裕,電機機械,DISCOVERY,2024-04-02,29.1226,2024-04-08,32.45,persist,2,0.127989,-0.0145119,2024-04-09,32.9822,2024-04-17,MFE_PROTECTION,-0.00464096,-0.00464096
4532,瑞智,電機機械,STRICT_OOS,2025-03-04,29.0725,2025-03-12,29.95,persist,6,0.0473815,-0.0128128,2025-03-13,30.5261,2025-04-08,HARD_STOP,-0.124159,-0.124159
4534,慶騰,電機機械,STRICT_OOS,2026-07-14,36.09,2026-07-16,42.35,persist,2,0.173455,-0.0870047,2026-07-17,41.4032,2026-07-29,HARD_STOP,-0.197242,-0.197242
4543,萬在,電機機械,DISCOVERY,2024-05-20,60.15,2024-05-22,65.7,persist,2,0.155445,-0.045719,2024-05-23,65.4632,2024-06-13,TREND_FAILURE_MA20x2,-0.0310618,-0.0310618
4583,台灣精銳,電機機械,DISCOVERY,2024-10-17,742.853,2024-10-22,837,persist,3,0.126738,-0.00653225,2024-10-23,827.062,2024-10-29,HARD_STOP,-0.0518766,-0.0518766
4728,雙美,生技醫療業,STRICT_OOS,2025-04-15,390.474,2025-04-18,413,persist,3,0.106348,-0.0217012,2025-04-21,402.002,2025-04-22,HARD_STOP,-0.0245946,-0.0245946
4747,強生*,生技醫療業,DISCOVERY,2023-05-31,64.3605,2023-06-02,75,persist,2,0.165311,-0.00249377,2023-06-05,80.9017,2023-07-25,TREND_FAILURE_MA20x2,0.612569,0.612569
4749,新應材,光電業,DISCOVERY,2024-10-29,752.196,2024-11-01,767,persist,2,0.0236696,-0.0321669,2024-11-04,760.597,2024-11-08,HARD_STOP,-0.0469881,-0.0469881
4766,南寶,化學生技醫療,DISCOVERY,2023-12-18,288.219,2023-12-20,297,persist,2,0.0530196,-0.0458636,2023-12-21,296.74,2024-01-05,HARD_STOP,-0.0730923,-0.0730923
4766,南寶,化學生技醫療,DISCOVERY,2024-11-19,302.254,2024-11-21,322,persist,2,0.06533,-0.00249377,2024-11-22,323.306,2024-12-13,TREND_FAILURE_MA20x2,-0.017245,-0.017245
4904,遠傳,電子工業,DISCOVERY,2024-07-29,86.9168,2024-08-05,87.4,persist,5,0.00786098,-0.0266548,2024-08-06,87.017,2024-10-01,TREND_FAILURE_MA20x2,0.035429,0.035429
4927,泰鼎-KY,電子工業,STRICT_OOS,2025-12-16,30.6765,2025-12-19,34.55,persist,3,0.126269,-0.0579108,2025-12-22,35.3882,2026-01-28,TREND_FAILURE_MA20x2,-0.0180812,-0.0180812
4960,誠美材,光電業,DISCOVERY,2023-02-14,11.7794,2023-02-16,12.3,persist,2,0.0526875,-0.0237173,2023-02-17,12.1804,2023-03-14,TREND_FAILURE_MA20x2,-0.029869,-0.029869
4960,誠美材,光電業,DISCOVERY,2023-10-20,13.2831,2023-10-24,14.15,persist,2,0.0727897,-0.0137863,2023-10-25,14.1854,2023-10-30,HARD_STOP,-0.0675376,-0.0675376
4967,十銓,半導體業,DISCOVERY,2024-05-03,94.235,2024-05-07,114,persist,2,0.209742,-0.0258397,2024-05-08,116.29,2024-06-20,MFE_PROTECTION,0.27962,0.27962
5009,榮剛,鋼鐵工業,DISCOVERY,2023-03-13,49.724,2023-03-15,50.9,persist,2,0.0236505,-0.0326603,2023-03-16,50.4258,2023-04-24,MFE_PROTECTION,0.0772145,0.0772145
5209,新鼎,資訊服務業,DISCOVERY,2024-03-29,206.515,2024-04-03,216.5,persist,3,0.0652979,-0.024284,2024-04-08,218.044,2024-04-10,HARD_STOP,-0.0673576,-0.0673576
5225,東科-KY,其他電子業,DISCOVERY,2023-10-02,61.353,2023-10-05,64.4,persist,3,0.0496634,-0.0399817,2023-10-06,64.16,2023-10-11,HARD_STOP,-0.0483276,-0.0483276
5225,東科-KY,其他電子業,DISCOVERY,2024-03-12,108.771,2024-03-15,117,persist,3,0.0894423,-0.00249377,2024-03-18,118.796,2024-03-27,HARD_STOP,-0.0465975,-0.0465975
5269,祥碩,半導體業,DISCOVERY,2024-12-12,1904.75,2024-12-17,2075,persist,3,0.0893818,-0.0208689,2024-12-18,2050.11,2025-01-06,TREND_FAILURE_MA20x2,-0.0152715,-0.0152715
5274,信驊,半導體業,STRICT_OOS,2025-06-06,4130.3,2025-06-11,4660,persist,3,0.147616,-0.0170206,2025-06-12,4912.25,2025-07-18,TREND_FAILURE_MA20x2,0.0388129,0.0388129
5284,jpp-KY,其他,DISCOVERY,2023-02-16,90.7263,2023-02-20,95.1,persist,2,0.087888,-0.00800485,2023-02-21,96.1397,2023-03-17,TREND_FAILURE_MA20x2,-0.00622424,-0.00622424
5289,宜鼎,電腦及週邊設備業,DISCOVERY,2023-03-17,244.61,2023-03-21,266,persist,2,0.136503,-0.0229345,2023-03-22,269.673,2023-04-24,TREND_FAILURE_MA20x2,0.0689453,0.0689453
5371,中光電,光電業,STRICT_OOS,2025-07-22,60.3505,2025-07-24,67.4,persist,2,0.148292,-0.0422615,2025-07-25,67.769,2025-09-17,TREND_FAILURE_MA20x2,0.693129,0.693129
5498,凱崴,電子零組件業,STRICT_OOS,2025-08-07,20.05,2025-08-12,22.35,persist,3,0.114713,-0.0399002,2025-08-13,23.4585,2025-08-25,MFE_PROTECTION,0.154347,0.154347
5508,永信建,建材營造,DISCOVERY,2024-04-26,171.929,2024-04-30,205,persist,2,0.192354,-0.0199429,2024-05-02,210.525,2024-05-27,TREND_FAILURE_MA20x2,-0.0411336,-0.0411336
5706,鳳凰,觀光餐旅,DISCOVERY,2023-05-23,71.378,2023-05-25,95.3,persist,2,0.335145,-0.0179047,2023-05-26,93.5332,2023-07-04,TREND_FAILURE_MA20x2,0.293449,0.293449
5876,上海商銀,金融保險,STRICT_OOS,2026-07-15,44.8117,2026-07-17,45.2,persist,2,0.018706,-0.00807266,2026-07-20,45.8143,2026-07-23,HARD_STOP,-0.0312304,-0.0312304
6104,創惟,半導體業,DISCOVERY,2024-08-20,104.761,2024-08-23,109.5,persist,3,0.0786431,-0.0215848,2024-08-26,111.278,2024-09-04,HARD_STOP,-0.0485364,-0.0485364
6117,迎廣,電子工業,STRICT_OOS,2025-05-21,95.2375,2025-05-27,100.5,persist,4,0.0972569,-0.0213939,2025-05-28,103.257,2025-06-02,HARD_STOP,-0.0850225,-0.0850225
6122,擎邦,電機機械,DISCOVERY,2023-11-02,47.1175,2023-11-14,67.4,persist,8,0.489892,-0.00673847,2023-11-15,68.17,2023-11-27,MFE_PROTECTION,0.0965495,0.0965495
6177,達麗,建材營造,DISCOVERY,2024-03-21,39.4985,2024-03-28,42.05,persist,5,0.0658633,-0.0202159,2024-03-29,42.1551,2024-05-16,TREND_FAILURE_MA20x2,0.366112,0.366112
6186,新潤,建材營造,DISCOVERY,2024-03-20,61.0522,2024-03-29,64.8,persist,7,0.0630239,-0.0155973,2024-04-01,65.6638,2024-05-27,TREND_FAILURE_MA20x2,0.369094,0.369094
6186,新潤,建材營造,DISCOVERY,2024-11-22,63.0572,2024-11-26,66.4,persist,2,0.091072,-0.0183524,2024-11-27,66.566,2024-12-05,HARD_STOP,-0.0638832,-0.0638832
6213,聯茂,電子零組件業,STRICT_OOS,2025-05-21,78.195,2025-05-23,81.2,persist,2,0.0537758,-0.00505147,2025-05-26,80.9018,2025-06-23,TREND_FAILURE_MA20x2,0.0214503,0.0214503
6215,和椿,其他電子業,DISCOVERY,2024-12-18,71.8792,2024-12-20,83.7,persist,2,0.164453,-0.0400568,2024-12-23,86.9167,2025-01-10,MFE_PROTECTION,0.125589,0.125589
6219,富旺,建材營造,DISCOVERY,2023-12-26,24.2605,2023-12-28,25.5,persist,2,0.0531523,-0.00661569,2023-12-29,25.5637,2024-02-29,TREND_FAILURE_MA20x2,0.331334,0.331334
6223,旺矽,半導體業,DISCOVERY,2024-08-14,607.515,2024-08-19,693,persist,3,0.152235,-0.00249377,2024-08-20,697.74,2024-09-09,MFE_PROTECTION,0.0776823,0.0776823
6223,旺矽,半導體業,STRICT_OOS,2025-09-01,1373.42,2025-09-08,1525,persist,5,0.146768,-0.0170559,2025-09-09,1563.9,2025-11-12,MFE_PROTECTION,0.173098,0.173098
6245,立端,通信網路業,DISCOVERY,2023-02-16,105.263,2023-02-20,116.5,persist,2,0.144757,-0.0072438,2023-02-21,116.29,2023-03-13,HARD_STOP,-0.0844743,-0.0844743
6245,立端,通信網路業,DISCOVERY,2023-05-15,119.799,2023-05-23,140.5,persist,6,0.176974,-0.0233621,2023-05-24,140.851,2023-06-12,TREND_FAILURE_MA20x2,-0.150272,-0.150272
6257,矽格,電子工業,STRICT_OOS,2026-03-31,147.367,2026-04-09,171,persist,5,0.187507,-0.00588664,2026-04-10,177.944,2026-06-09,MFE_PROTECTION,0.194983,0.194983
6265,方土昶,電子通路業,STRICT_OOS,2025-12-26,23.3081,2025-12-30,29.25,persist,2,0.254927,-0.00249377,2025-12-31,30.877,2026-02-04,TREND_FAILURE_MA20x2,0.33772,0.33772
6266,泰詠,電子零組件業,DISCOVERY,2023-02-16,31.8795,2023-02-20,33.1,persist,2,0.0382848,-0.0275882,2023-02-21,33.1827,2023-02-22,HARD_STOP,-0.0629594,-0.0629594
6278,台表科,電子工業,DISCOVERY,2024-03-12,102.756,2024-03-14,110,persist,2,0.0850921,-0.0170914,2024-03-15,109.774,2024-04-18,TREND_FAILURE_MA20x2,-0.0155796,-0.0155796
6279,胡連,電子零組件業,DISCOVERY,2024-09-10,164.911,2024-09-13,176.5,persist,3,0.09756,-0.00249377,2024-09-16,180.45,2024-10-15,TREND_FAILURE_MA20x2,-0.00867163,-0.00867163
6282,康舒,電子工業,STRICT_OOS,2025-10-20,38.095,2025-10-22,42.9,persist,2,0.126132,-0.0458065,2025-10-23,43.308,2025-11-13,TREND_FAILURE_MA20x2,-0.0622628,-0.0622628
6290,良維,電子零組件業,DISCOVERY,2023-02-14,65.4633,2023-02-16,70.3,persist,2,0.073885,-0.0192971,2023-02-17,70.0748,2023-03-14,TREND_FAILURE_MA20x2,-0.0180078,-0.0180078
6290,良維,電子零組件業,STRICT_OOS,2025-05-16,98.245,2025-05-20,101.5,persist,2,0.0433101,-0.0248868,2025-05-21,101.754,2025-05-28,HARD_STOP,-0.0568619,-0.0568619
6290,良維,電子零組件業,STRICT_OOS,2025-11-03,188.47,2025-11-06,198.5,persist,3,0.098318,-0.0608585,2025-11-07,197.994,2025-11-18,HARD_STOP,-0.101284,-0.101284
6412,群電,電子零組件業,DISCOVERY,2024-01-02,145.864,2024-01-04,153.5,persist,2,0.0523519,-0.0230609,2024-01-05,153.884,2024-01-19,HARD_STOP,-0.0679513,-0.0679513
6412,群電,電子零組件業,STRICT_OOS,2025-01-09,127.318,2025-01-13,128.5,persist,2,0.0328509,-0.0221297,2025-01-14,126.315,2025-01-14,HARD_STOP,-0.0232261,-0.0232261
6415,矽力*-KY,電子工業,STRICT_OOS,2025-02-20,434.083,2025-02-25,461,persist,3,0.101173,-0.00249377,2025-02-26,456.137,2025-02-26,HARD_STOP,-0.000180485,-0.000180485
6417,韋僑,通信網路業,DISCOVERY,2023-03-03,122.305,2023-03-07,131,persist,2,0.124239,-0.0270226,2023-03-08,132.33,2023-03-13,HARD_STOP,-0.0889093,-0.0889093
6435,大中,半導體業,STRICT_OOS,2026-05-04,195.989,2026-05-06,217,persist,2,0.155679,-0.0178008,2026-05-07,218.545,2026-05-18,MFE_PROTECTION,0.0518834,0.0518834
6446,藥華藥,生技醫療業,DISCOVERY,2024-07-18,661.65,2024-07-26,649,persist,4,0.01262,-0.0901534,2024-07-29,654.633,2024-08-05,HARD_STOP,-0.0894398,-0.0894398
6485,點序,半導體業,DISCOVERY,2023-04-06,105.764,2023-04-11,115.5,persist,3,0.0920566,-0.0355864,2023-04-12,118.295,2023-04-21,HARD_STOP,-0.110008,-0.110008
6491,晶碩,生技醫療業,STRICT_OOS,2026-07-03,347.868,2026-07-07,378,persist,2,0.121117,-0.00393109,2026-07-08,387.466,2026-07-17,HARD_STOP,-0.0868927,-0.0868927
6505,台塑化,油電燃氣業,STRICT_OOS,2025-10-20,44.1601,2025-10-23,46.5,persist,3,0.0722343,-0.0217419,2025-10-27,46.4659,2025-11-27,MFE_PROTECTION,0.0891924,0.0891924
6531,愛普*,半導體業,DISCOVERY,2023-09-21,369.922,2023-09-25,395.5,persist,2,0.0840108,-0.00654867,2023-09-26,394.985,2023-10-16,HARD_STOP,-0.0605649,-0.0605649
6535,順藥,生技醫療業,DISCOVERY,2023-05-16,47.6187,2023-05-19,52.1,persist,3,0.121407,-0.0203439,2023-05-22,54.0348,2023-06-15,MFE_PROTECTION,0.100121,0.100121
6561,是方,通信網路業,DISCOVERY,2023-02-23,334.835,2023-03-06,362.5,persist,5,0.116968,-0.00249377,2023-03-07,363.406,2023-03-13,HARD_STOP,-0.0344504,-0.0344504
6591,動力-KY,電腦及週邊設備業,STRICT_OOS,2025-08-15,78.2952,2025-08-20,83.1,persist,3,0.0945747,-0.0369786,2025-08-21,83.809,2025-09-02,MFE_PROTECTION,0.0968061,0.0968061
6620,漢達,生技醫療業,DISCOVERY,2023-02-23,191.838,2023-03-02,178.5,persist,3,0.385782,0,2023-03-03,180.4,2023-03-14,MFE_PROTECTION,0.0471887,0.0471887
6620,漢達,生技醫療業,STRICT_OOS,2025-09-22,111.598,2025-09-25,118,persist,3,0.124569,-0.00536119,2025-09-26,118.716,2025-09-26,HARD_STOP,-0.0185166,-0.0185166
6643,M31,半導體業,DISCOVERY,2024-01-04,1087.71,2024-01-08,1140,persist,2,0.0710551,-0.0254778,2024-01-09,1162.9,2024-03-08,TREND_FAILURE_MA20x2,0.390757,0.390757
6664,群翊,電子零組件業,DISCOVERY,2024-05-27,248.62,2024-05-29,265.5,persist,2,0.122195,-0.0105382,2024-05-30,262.154,2024-06-04,HARD_STOP,-0.0556117,-0.0556117
6669,緯穎,電腦及週邊設備業,DISCOVERY,2023-07-10,1488.71,2023-07-12,1735,persist,2,0.172154,-0.0159282,2023-07-13,1844.6,2023-07-31,MFE_PROTECTION,0.0469971,0.0469971
6669,緯穎,電腦及週邊設備業,DISCOVERY,2024-12-18,2611.51,2024-12-20,2640,persist,2,0.041542,-0.0427004,2024-12-23,2691.71,2025-01-13,HARD_STOP,-0.0707828,-0.0707828
6669,緯穎,電腦及週邊設備業,STRICT_OOS,2025-05-07,2130.31,2025-05-12,2255,persist,3,0.0820009,-0.0189233,2025-05-13,2325.8,2025-07-02,MFE_PROTECTION,0.115782,0.115782
6703,軒郁,生技醫療業,DISCOVERY,2023-04-26,181.954,2023-05-09,193.5,persist,8,0.121164,-0.0327212,2023-05-10,195.989,2023-06-13,MFE_PROTECTION,0.0847208,0.0847208
6757,台灣虎航,航運業,DISCOVERY,2023-05-16,42.3556,2023-05-23,46.9,persist,5,0.114374,0,2023-05-24,46.897,2023-05-25,HARD_STOP,-0.0336384,-0.0336384
6757,台灣虎航,航運業,DISCOVERY,2024-07-02,62.155,2024-07-05,66.6,persist,3,0.0779503,-0.0185826,2024-07-08,71.378,2024-07-16,HARD_STOP,-0.120147,-0.120147
6782,視陽,生技醫療業,DISCOVERY,2024-01-03,219.548,2024-01-05,240.5,persist,2,0.122764,-0.0184356,2024-01-08,244.109,2024-03-11,TREND_FAILURE_MA20x2,0.0832521,0.0832521
6788,華景電,半導體業,STRICT_OOS,2025-07-01,241.101,2025-07-04,260.5,persist,3,0.109492,-0.0066414,2025-07-07,257.642,2025-08-01,TREND_FAILURE_MA20x2,0.00558692,0.00558692
6788,華景電,半導體業,STRICT_OOS,2025-12-19,306.264,2025-12-24,347.5,persist,3,0.137908,-0.0400431,2025-12-26,354.384,2026-01-08,MFE_PROTECTION,0.0645444,0.0645444
6805,富世達,電子零組件業,DISCOVERY,2024-12-02,927.312,2024-12-04,1065,persist,2,0.159264,-0.0208263,2024-12-05,1072.68,2024-12-16,HARD_STOP,-0.126769,-0.126769
6877,鏵友益,其他電子業,STRICT_OOS,2025-03-05,88.4205,2025-03-07,99.6,persist,2,0.126436,-0.0115414,2025-03-10,102.255,2025-03-28,TREND_FAILURE_MA20x2,-0.102123,-0.102123
6885,全福生技,生技醫療業,DISCOVERY,2023-01-05,39.709,2023-01-17,58.2,persist,8,0.446663,0,2023-01-30,55.4683,2023-03-15,TREND_FAILURE_MA20x2,0.372087,0.372087
6890,來億-KY,運動休閒,STRICT_OOS,2025-01-13,435.085,2025-01-15,494,persist,2,0.23654,-0.026627,2025-01-16,501.25,2025-02-14,TREND_FAILURE_MA20x2,-0.0892116,-0.0892116
6919,康霈*,生技醫療業,STRICT_OOS,2025-06-06,972.425,2025-06-17,1100,persist,7,0.131193,-0.011749,2025-06-18,1097.74,2025-07-09,MFE_PROTECTION,0.0926962,0.0926962
6944,兆聯實業,綠能環保,DISCOVERY,2024-01-16,184.009,2024-01-23,202.5,persist,5,0.119511,-0.0245036,2024-01-24,203.738,2024-04-24,TREND_FAILURE_MA20x2,0.776294,0.776294
6944,兆聯實業,綠能環保,DISCOVERY,2024-07-22,416.459,2024-07-26,445,persist,2,0.115357,-0.0131071,2024-07-29,444.709,2024-07-29,HARD_STOP,-0.0915004,-0.0915004
6944,兆聯實業,綠能環保,STRICT_OOS,2025-01-16,401.04,2025-01-21,431.5,persist,3,0.0796925,-0.00633378,2025-01-22,426.875,2025-03-04,TREND_FAILURE_MA20x2,-0.00142434,-0.00142434
6944,兆聯實業,綠能環保,STRICT_OOS,2025-08-20,519.295,2025-08-22,541,persist,2,0.066831,-0.0390818,2025-08-25,556.387,2025-09-16,TREND_FAILURE_MA20x2,0.0173554,0.0173554
7750,新代,電機機械,STRICT_OOS,2026-02-03,1002.5,2026-02-06,1100,persist,3,0.127182,-0.0294264,2026-02-09,1097.74,2026-03-25,TREND_FAILURE_MA20x2,0.195096,0.195096
7769,鴻勁,半導體業,STRICT_OOS,2025-06-20,1265.39,2025-06-27,1380,persist,5,0.094528,-0.00425607,2025-06-30,1352.72,2025-07-04,HARD_STOP,-0.0367656,-0.0367656
7799,禾榮科,生技醫療業,STRICT_OOS,2025-06-20,651.926,2025-06-24,747,persist,2,0.148904,-0.00142002,2025-06-25,726.081,2025-07-31,TREND_FAILURE_MA20x2,0.223895,0.223895
7799,禾榮科,生技醫療業,STRICT_OOS,2026-02-23,473.18,2026-02-26,556,persist,3,0.229976,-0.00355045,2026-03-02,551.375,2026-03-04,HARD_STOP,-0.0699605,-0.0699605
8016,矽創,電子工業,DISCOVERY,2023-09-11,280.7,2023-09-14,300,persist,3,0.0794442,-0.00249377,2023-09-15,304.76,2023-09-21,HARD_STOP,-0.0532484,-0.0532484
8028,昇陽半導體,電子工業,STRICT_OOS,2025-09-03,159.397,2025-09-08,182,persist,3,0.163757,-0.00876739,2025-09-09,182.956,2025-09-15,HARD_STOP,-0.0517656,-0.0517656
8046,南電,電子零組件業,DISCOVERY,2024-12-30,125.312,2025-01-02,133,persist,2,0.0773067,-0.0304239,2025-01-03,132.33,2025-01-13,HARD_STOP,-0.0756537,-0.0756537
8054,安國,半導體業,DISCOVERY,2023-11-28,84.1098,2023-11-30,95.2,persist,2,0.188923,-0.0096273,2023-12-01,96.4405,2024-03-01,TREND_FAILURE_MA20x2,0.773639,0.773639
8081,致新,電子工業,DISCOVERY,2023-09-14,270.174,2023-09-18,283.5,persist,2,0.0733833,-0.0172991,2023-09-19,286.214,2023-09-21,HARD_STOP,-0.0653199,-0.0653199
8086,宏捷科,半導體業,DISCOVERY,2023-04-07,88.9218,2023-04-11,93.7,persist,2,0.0717288,-0.00924127,2023-04-12,93.9342,2023-04-25,HARD_STOP,-0.0556551,-0.0556551
8099,大世科,資訊服務業,DISCOVERY,2024-06-05,79.6987,2024-06-13,89.9,persist,5,0.127998,-0.0464091,2024-06-14,91.5282,2024-07-12,MFE_PROTECTION,0.149809,0.149809
8111,立碁,光電業,STRICT_OOS,2025-11-05,58.0447,2025-11-12,65.8,persist,5,0.223194,-0.0128306,2025-11-13,65.9645,2025-11-21,HARD_STOP,-0.0489435,-0.0489435
8114,振樺電,電腦及週邊設備業,DISCOVERY,2024-11-21,272.68,2024-11-25,313.5,persist,2,0.164368,-0.0134957,2024-11-26,311.777,2025-01-14,TREND_FAILURE_MA20x2,0.138535,0.138535
8150,南茂,電子工業,STRICT_OOS,2025-09-16,28.2204,2025-09-19,29.7,persist,3,0.0736923,-0.0148962,2025-09-22,29.7742,2025-12-17,TREND_FAILURE_MA20x2,0.498938,0.498938
8150,南茂,電子工業,STRICT_OOS,2026-01-16,62.6562,2026-01-20,71.7,persist,2,0.179451,-0.0200499,2026-01-21,72.18,2026-01-30,HARD_STOP,-0.123463,-0.123463
8271,宇瞻,電子工業,STRICT_OOS,2025-10-09,77.8942,2025-10-14,93.6,persist,2,0.290211,-0.0217506,2025-10-15,94.9368,2025-11-05,MFE_PROTECTION,-0.0170919,-0.0170919
8289,泰藝,電子零組件業,STRICT_OOS,2026-02-11,27.4184,2026-02-24,31.05,persist,2,0.148865,-0.0316713,2026-02-25,32.3807,2026-03-10,MFE_PROTECTION,0.0772083,0.0772083
8464,億豐,居家生活,DISCOVERY,2023-01-05,300.75,2023-01-16,330,persist,7,0.105569,-0.0274314,2023-01-17,330.324,2023-01-31,HARD_STOP,-0.0437244,-0.0437244
8464,億豐,居家生活,STRICT_OOS,2026-07-28,381.451,2026-07-30,382.5,persist,2,0.00930329,-0.0287094,2026-07-31,378.444,2026-08-13,HARD_STOP,-0.0298059,-0.0298059
8499,鼎炫-KY,其他,STRICT_OOS,2025-12-05,299.747,2025-12-09,366,persist,2,0.2277,-0.0241787,2025-12-10,352.88,2025-12-30,MFE_PROTECTION,0.0286271,0.0286271
8927,北基,油電燃氣業,DISCOVERY,2023-09-04,59.6487,2023-09-06,63.8,persist,2,0.0712714,-0.00249377,2023-09-07,63.9595,2023-09-08,HARD_STOP,-0.0596596,-0.0596596
8932,智通*,數位雲端,STRICT_OOS,2025-06-09,110.275,2025-06-11,137,persist,2,0.269553,-0.0206302,2025-06-12,136.34,2025-07-09,TREND_FAILURE_MA20x2,-0.00106495,-0.00106495
8932,智通*,數位雲端,STRICT_OOS,2025-08-27,224.56,2025-08-29,229.5,persist,2,0.0598504,-0.0292127,2025-09-01,229.573,2025-09-02,HARD_STOP,-0.0518903,-0.0518903
8936,國統,其他,DISCOVERY,2023-10-02,33.1326,2023-10-25,37.85,persist,15,0.146906,-0.0206028,2023-10-26,37.4935,2023-12-29,TREND_FAILURE_MA20x2,0.281334,0.281334
9904,寶成,運動休閒,DISCOVERY,2024-03-15,32.9823,2024-03-21,35.3,persist,4,0.0702727,-0.0191694,2024-03-22,35.3882,2024-04-18,TREND_FAILURE_MA20x2,-0.0114168,-0.0114168
9906,欣巴巴,建材營造,DISCOVERY,2024-07-23,150.876,2024-07-30,193,persist,3,0.322276,-0.00249377,2024-07-31,193.482,2024-08-06,MFE_PROTECTION,0.0909003,0.0909003
9907,統一實,其他,STRICT_OOS,2025-03-07,17.4435,2025-03-11,18.05,persist,2,0.0491014,-0.00249377,2025-03-12,18.045,2025-03-28,HARD_STOP,-0.0342956,-0.0342956
9910,豐泰,運動休閒,STRICT_OOS,2025-05-07,114.786,2025-05-09,121.5,persist,2,0.0715569,-0.0155615,2025-05-12,122.806,2025-06-04,TREND_FAILURE_MA20x2,-0.0457332,-0.0457332
9914,美利達,運動休閒,DISCOVERY,2023-06-06,197.994,2023-06-26,217.5,persist,12,0.101045,-0.0226964,2023-06-27,214.535,2023-07-21,TREND_FAILURE_MA20x2,0.0254669,0.0254669
9921,巨大,運動休閒,DISCOVERY,2024-07-23,221.051,2024-07-30,228.5,persist,3,0.0450065,-0.00475568,2024-07-31,228.57,2024-08-05,HARD_STOP,-0.0361647,-0.0361647
9958,世紀鋼,鋼鐵工業,DISCOVERY,2023-07-07,134.836,2023-07-12,143,persist,3,0.108752,-0.00249377,2023-07-13,146.866,2023-07-18,HARD_STOP,-0.0358269,-0.0358269
9958,世紀鋼,鋼鐵工業,DISCOVERY,2024-05-20,252.63,2024-05-22,294.5,persist,2,0.187507,-0.0104105,2024-05-23,292.73,2024-07-01,MFE_PROTECTION,0.0581981,0.0581981
