family,feature,orientation,n_top,lift_leader20_volctl,diff_leader20_volctl,lift_leader30_volctl,lift_mae10_volctl,top_fwd20_mean,all_fwd20_mean,top_maxc40_p90,window
MKT_REL,ex_1,higher_better,67852,1.15405,0.0316958,1.20321,1.09483,0.0157637,0.0143593,0.390522,DISCOVERY_purged
MKT_REL,cex_5,higher_better,67860,1.2143,0.0426033,1.31564,1.11696,0.0175178,0.0143593,0.425373,DISCOVERY_purged
MKT_REL,resid_5,higher_better,67858,1.21519,0.043128,1.32138,1.11914,0.0177547,0.0143593,0.428571,DISCOVERY_purged
MKT_REL,oc_rel5,higher_better,67862,1.18082,0.0378491,1.26792,1.07468,0.0178638,0.0143593,0.40625,DISCOVERY_purged
MKT_REL,clv_rel5,higher_better,67863,1.09334,0.0237839,1.152,0.942729,0.0182326,0.0143593,0.347443,DISCOVERY_purged
MKT_REL,lc_rel5,higher_better,67860,1.1665,0.0422368,1.23139,1.10068,0.0194144,0.0143593,0.463579,DISCOVERY_purged
PERSIST,outp_5,higher_better,58144,1.18079,0.0362112,1.26048,1.07353,0.0171213,0.0143593,0.376866,DISCOVERY_purged
PERSIST,outp_10,higher_better,64109,1.18928,0.0369852,1.27944,1.0221,0.0179993,0.0143593,0.388359,DISCOVERY_purged
PERSIST,cex_10,higher_better,67867,1.20996,0.0433161,1.3016,1.08697,0.0191281,0.0143593,0.439952,DISCOVERY_purged
PERSIST,rs_slope_10,higher_better,67814,1.20311,0.0414537,1.29144,1.08298,0.0186728,0.0143593,0.433333,DISCOVERY_purged
ACCEL,rs_accel,higher_better,67757,1.14665,0.0267783,1.21534,1.12516,0.013786,0.0143593,0.382132,DISCOVERY_purged
SECTOR_REL,srs_5,higher_better,67865,1.19033,0.0387744,1.28657,1.11241,0.0170404,0.0143593,0.418377,DISCOVERY_purged
SECTOR_REL,srs_10,higher_better,67867,1.18559,0.039639,1.2815,1.08173,0.0189491,0.0143593,0.433925,DISCOVERY_purged
SECTOR_REL,sec_outp_10,higher_better,74128,1.13677,0.0309634,1.20104,1.02863,0.0161543,0.0143593,0.377778,DISCOVERY_purged
INDEP,is_cnt5,higher_better,60663,1.12616,0.0262509,1.20147,1.12241,0.0144207,0.0143593,0.400769,DISCOVERY_purged
INDEP,is_cnt10,higher_better,62560,1.15532,0.0339209,1.22009,1.00094,0.0209306,0.0143593,0.417783,DISCOVERY_purged
RESIL,dr60,higher_better,67860,0.976659,-0.000569907,1.00753,0.935679,0.0122935,0.0143593,0.356788,DISCOVERY_purged
RESIL,dcap60,lower_better,67860,0.977961,-0.000327183,1.00975,0.935548,0.0123847,0.0143593,0.357136,DISCOVERY_purged
UPPART,up60,higher_better,67869,1.14143,0.0332508,1.1639,1.03979,0.021321,0.0143593,0.422987,DISCOVERY_purged
UPPART,ucap60,higher_better,67869,1.14033,0.0331025,1.16168,1.03993,0.0213221,0.0143593,0.423086,DISCOVERY_purged
ASYM,asym60,higher_better,67863,1.09309,0.0201263,1.12567,1.03528,0.0160105,0.0143593,0.409705,DISCOVERY_purged
STRUCT,dist_h20,higher_better,67864,1.06739,0.0166851,1.1258,0.893396,0.017103,0.0143593,0.301416,DISCOVERY_purged
STRUCT,dist_h60,higher_better,67864,1.08344,0.0213307,1.12992,0.834527,0.0203686,0.0143593,0.323499,DISCOVERY_purged
STRUCT,progress_atr,higher_better,67860,1.21955,0.0435233,1.31845,1.03346,0.0197482,0.0143593,0.404255,DISCOVERY_purged
STRUCT,hl_flag,higher_better,19189,1.25818,0.0515559,1.28829,0.880694,0.037173,0.0143593,0.395801,DISCOVERY_purged
STRUCT,relhigh_cnt20,higher_better,66630,1.13212,0.0281578,1.17218,0.917177,0.0235952,0.0143593,0.400646,DISCOVERY_purged
STRUCT,tight10,lower_better,67820,0.978295,-0.00181316,0.973789,0.979613,0.0143678,0.0143593,0.314325,DISCOVERY_purged
VOLUME,vol_ratio,higher_better,66863,1.11303,0.0230088,1.17753,1.08225,0.0148313,0.0143593,0.366804,DISCOVERY_purged
VOLUME,val_accel,higher_better,66841,1.06551,0.0133169,1.12845,1.05645,0.0137228,0.0143593,0.375321,DISCOVERY_purged
VOLUME,val_pct,higher_better,67860,1.03189,0.00763858,0.96795,1.0014,0.0173404,0.0143593,0.363041,DISCOVERY_purged
VOLUME,turnover_pct,higher_better,67862,1.07262,0.019903,1.13708,1.07756,0.017078,0.0143593,0.457243,DISCOVERY_purged
TRAD_RS,rs_pct_20,higher_better,67839,1.18858,0.043237,1.25246,1.03637,0.0242489,0.0143593,0.457606,DISCOVERY_purged
TRAD_RS,rs_pct_40,higher_better,67841,1.19534,0.0482516,1.26789,1.04951,0.0233215,0.0143593,0.470326,DISCOVERY_purged
TRAD_RS,rs_pct_60,higher_better,67836,1.21634,0.0541866,1.28129,1.0598,0.0236559,0.0143593,0.473684,DISCOVERY_purged
TRAD_RS,rs_pct_120,higher_better,67791,1.23,0.0553958,1.33221,1.0904,0.0205798,0.0143593,0.470175,DISCOVERY_purged
