date,equity,cash,invested_mv,n_probe,n_confirmed,n_full,slots_used,probe_slots,probe_capital,occupancy,taiex_norm,drawdown
2023-01-03,1e+07,1e+07,0,0,0,0,0,0,0,0,1e+07,0
2023-01-04,1e+07,1e+07,0,0,0,0,0,0,0,0,9.98243e+06,0
2023-01-05,9.99607e+06,9.49888e+06,497199,2,0,0,0.5,0.5,497199,0.05,1.00541e+07,-0.000392597
2023-01-06,9.99555e+06,9.49888e+06,496675,2,0,0,0.5,0.5,496675,0.05,1.01049e+07,-0.000445003
2023-01-09,1.00029e+07,9.49888e+06,504066,2,0,0,0.5,0.5,504066,0.05,1.03713e+07,0
2023-01-10,1.00031e+07,9.74707e+06,256027,1,0,0,0.25,0.25,256027,0.025,1.04069e+07,0
2023-01-11,1.00043e+07,9.74707e+06,257273,1,0,0,0.25,0.25,257273,0.025,1.03707e+07,0
2023-01-12,1.00042e+07,9.4964e+06,507823,2,0,0,0.5,0.5,507823,0.05,1.03568e+07,-1.2159e-05
2023-01-13,1.00056e+07,9.4964e+06,509210,2,0,0,0.5,0.5,509210,0.05,1.04218e+07,0
2023-01-16,1.00147e+07,9.4964e+06,518307,1,1,0,0.5,0.25,243993,0.05,1.04942e+07,0
2023-01-17,9.98512e+06,8.7436e+06,1.24151e+06,1,0,1,1.25,0.25,244778,0.125,1.04983e+07,-0.0029544
2023-01-30,1.00182e+07,8.49341e+06,1.52479e+06,2,0,1,1.5,0.5,489240,0.15,1.08926e+07,0
2023-01-31,9.94567e+06,9.69069e+06,254977,1,0,0,0.25,0.25,254977,0.025,1.07319e+07,-0.00724041
2023-02-01,9.9429e+06,9.44149e+06,501409,2,0,0,0.5,0.5,501409,0.05,1.08408e+07,-0.00751674
2023-02-02,9.94761e+06,9.44149e+06,506117,2,0,0,0.5,0.5,506117,0.05,1.09639e+07,-0.00704687
2023-02-03,9.94332e+06,9.68363e+06,259684,1,0,0,0.25,0.25,259684,0.025,1.09692e+07,-0.00747506
2023-02-06,9.93089e+06,9.43449e+06,496398,2,0,0,0.5,0.5,496398,0.05,1.08216e+07,-0.00871562
2023-02-07,9.94464e+06,9.43449e+06,510145,2,0,0,0.5,0.5,510145,0.05,1.08273e+07,-0.00734341
2023-02-08,9.94747e+06,9.43449e+06,512977,2,0,0,0.5,0.5,512977,0.05,1.09801e+07,-0.00706069
2023-02-09,9.94659e+06,9.43449e+06,512100,2,0,0,0.5,0.5,512100,0.05,1.09664e+07,-0.00714822
2023-02-10,9.93607e+06,9.43449e+06,501584,2,0,0,0.5,0.5,501584,0.05,1.09579e+07,-0.00819796
2023-02-13,9.93334e+06,9.67915e+06,254192,1,0,0,0.25,0.25,254192,0.025,1.09281e+07,-0.008471
2023-02-14,9.92802e+06,9.43025e+06,497767,2,0,0,0.5,0.5,497767,0.05,1.10056e+07,-0.00900174
2023-02-15,9.92734e+06,9.68246e+06,244876,1,0,0,0.25,0.25,244876,0.025,1.08498e+07,-0.00907023
2023-02-16,9.92356e+06,9.43372e+06,489847,2,0,0,0.5,0.5,489847,0.05,1.09325e+07,-0.00944663
2023-02-17,9.92384e+06,9.43372e+06,490118,2,0,0,0.5,0.5,490118,0.05,1.08827e+07,-0.00941956
2023-02-20,9.93705e+06,9.43372e+06,503335,1,1,0,0.5,0.25,245650,0.05,1.0933e+07,-0.00810026
2023-02-21,9.88901e+06,8.93176e+06,957250,0,0,1,1,0,0,0.1,1.09413e+07,-0.0128958
2023-02-22,9.87494e+06,9.61712e+06,257818,1,0,0,0.25,0.25,257818,0.025,1.08399e+07,-0.0143003
2023-02-23,9.87061e+06,9.36969e+06,500916,2,0,0,0.5,0.5,500916,0.05,1.09781e+07,-0.0147327
2023-02-24,9.86388e+06,9.36969e+06,494190,2,0,0,0.5,0.5,494190,0.05,1.08996e+07,-0.015404
2023-03-01,9.8541e+06,9.36969e+06,484407,2,0,0,0.5,0.5,484407,0.05,1.09662e+07,-0.0163805
2023-03-02,9.85776e+06,9.60667e+06,251093,1,0,0,0.25,0.25,251093,0.025,1.09664e+07,-0.0160152
2023-03-03,9.85605e+06,9.35967e+06,496386,2,0,0,0.5,0.5,496386,0.05,1.09732e+07,-0.0161854
2023-03-06,9.87317e+06,9.35967e+06,513499,2,0,0,0.5,0.5,513499,0.05,1.10822e+07,-0.0144773
2023-03-07,9.87097e+06,9.35967e+06,511306,2,0,0,0.5,0.5,511306,0.05,1.11486e+07,-0.0146961
2023-03-08,9.87487e+06,9.35967e+06,515205,2,0,0,0.5,0.5,515205,0.05,1.11207e+07,-0.014307
2023-03-09,9.87224e+06,9.35967e+06,512576,1,1,0,0.5,0.25,254455,0.05,1.10873e+07,-0.0145693
2023-03-10,9.86987e+06,8.61758e+06,1.25229e+06,1,0,1,1.25,0.25,253334,0.125,1.09154e+07,-0.0148062
2023-03-13,9.82996e+06,9.32851e+06,501451,2,0,0,0.5,0.5,501451,0.05,1.09395e+07,-0.0187904
2023-03-14,9.82436e+06,9.32851e+06,495855,2,0,0,0.5,0.5,495855,0.05,1.07989e+07,-0.019349
2023-03-15,9.83106e+06,9.32851e+06,502554,1,1,0,0.5,0.25,249972,0.05,1.0818e+07,-0.0186803
2023-03-16,9.78283e+06,8.58007e+06,1.20275e+06,1,0,1,1.25,0.25,249972,0.125,1.07009e+07,-0.0234949
2023-03-17,9.81361e+06,8.33495e+06,1.47866e+06,2,0,1,1.5,0.5,493564,0.15,1.08639e+07,-0.0204219
2023-03-20,9.81121e+06,8.33495e+06,1.47626e+06,2,0,1,1.5,0.5,497035,0.15,1.08407e+07,-0.0206619
2023-03-21,9.86411e+06,8.33495e+06,1.52916e+06,2,0,1,1.5,0.5,499017,0.15,1.09064e+07,-0.0153813
2023-03-22,9.85146e+06,8.33495e+06,1.51651e+06,2,0,1,1.5,0.5,502039,0.15,1.10801e+07,-0.0166436
2023-03-23,9.84358e+06,8.33495e+06,1.50863e+06,2,0,1,1.5,0.5,500030,0.15,1.11529e+07,-0.0174306
2023-03-24,9.8261e+06,8.83513e+06,990971,0,0,1,1,0,0,0.1,1.11885e+07,-0.0191756
2023-03-27,9.85547e+06,8.83513e+06,1.02035e+06,0,0,1,1,0,0,0.1,1.11292e+07,-0.0162433
2023-03-28,9.82944e+06,8.34124e+06,1.48819e+06,2,0,1,1.5,0.5,479596,0.15,1.10386e+07,-0.0188423
2023-03-29,9.83444e+06,8.34124e+06,1.4932e+06,2,0,1,1.5,0.5,478726,0.15,1.10866e+07,-0.0183426
2023-03-30,9.83493e+06,8.34124e+06,1.49369e+06,2,0,1,1.5,0.5,477256,0.15,1.11426e+07,-0.0182939
2023-03-31,9.83068e+06,8.34124e+06,1.48944e+06,2,0,1,1.5,0.5,482798,0.15,1.11557e+07,-0.0187181
2023-04-06,9.84235e+06,8.57176e+06,1.27059e+06,1,0,1,1.25,0.25,244371,0.125,1.11155e+07,-0.0175531
2023-04-07,9.82601e+06,8.56929e+06,1.25672e+06,1,0,1,1.25,0.25,238331,0.125,1.11336e+07,-0.0191846
2023-04-10,9.86141e+06,8.32309e+06,1.53832e+06,2,0,1,1.5,0.5,482722,0.15,1.11614e+07,-0.0156511
2023-04-11,9.88626e+06,8.32309e+06,1.56318e+06,2,0,1,1.5,0.5,486036,0.15,1.1188e+07,-0.0131699
2023-04-12,9.99691e+06,8.32309e+06,1.67382e+06,2,0,1,1.5,0.5,496802,0.15,1.12014e+07,-0.00212545
2023-04-13,9.98218e+06,8.32309e+06,1.65909e+06,2,0,1,1.5,0.5,480111,0.15,1.11112e+07,-0.00359601
2023-04-14,9.9572e+06,8.5594e+06,1.3978e+06,1,0,1,1.25,0.25,246236,0.125,1.11989e+07,-0.00608928
2023-04-17,1.00349e+07,8.5594e+06,1.47554e+06,1,0,1,1.25,0.25,245637,0.125,1.12229e+07,0
2023-04-18,9.96993e+06,8.55243e+06,1.41749e+06,1,0,1,1.25,0.25,242428,0.125,1.11567e+07,-0.00647857
2023-04-19,9.95649e+06,8.78926e+06,1.16723e+06,0,0,1,1,0,0,0.1,1.10871e+07,-0.00781704
2023-04-20,9.90335e+06,8.77529e+06,1.12806e+06,0,0,1,1,0,0,0.1,1.10429e+07,-0.0131127
2023-04-21,9.83872e+06,8.77529e+06,1.06343e+06,0,0,1,1,0,0,0.1,1.09694e+07,-0.019553
2023-04-24,9.8622e+06,9.34453e+06,517662,2,0,0,0.5,0.5,517662,0.05,1.09862e+07,-0.017214
2023-04-25,9.8329e+06,9.34453e+06,488369,2,0,0,0.5,0.5,488369,0.05,1.08061e+07,-0.0201331
2023-04-26,9.80496e+06,9.80496e+06,0,0,0,0,0,0,0,0,1.08088e+07,-0.022918
2023-04-27,9.80618e+06,9.31361e+06,492577,2,0,0,0.5,0.5,492577,0.05,1.08348e+07,-0.0227958
2023-04-28,9.80141e+06,9.31361e+06,487806,2,0,0,0.5,0.5,487806,0.05,1.09526e+07,-0.0232713
2023-05-02,9.80758e+06,9.31361e+06,493972,2,0,0,0.5,0.5,493972,0.05,1.09929e+07,-0.0226568
2023-05-03,9.7978e+06,9.31361e+06,484190,2,0,0,0.5,0.5,484190,0.05,1.09345e+07,-0.0236316
2023-05-04,9.80956e+06,9.31361e+06,495958,2,0,0,0.5,0.5,495958,0.05,1.09736e+07,-0.0224589
2023-05-05,9.80569e+06,9.5604e+06,245291,1,0,0,0.25,0.25,245291,0.025,1.09856e+07,-0.0228453
2023-05-08,9.80832e+06,9.3147e+06,493622,2,0,0,0.5,0.5,493622,0.05,1.10373e+07,-0.0225825
2023-05-09,9.81044e+06,9.3147e+06,495735,2,0,0,0.5,0.5,495735,0.05,1.10571e+07,-0.022372
2023-05-10,9.79592e+06,9.3147e+06,481215,2,0,0,0.5,0.5,481215,0.05,1.09966e+07,-0.0238189
2023-05-11,9.78732e+06,9.78732e+06,0,0,0,0,0,0,0,0,1.09073e+07,-0.0246756
2023-05-12,9.78732e+06,9.78732e+06,0,0,0,0,0,0,0,0,1.08986e+07,-0.0246756
2023-05-15,9.77643e+06,9.29685e+06,479575,2,0,0,0.5,0.5,479575,0.05,1.08794e+07,-0.025761
2023-05-16,9.7852e+06,9.29685e+06,488346,2,0,0,0.5,0.5,488346,0.05,1.10192e+07,-0.024887
2023-05-17,9.79357e+06,9.29685e+06,496716,2,0,0,0.5,0.5,496716,0.05,1.1196e+07,-0.0240528
2023-05-18,9.79596e+06,9.29685e+06,499109,2,0,0,0.5,0.5,499109,0.05,1.13201e+07,-0.0238144
2023-05-19,9.79935e+06,9.29685e+06,502498,2,0,0,0.5,0.5,502498,0.05,1.13715e+07,-0.0234767
2023-05-22,9.80912e+06,9.29685e+06,512265,2,0,0,0.5,0.5,512265,0.05,1.13757e+07,-0.0225034
2023-05-23,9.81968e+06,9.29685e+06,522828,2,0,0,0.5,0.5,522828,0.05,1.13807e+07,-0.0214508
2023-05-24,9.8165e+06,9.29685e+06,519644,1,1,0,0.5,0.25,254035,0.05,1.13605e+07,-0.0217681
2023-05-25,9.82337e+06,8.55896e+06,1.26441e+06,1,0,1,1.25,0.25,252043,0.125,1.14538e+07,-0.0210827
2023-05-26,9.80483e+06,8.55896e+06,1.24587e+06,1,0,1,1.25,0.25,247061,0.125,1.16036e+07,-0.0229303
2023-05-29,9.83375e+06,8.80782e+06,1.02593e+06,0,0,1,1,0,0,0.1,1.16958e+07,-0.0200484
2023-05-30,9.83375e+06,8.80782e+06,1.02593e+06,0,0,1,1,0,0,0.1,1.16863e+07,-0.0200484
2023-05-31,9.81121e+06,8.31503e+06,1.49618e+06,2,0,1,1.5,0.5,483806,0.15,1.16555e+07,-0.0222952
2023-06-01,9.825e+06,8.31503e+06,1.50997e+06,2,0,1,1.5,0.5,488561,0.15,1.16089e+07,-0.0209206
2023-06-02,9.83091e+06,8.31503e+06,1.51588e+06,2,0,1,1.5,0.5,494471,0.15,1.17455e+07,-0.0203317
2023-06-05,9.84412e+06,8.31503e+06,1.5291e+06,1,1,1,1.5,0.25,241192,0.15,1.17508e+07,-0.0190149
2023-06-06,9.80474e+06,7.3284e+06,2.47634e+06,2,0,2,2.5,0.5,483529,0.25,1.1784e+07,-0.0229394
2023-06-07,9.87619e+06,7.57591e+06,2.30027e+06,1,0,2,2.25,0.25,251083,0.225,1.1897e+07,-0.0158196
2023-06-08,9.89284e+06,7.57591e+06,2.31692e+06,1,0,2,2.25,0.25,247354,0.225,1.17643e+07,-0.0141607
2023-06-09,9.92573e+06,7.57591e+06,2.34982e+06,1,0,2,2.25,0.25,244246,0.225,1.18717e+07,-0.0108826
2023-06-12,9.89926e+06,7.57591e+06,2.32335e+06,1,0,2,2.25,0.25,252326,0.225,1.19202e+07,-0.0135202
2023-06-13,9.95603e+06,7.57591e+06,2.38012e+06,1,0,2,2.25,0.25,247354,0.225,1.21038e+07,-0.00786304
2023-06-14,9.93946e+06,7.57591e+06,2.36355e+06,1,0,2,2.25,0.25,251083,0.225,1.2119e+07,-0.00951434
2023-06-15,9.96249e+06,7.32687e+06,2.63562e+06,2,0,2,2.5,0.5,501405,0.25,1.2187e+07,-0.00721919
2023-06-16,9.97225e+06,7.32687e+06,2.64538e+06,2,0,2,2.5,0.5,495383,0.25,1.21546e+07,-0.00624674
2023-06-19,9.96238e+06,7.32687e+06,2.63551e+06,2,0,2,2.5,0.5,490798,0.25,1.21446e+07,-0.00723039
2023-06-20,9.95586e+06,7.32687e+06,2.62899e+06,2,0,2,2.5,0.5,488281,0.25,1.20815e+07,-0.0078805
2023-06-21,9.99183e+06,7.32687e+06,2.66496e+06,2,0,2,2.5,0.5,495719,0.25,1.20938e+07,-0.00429602
2023-06-26,9.94598e+06,7.56595e+06,2.38003e+06,0,1,2,2.25,0,0,0.225,1.19932e+07,-0.0088648
2023-06-27,9.86669e+06,6.81833e+06,3.04837e+06,0,0,3,3,0,0,0.3,1.18727e+07,-0.0167658
2023-06-28,9.94556e+06,6.5711e+06,3.37446e+06,1,0,3,3.25,0.25,244395,0.325,1.19063e+07,-0.0089062
2023-06-29,9.94918e+06,7.38204e+06,2.56714e+06,2,0,2,2.5,0.5,494690,0.25,1.1911e+07,-0.00854547
2023-06-30,1.00166e+07,7.38204e+06,2.63456e+06,2,0,2,2.5,0.5,490676,0.25,1.18922e+07,-0.00182737
2023-07-03,1.0082e+07,7.38204e+06,2.69993e+06,2,0,2,2.5,0.5,501143,0.25,1.20107e+07,0
2023-07-04,1.00953e+07,7.62528e+06,2.47004e+06,1,0,2,2.25,0.25,254845,0.225,1.20505e+07,0
2023-07-05,1.00446e+07,7.62528e+06,2.41932e+06,1,0,2,2.25,0.25,249384,0.225,1.19912e+07,-0.00502493
2023-07-06,9.97761e+06,7.3736e+06,2.60401e+06,2,0,2,2.5,0.5,487172,0.25,1.17843e+07,-0.0116598
2023-07-07,1.00097e+07,7.61033e+06,2.39932e+06,1,0,2,2.25,0.25,248474,0.225,1.17155e+07,-0.00848588
2023-07-10,1.00309e+07,7.60773e+06,2.42317e+06,1,0,2,2.25,0.25,237683,0.225,1.17074e+07,-0.00638175
2023-07-11,1.00827e+07,7.59592e+06,2.48678e+06,1,0,2,2.25,0.25,256370,0.225,1.18805e+07,-0.0012502
2023-07-12,1.01338e+07,7.59592e+06,2.53792e+06,1,0,2,2.25,0.25,246911,0.225,1.19248e+07,0
2023-07-13,1.02214e+07,7.59592e+06,2.62553e+06,1,0,2,2.25,0.25,242929,0.225,1.19947e+07,0
2023-07-14,1.02624e+07,7.84116e+06,2.42122e+06,0,0,2,2,0,0,0.2,1.2151e+07,0
2023-07-17,1.02046e+07,7.84116e+06,2.36341e+06,0,0,2,2,0,0,0.2,1.21865e+07,-0.00563311
2023-07-18,1.02199e+07,7.58547e+06,2.63443e+06,1,0,2,2.25,0.25,247961,0.225,1.21118e+07,-0.00413897
2023-07-19,1.01131e+07,7.3294e+06,2.78369e+06,2,0,2,2.5,0.5,486143,0.25,1.20334e+07,-0.0145465
2023-07-20,1.01511e+07,7.56908e+06,2.58197e+06,1,0,2,2.25,0.25,242594,0.225,1.20675e+07,-0.0108476
2023-07-21,1.01876e+07,8.57014e+06,1.61743e+06,1,0,1,1.25,0.25,258647,0.125,1.19731e+07,-0.00728971
2023-07-24,1.02689e+07,8.31488e+06,1.95405e+06,2,0,1,1.5,0.5,538967,0.15,1.19752e+07,0
2023-07-25,1.01812e+07,8.31488e+06,1.86636e+06,2,0,1,1.5,0.5,537606,0.15,1.20914e+07,-0.00853958
2023-07-26,1.01472e+07,8.31488e+06,1.83237e+06,1,1,1,1.5,0.25,257546,0.15,1.20658e+07,-0.0118495
2023-07-27,1.01773e+07,7.55212e+06,2.62515e+06,1,0,2,2.25,0.25,257546,0.225,1.21215e+07,-0.00892594
2023-07-28,1.01138e+07,8.51181e+06,1.60196e+06,1,0,1,1.25,0.25,261949,0.125,1.21575e+07,-0.0151092
2023-07-31,1.00385e+07,8.51181e+06,1.52669e+06,1,0,1,1.25,0.25,254244,0.125,1.20538e+07,-0.0224389
2023-08-01,1.00036e+07,8.51181e+06,1.49181e+06,1,0,1,1.25,0.25,253144,0.125,1.21012e+07,-0.0258358
2023-08-02,1.00088e+07,1.00088e+07,0,0,0,0,0,0,0,0,1.18768e+07,-0.025327
2023-08-04,1.00198e+07,9.50728e+06,512527,2,0,0,0.5,0.5,512527,0.05,1.18416e+07,-0.0242598
2023-08-07,1.00307e+07,9.50728e+06,523376,2,0,0,0.5,0.5,523376,0.05,1.19487e+07,-0.0232034
2023-08-08,9.98781e+06,9.74337e+06,244433,1,0,0,0.25,0.25,244433,0.025,1.18651e+07,-0.0273759
2023-08-09,9.98699e+06,9.98699e+06,0,0,0,0,0,0,0,0,1.18608e+07,-0.0274555
2023-08-10,9.97483e+06,9.72979e+06,245041,1,0,0,0.25,0.25,245041,0.025,1.16947e+07,-0.0286396
2023-08-11,9.97383e+06,9.72979e+06,244038,1,0,0,0.25,0.25,244038,0.025,1.16712e+07,-0.0287372
2023-08-14,9.96384e+06,9.47988e+06,483955,2,0,0,0.5,0.5,483955,0.05,1.15253e+07,-0.02971
2023-08-15,9.97256e+06,9.47988e+06,492675,2,0,0,0.5,0.5,492675,0.05,1.15682e+07,-0.0288609
2023-08-16,9.97498e+06,9.47988e+06,495097,2,0,0,0.5,0.5,495097,0.05,1.15626e+07,-0.028625
2023-08-17,9.96949e+06,9.72077e+06,248724,1,0,0,0.25,0.25,248724,0.025,1.16117e+07,-0.0291596
2023-08-18,9.97034e+06,9.72077e+06,249576,1,0,0,0.25,0.25,249576,0.025,1.15166e+07,-0.0290766
2023-08-21,9.95436e+06,9.47095e+06,483414,2,0,0,0.5,0.5,483414,0.05,1.15167e+07,-0.0306329
2023-08-22,9.95499e+06,9.95499e+06,0,0,0,0,0,0,0,0,1.15562e+07,-0.0305717
2023-08-23,9.95499e+06,9.95499e+06,0,0,0,0,0,0,0,0,1.16541e+07,-0.0305717
2023-08-24,9.95499e+06,9.95499e+06,0,0,0,0,0,0,0,0,1.17904e+07,-0.0305717
2023-08-25,9.95499e+06,9.95499e+06,0,0,0,0,0,0,0,0,1.15871e+07,-0.0305717
2023-08-28,9.95218e+06,9.70556e+06,246621,1,0,0,0.25,0.25,246621,0.025,1.16065e+07,-0.0308457
2023-08-29,9.9584e+06,9.45619e+06,502205,2,0,0,0.5,0.5,502205,0.05,1.16869e+07,-0.0302399
2023-08-30,9.94851e+06,9.69108e+06,257429,1,0,0,0.25,0.25,257429,0.025,1.17546e+07,-0.0312032
2023-08-31,9.94851e+06,9.69108e+06,257429,1,0,0,0.25,0.25,257429,0.025,1.16946e+07,-0.0312032
2023-09-01,9.943e+06,9.4418e+06,501196,2,0,0,0.5,0.5,501196,0.05,1.17019e+07,-0.0317393
2023-09-04,9.94866e+06,9.4418e+06,506859,2,0,0,0.5,0.5,506859,0.05,1.18037e+07,-0.0311878
2023-09-05,9.94184e+06,9.4418e+06,500039,2,0,0,0.5,0.5,500039,0.05,1.1805e+07,-0.0318519
2023-09-06,9.93634e+06,9.4418e+06,494531,2,0,0,0.5,0.5,494531,0.05,1.17674e+07,-0.0323883
2023-09-07,9.93402e+06,9.4418e+06,492216,2,0,0,0.5,0.5,492216,0.05,1.16838e+07,-0.0326137
2023-09-08,9.93189e+06,9.68371e+06,248184,1,0,0,0.25,0.25,248184,0.025,1.16535e+07,-0.0328211
2023-09-11,9.94183e+06,9.68398e+06,257851,1,0,0,0.25,0.25,257851,0.025,1.15529e+07,-0.0318531
2023-09-12,9.92809e+06,9.6698e+06,258293,1,0,0,0.25,0.25,258293,0.025,1.16511e+07,-0.0331911
2023-09-13,9.93075e+06,9.6698e+06,260947,1,0,0,0.25,0.25,260947,0.025,1.16573e+07,-0.0329327
2023-09-14,9.9395e+06,9.42097e+06,518532,1,1,0,0.5,0.25,253163,0.05,1.18162e+07,-0.0320798
2023-09-15,9.93635e+06,8.67383e+06,1.26252e+06,1,0,1,1.25,0.25,255001,0.125,1.18959e+07,-0.0323871
2023-09-18,9.91022e+06,8.67383e+06,1.23639e+06,0,1,1,1.25,0,0,0.125,1.17394e+07,-0.0349315
2023-09-19,9.87496e+06,7.65782e+06,2.21714e+06,1,0,2,2.25,0.25,239724,0.225,1.16959e+07,-0.0383649
2023-09-20,9.81095e+06,7.41039e+06,2.40056e+06,2,0,2,2.5,0.5,475969,0.25,1.16244e+07,-0.0445985
2023-09-21,9.75036e+06,9.5131e+06,237252,1,0,0,0.25,0.25,237252,0.025,1.14711e+07,-0.0504991
2023-09-22,9.75729e+06,9.2688e+06,488494,2,0,0,0.5,0.5,488494,0.05,1.14907e+07,-0.0498238
2023-09-25,9.7566e+06,9.2688e+06,487801,2,0,0,0.5,0.5,487801,0.05,1.15664e+07,-0.0498914
2023-09-26,9.75868e+06,9.51722e+06,241455,1,0,0,0.25,0.25,241455,0.025,1.14426e+07,-0.0496889
2023-09-27,9.76103e+06,9.51538e+06,245654,1,0,0,0.25,0.25,245654,0.025,1.14667e+07,-0.0494595
2023-09-28,9.76416e+06,9.2708e+06,493354,2,0,0,0.5,0.5,493354,0.05,1.14972e+07,-0.0491552
2023-10-02,9.76127e+06,9.2708e+06,490469,2,0,0,0.5,0.5,490469,0.05,1.16403e+07,-0.0494361
2023-10-03,9.76264e+06,9.2708e+06,491836,2,0,0,0.5,0.5,491836,0.05,1.15679e+07,-0.049303
2023-10-04,9.7569e+06,9.2708e+06,486097,2,0,0,0.5,0.5,486097,0.05,1.14407e+07,-0.0498619
2023-10-05,9.75633e+06,9.50844e+06,247889,1,0,0,0.25,0.25,247889,0.025,1.15673e+07,-0.0499178
2023-10-06,9.75074e+06,9.50844e+06,242299,1,0,0,0.25,0.25,242299,0.025,1.16145e+07,-0.0504621
2023-10-11,9.75042e+06,9.75042e+06,0,0,0,0,0,0,0,0,1.1721e+07,-0.0504928
2023-10-12,9.75042e+06,9.75042e+06,0,0,0,0,0,0,0,0,1.18291e+07,-0.0504928
2023-10-13,9.75042e+06,9.75042e+06,0,0,0,0,0,0,0,0,1.17987e+07,-0.0504928
2023-10-16,9.74724e+06,9.2618e+06,485435,2,0,0,0.5,0.5,485435,0.05,1.1707e+07,-0.0508027
2023-10-17,9.73056e+06,9.2618e+06,468756,2,0,0,0.5,0.5,468756,0.05,1.17002e+07,-0.0524269
2023-10-18,9.72407e+06,9.48817e+06,235899,1,0,0,0.25,0.25,235899,0.025,1.15585e+07,-0.0530594
2023-10-19,9.72761e+06,9.24452e+06,483089,2,0,0,0.5,0.5,483089,0.05,1.15668e+07,-0.0527145
2023-10-20,9.72643e+06,9.24452e+06,481913,2,0,0,0.5,0.5,481913,0.05,1.15583e+07,-0.052829
2023-10-23,9.72919e+06,9.48276e+06,246424,1,0,0,0.25,0.25,246424,0.025,1.14252e+07,-0.0525607
2023-10-24,9.71509e+06,9.23899e+06,476101,2,0,0,0.5,0.5,476101,0.05,1.14663e+07,-0.0539338
2023-10-25,9.71704e+06,9.46586e+06,251186,1,0,0,0.25,0.25,251186,0.025,1.15008e+07,-0.0537432
2023-10-26,9.72121e+06,9.46586e+06,255352,0,1,0,0.25,0,0,0.025,1.13003e+07,-0.0533375
2023-10-27,9.83753e+06,8.73513e+06,1.1024e+06,0,0,1,1,0,0,0.1,1.13431e+07,-0.0420102
2023-10-30,9.91791e+06,8.73513e+06,1.18279e+06,0,0,1,1,0,0,0.1,1.13537e+07,-0.0341824
2023-10-31,9.90007e+06,8.23812e+06,1.66195e+06,2,0,1,1.5,0.5,479169,0.15,1.12494e+07,-0.0359199
2023-11-01,9.92694e+06,8.47529e+06,1.45164e+06,1,0,1,1.25,0.25,243021,0.125,1.12756e+07,-0.0333034
2023-11-02,9.95916e+06,8.22656e+06,1.73259e+06,2,0,1,1.5,0.5,503874,0.15,1.15276e+07,-0.0301661
2023-11-03,9.936e+06,8.22656e+06,1.70943e+06,2,0,1,1.5,0.5,503680,0.15,1.16054e+07,-0.0324215
2023-11-06,9.95913e+06,8.22656e+06,1.73257e+06,2,0,1,1.5,0.5,509594,0.15,1.1705e+07,-0.0301681
2023-11-07,1.00375e+07,8.22656e+06,1.81093e+06,2,0,1,1.5,0.5,513309,0.15,1.173e+07,-0.0225377
2023-11-08,1.00722e+07,8.22656e+06,1.84568e+06,2,0,1,1.5,0.5,502127,0.15,1.17693e+07,-0.0191535
2023-11-09,1.00519e+07,8.46286e+06,1.58901e+06,1,0,1,1.25,0.25,251195,0.125,1.17727e+07,-0.0211383
2023-11-10,1.01319e+07,8.21099e+06,1.92093e+06,2,0,1,1.5,0.5,496992,0.15,1.17284e+07,-0.0133419
2023-11-13,1.01188e+07,8.21099e+06,1.90785e+06,2,0,1,1.5,0.5,501136,0.15,1.18385e+07,-0.0146158
2023-11-14,1.01357e+07,8.21099e+06,1.92471e+06,2,0,1,1.5,0.5,506520,0.15,1.18923e+07,-0.0129732
2023-11-15,1.01539e+07,8.21099e+06,1.94293e+06,2,0,1,1.5,0.5,510378,0.15,1.20421e+07,-0.0111997
2023-11-16,1.01002e+07,8.21099e+06,1.88921e+06,2,0,1,1.5,0.5,505463,0.15,1.20719e+07,-0.0164309
2023-11-17,1.0093e+07,8.46126e+06,1.63174e+06,1,0,1,1.25,0.25,253739,0.125,1.20984e+07,-0.0171324
2023-11-20,1.00314e+07,8.46126e+06,1.57012e+06,1,0,1,1.25,0.25,255274,0.125,1.20995e+07,-0.0231334
2023-11-21,1.00481e+07,8.46126e+06,1.58689e+06,1,0,1,1.25,0.25,251949,0.125,1.22445e+07,-0.0215002
2023-11-22,1.00893e+07,8.46126e+06,1.62805e+06,1,0,1,1.25,0.25,255786,0.125,1.21697e+07,-0.0174923
2023-11-23,1.00864e+07,8.46126e+06,1.62518e+06,1,0,1,1.25,0.25,255786,0.125,1.21586e+07,-0.0177718
2023-11-24,1.00981e+07,8.46126e+06,1.63683e+06,1,0,1,1.25,0.25,247345,0.125,1.21536e+07,-0.0166368
2023-11-27,1.00599e+07,8.4539e+06,1.606e+06,1,0,1,1.25,0.25,245217,0.125,1.20481e+07,-0.0203562
2023-11-28,1.00776e+07,8.20183e+06,1.87577e+06,2,0,1,1.5,0.5,526471,0.15,1.21914e+07,-0.0186319
2023-11-29,1.00564e+07,8.20183e+06,1.85458e+06,2,0,1,1.5,0.5,536865,0.15,1.2212e+07,-0.0206949
2023-11-30,1.00655e+07,8.20183e+06,1.86363e+06,1,1,1,1.5,0.25,252648,0.15,1.22565e+07,-0.0198132
2023-12-01,1.00456e+07,8.74052e+06,1.30508e+06,1,0,1,1.25,0.25,260079,0.125,1.22597e+07,-0.0217481
2023-12-04,9.95628e+06,8.48881e+06,1.46747e+06,2,0,1,1.5,0.5,507929,0.15,1.22478e+07,-0.0304458
2023-12-05,9.94785e+06,8.73204e+06,1.21581e+06,1,0,1,1.25,0.25,258427,0.125,1.21821e+07,-0.031267
2023-12-06,1.00447e+07,8.48279e+06,1.56195e+06,2,0,1,1.5,0.5,509377,0.15,1.22051e+07,-0.0218316
2023-12-07,1.00164e+07,8.48279e+06,1.53356e+06,2,0,1,1.5,0.5,502622,0.15,1.21475e+07,-0.0245964
2023-12-08,1.00629e+07,8.48279e+06,1.58014e+06,2,0,1,1.5,0.5,503768,0.15,1.22215e+07,-0.0200602
2023-12-11,1.00631e+07,8.72934e+06,1.33379e+06,1,0,1,1.25,0.25,256333,0.125,1.22456e+07,-0.0200412
2023-12-12,1.00646e+07,8.47719e+06,1.58738e+06,1,1,1,1.5,0.25,251666,0.15,1.22683e+07,-0.0199007
2023-12-13,1.00721e+07,7.46847e+06,2.60361e+06,2,0,2,2.5,0.5,513980,0.25,1.22812e+07,-0.0191688
2023-12-14,1.00605e+07,7.70381e+06,2.35665e+06,1,0,2,2.25,0.25,249878,0.225,1.24107e+07,-0.0203004
2023-12-15,9.9674e+06,7.70381e+06,2.26358e+06,1,0,2,2.25,0.25,245946,0.225,1.24253e+07,-0.0293635
2023-12-18,1.00058e+07,7.45407e+06,2.55173e+06,2,0,2,2.5,0.5,494174,0.25,1.24099e+07,-0.0256242
2023-12-19,1.00002e+07,7.69422e+06,2.30596e+06,1,0,2,2.25,0.25,263818,0.225,1.23569e+07,-0.026171
2023-12-20,1.00117e+07,7.44365e+06,2.56807e+06,1,1,2,2.5,0.25,248905,0.25,1.23981e+07,-0.0250466
2023-12-21,1.00621e+07,6.69109e+06,3.371e+06,1,0,3,3.25,0.25,249381,0.325,1.23338e+07,-0.0201424
2023-12-22,1.0175e+07,6.69109e+06,3.48392e+06,1,0,3,3.25,0.25,246526,0.325,1.2371e+07,-0.00914624
2023-12-25,1.01783e+07,6.69109e+06,3.48725e+06,1,0,3,3.25,0.25,250809,0.325,1.23768e+07,-0.00882251
2023-12-26,1.02239e+07,6.43605e+06,3.78786e+06,2,0,3,3.5,0.5,509828,0.35,1.248e+07,-0.0043839
2023-12-27,1.02075e+07,6.43605e+06,3.77144e+06,2,0,3,3.5,0.5,514548,0.35,1.25783e+07,-0.00598262
2023-12-28,1.01696e+07,6.43605e+06,3.73359e+06,1,1,3,3.5,0.25,252712,0.35,1.25915e+07,-0.00966881
2023-12-29,1.02291e+07,5.4168e+06,4.81232e+06,2,0,4,4.5,0.5,501475,0.45,1.26059e+07,-0.00387677
2024-01-02,1.03977e+07,5.65411e+06,4.7436e+06,1,0,4,4.25,0.25,249764,0.425,1.25518e+07,0
2024-01-03,1.04952e+07,5.39358e+06,5.10158e+06,2,0,4,4.5,0.5,509350,0.45,1.23447e+07,0
2024-01-04,1.05697e+07,5.39358e+06,5.17609e+06,1,1,4,4.5,0.25,265806,0.45,1.2338e+07,0
2024-01-05,1.06822e+07,4.33423e+06,6.34797e+06,1,1,5,5.5,0.25,254138,0.55,1.23165e+07,0
2024-01-08,1.05644e+07,3.26361e+06,7.30082e+06,2,0,6,6.5,0.5,514649,0.65,1.23541e+07,-0.0110252
2024-01-09,1.04409e+07,3.51142e+06,6.92945e+06,1,0,6,6.25,0.25,263454,0.625,1.2328e+07,-0.0225921
2024-01-10,1.05084e+07,3.24981e+06,7.25861e+06,2,0,6,6.5,0.5,509522,0.65,1.22789e+07,-0.0162688
2024-01-11,1.06785e+07,3.50525e+06,7.17323e+06,1,0,6,6.25,0.25,261252,0.625,1.23349e+07,-0.000347922
2024-01-12,1.06882e+07,3.50525e+06,7.18295e+06,1,0,6,6.25,0.25,264921,0.625,1.23121e+07,0
2024-01-15,1.10041e+07,3.50914e+06,7.49496e+06,1,0,6,6.25,0.25,257446,0.625,1.2336e+07,0
2024-01-16,1.08127e+07,4.21389e+06,6.59881e+06,2,0,5,5.5,0.5,534988,0.55,1.21954e+07,-0.0173935
2024-01-17,1.07907e+07,4.21389e+06,6.57683e+06,2,0,5,5.5,0.5,533313,0.55,1.20653e+07,-0.019391
2024-01-18,1.08288e+07,4.21389e+06,6.61486e+06,2,0,5,5.5,0.5,525357,0.55,1.21117e+07,-0.0159356
2024-01-19,1.08605e+07,4.46955e+06,6.39094e+06,1,0,5,5.25,0.25,277332,0.525,1.24307e+07,-0.0130513
2024-01-22,1.09164e+07,4.46955e+06,6.44684e+06,1,0,5,5.25,0.25,297515,0.525,1.25246e+07,-0.00797107
2024-01-23,1.09324e+07,4.46955e+06,6.46286e+06,0,1,5,5.25,0,0,0.525,1.25664e+07,-0.00651545
2024-01-24,1.09412e+07,3.64778e+06,7.29344e+06,0,0,6,6,0,0,0.6,1.25673e+07,-0.00571525
2024-01-25,1.09002e+07,3.37363e+06,7.52659e+06,1,0,6,6.25,0.25,281538,0.625,1.26564e+07,-0.00944078
2024-01-26,1.08768e+07,3.37363e+06,7.50312e+06,1,0,6,6.25,0.25,281538,0.625,1.26511e+07,-0.0115733
2024-01-29,1.10233e+07,4.12541e+06,6.89792e+06,2,0,5,5.5,0.5,556161,0.55,1.27387e+07,0
2024-01-30,1.10386e+07,4.12541e+06,6.91316e+06,2,0,5,5.5,0.5,559705,0.55,1.26789e+07,0
2024-01-31,1.12109e+07,4.12541e+06,7.08554e+06,2,0,5,5.5,0.5,551978,0.55,1.25769e+07,0
2024-02-01,1.14504e+07,4.12541e+06,7.32499e+06,2,0,5,5.5,0.5,539437,0.55,1.26321e+07,0
2024-02-02,1.16728e+07,4.39524e+06,7.27759e+06,1,0,5,5.25,0.25,269396,0.525,1.26967e+07,0
2024-02-05,1.16013e+07,4.66458e+06,6.93675e+06,0,0,5,5,0,0,0.5,1.27221e+07,-0.00612542
2024-02-15,1.15575e+07,4.66458e+06,6.89289e+06,0,0,5,5,0,0,0.5,1.31077e+07,-0.0098827
2024-02-16,1.17267e+07,4.66458e+06,7.06217e+06,0,0,5,5,0,0,0.5,1.30815e+07,0
2024-02-19,1.15871e+07,4.37075e+06,7.21631e+06,1,0,5,5.25,0.25,311933,0.525,1.31015e+07,-0.0119116
2024-02-20,1.14943e+07,4.37075e+06,7.12359e+06,1,0,5,5.25,0.25,294387,0.525,1.31841e+07,-0.0198188
2024-02-21,1.13461e+07,4.37075e+06,6.97536e+06,1,0,5,5.25,0.25,287564,0.525,1.313e+07,-0.0324589
2024-02-22,1.13792e+07,4.08646e+06,7.2927e+06,2,0,5,5.5,0.5,591355,0.55,1.32541e+07,-0.0296401
2024-02-23,1.14375e+07,4.08646e+06,7.35104e+06,2,0,5,5.5,0.5,619506,0.55,1.32797e+07,-0.0246658
2024-02-26,1.14419e+07,4.35716e+06,7.08475e+06,0,1,5,5.25,0,0,0.525,1.33211e+07,-0.0242897
2024-02-27,1.144e+07,3.49709e+06,7.9429e+06,0,0,6,6,0,0,0.6,1.32552e+07,-0.024453
2024-02-29,1.16314e+07,4.56695e+06,7.06443e+06,1,0,5,5.25,0.25,301524,0.525,1.33342e+07,-0.00813218
2024-03-01,1.17504e+07,6.35419e+06,5.39619e+06,1,0,4,4.25,0.25,307548,0.425,1.33125e+07,0
2024-03-04,1.19755e+07,6.05977e+06,5.91569e+06,1,1,4,4.5,0.25,298474,0.45,1.35722e+07,0
2024-03-05,1.21935e+07,5.15959e+06,7.03386e+06,1,0,5,5.25,0.25,289759,0.525,1.36296e+07,0
2024-03-06,1.22864e+07,5.15959e+06,7.12683e+06,1,0,5,5.25,0.25,285402,0.525,1.37087e+07,0
2024-03-07,1.1998e+07,6.50662e+06,5.4914e+06,0,0,4,4,0,0,0.4,1.38452e+07,-0.0234728
2024-03-08,1.17241e+07,6.50662e+06,5.21752e+06,0,0,4,4,0,0,0.4,1.39097e+07,-0.045764
2024-03-11,1.17497e+07,7.65782e+06,4.09191e+06,0,0,3,3,0,0,0.3,1.3868e+07,-0.0436812
2024-03-12,1.18095e+07,8.49633e+06,3.31314e+06,2,0,2,2.5,0.5,581000,0.25,1.40005e+07,-0.0388192
2024-03-13,1.1791e+07,8.49633e+06,3.29471e+06,2,0,2,2.5,0.5,577684,0.25,1.40104e+07,-0.0403191
2024-03-14,1.18088e+07,8.49633e+06,3.31248e+06,2,0,2,2.5,0.5,577928,0.25,1.4017e+07,-0.038873
2024-03-15,1.17724e+07,8.76456e+06,3.00781e+06,1,0,2,2.25,0.25,282519,0.225,1.38374e+07,-0.0418381
2024-03-18,1.17881e+07,8.75226e+06,3.03586e+06,1,0,2,2.25,0.25,301103,0.225,1.39762e+07,-0.040557
2024-03-19,1.18005e+07,8.75226e+06,3.0482e+06,1,0,2,2.25,0.25,296085,0.225,1.39602e+07,-0.0395523
2024-03-20,1.17585e+07,8.45659e+06,3.30188e+06,2,0,2,2.5,0.5,587252,0.25,1.39091e+07,-0.0429701
2024-03-21,1.17727e+07,8.45659e+06,3.31616e+06,2,0,2,2.5,0.5,592110,0.25,1.42006e+07,-0.0418082
2024-03-22,1.18737e+07,8.45659e+06,3.41713e+06,2,0,2,2.5,0.5,581391,0.25,1.42212e+07,-0.0335901
2024-03-25,1.19521e+07,8.73779e+06,3.21432e+06,1,0,2,2.25,0.25,283957,0.225,1.41958e+07,-0.0272097
2024-03-26,1.19625e+07,8.72093e+06,3.24159e+06,1,0,2,2.25,0.25,294990,0.225,1.41496e+07,-0.0263629
2024-03-27,1.21687e+07,8.42119e+06,3.74747e+06,2,0,2,2.5,0.5,600898,0.25,1.42013e+07,-0.00958449
2024-03-28,1.2346e+07,8.42119e+06,3.92485e+06,2,0,2,2.5,0.5,619701,0.25,1.41637e+07,0
2024-03-29,1.24371e+07,8.42119e+06,4.01592e+06,2,0,2,2.5,0.5,605565,0.25,1.42676e+07,0
2024-04-01,1.23931e+07,8.42119e+06,3.97188e+06,2,0,2,2.5,0.5,600820,0.25,1.42169e+07,-0.00354089
2024-04-02,1.2414e+07,8.71834e+06,3.69568e+06,1,0,2,2.25,0.25,303562,0.225,1.43886e+07,-0.001856
2024-04-03,1.2383e+07,8.71834e+06,3.66466e+06,1,0,2,2.25,0.25,301595,0.225,1.4298e+07,-0.00435053
2024-04-08,1.24757e+07,8.40807e+06,4.0676e+06,2,0,2,2.5,0.5,619182,0.25,1.43543e+07,0
2024-04-09,1.25392e+07,8.40807e+06,4.1311e+06,2,0,2,2.5,0.5,619219,0.25,1.46204e+07,0
2024-04-10,1.25489e+07,8.40807e+06,4.14085e+06,2,0,2,2.5,0.5,618770,0.25,1.45974e+07,0
2024-04-11,1.25109e+07,8.40807e+06,4.10286e+06,2,0,2,2.5,0.5,616654,0.25,1.45902e+07,-0.00302754
2024-04-12,1.25566e+07,8.40807e+06,4.14848e+06,2,0,2,2.5,0.5,618790,0.25,1.45785e+07,0
2024-04-15,1.25789e+07,8.40807e+06,4.17087e+06,2,0,2,2.5,0.5,607252,0.25,1.43768e+07,0
2024-04-16,1.25183e+07,8.7248e+06,3.79345e+06,1,0,2,2.25,0.25,297006,0.225,1.39917e+07,-0.00482438
2024-04-17,1.268e+07,9.02105e+06,3.65892e+06,0,0,2,2,0,0,0.2,1.42106e+07,0
2024-04-18,1.27783e+07,9.02105e+06,3.75728e+06,0,0,2,2,0,0,0.2,1.42724e+07,0
2024-04-19,1.26084e+07,9.02105e+06,3.58733e+06,0,0,2,2,0,0,0.2,1.37282e+07,-0.0133
2024-04-22,1.24642e+07,8.70513e+06,3.75906e+06,1,0,2,2.25,0.25,305809,0.225,1.36467e+07,-0.0245836
2024-04-23,1.25255e+07,8.70513e+06,3.8204e+06,1,0,2,2.25,0.25,308393,0.225,1.37789e+07,-0.0197831
2024-04-24,1.2485e+07,1.06529e+07,1.83204e+06,1,0,1,1.25,0.25,307532,0.125,1.41532e+07,-0.022956
2024-04-25,1.24818e+07,1.0959e+07,1.52274e+06,0,0,1,1,0,0,0.1,1.39604e+07,-0.0232087
2024-04-26,1.24311e+07,1.03335e+07,2.09756e+06,2,0,1,1.5,0.5,607277,0.15,1.41453e+07,-0.0271746
2024-04-29,1.24768e+07,1.03335e+07,2.14332e+06,2,0,1,1.5,0.5,626476,0.15,1.4409e+07,-0.0235936
2024-04-30,1.24631e+07,1.03335e+07,2.12953e+06,2,0,1,1.5,0.5,615642,0.15,1.43394e+07,-0.0246724
2024-05-02,1.25102e+07,1.06372e+07,1.87306e+06,1,0,1,1.25,0.25,314906,0.125,1.4217e+07,-0.0209824
2024-05-03,1.25607e+07,1.03237e+07,2.23704e+06,2,0,1,1.5,0.5,616910,0.15,1.42928e+07,-0.0170291
2024-05-06,1.25388e+07,1.06359e+07,1.9029e+06,1,0,1,1.25,0.25,309337,0.125,1.44285e+07,-0.0187451
2024-05-07,1.24034e+07,1.06359e+07,1.76747e+06,1,0,1,1.25,0.25,306699,0.125,1.45201e+07,-0.029344
2024-05-08,1.23259e+07,1.06359e+07,1.69005e+06,1,0,1,1.25,0.25,300103,0.125,1.45531e+07,-0.0354027
2024-05-09,1.23204e+07,1.20094e+07,310950,1,0,0,0.25,0.25,310950,0.025,1.44549e+07,-0.0358382
2024-05-10,1.23058e+07,1.17007e+07,605028,2,0,0,0.5,0.5,605028,0.05,1.4559e+07,-0.0369827
2024-05-13,1.23267e+07,1.20033e+07,323445,1,0,0,0.25,0.25,323445,0.025,1.46636e+07,-0.035343
2024-05-14,1.23185e+07,1.20033e+07,315234,1,0,0,0.25,0.25,315234,0.025,1.47537e+07,-0.0359856
2024-05-15,1.2316e+07,1.20033e+07,312735,1,0,0,0.25,0.25,312735,0.025,1.48671e+07,-0.0361811
2024-05-16,1.23192e+07,1.20033e+07,315948,1,0,0,0.25,0.25,315948,0.025,1.49776e+07,-0.0359297
2024-05-17,1.2321e+07,1.20033e+07,317733,1,0,0,0.25,0.25,317733,0.025,1.49454e+07,-0.03579
2024-05-20,1.2312e+07,1.16945e+07,617502,2,0,0,0.5,0.5,617502,0.05,1.49546e+07,-0.0364903
2024-05-21,1.23161e+07,1.16945e+07,621527,2,0,0,0.5,0.5,621527,0.05,1.49301e+07,-0.0361753
2024-05-22,1.23164e+07,1.20001e+07,316294,1,0,0,0.25,0.25,316294,0.025,1.51516e+07,-0.0361493
2024-05-23,1.23059e+07,1.20001e+07,305811,1,0,0,0.25,0.25,305811,0.025,1.51907e+07,-0.0369696
2024-05-24,1.23222e+07,1.16918e+07,630396,2,0,0,0.5,0.5,630396,0.05,1.51611e+07,-0.0356984
2024-05-27,1.23122e+07,1.19947e+07,317528,1,0,0,0.25,0.25,317528,0.025,1.53287e+07,-0.0364768
2024-05-28,1.2326e+07,1.19947e+07,331306,1,0,0,0.25,0.25,331306,0.025,1.53671e+07,-0.0353985
2024-05-29,1.2321e+07,1.19947e+07,326296,1,0,0,0.25,0.25,326296,0.025,1.52294e+07,-0.0357906
2024-05-30,1.23128e+07,1.19947e+07,318154,1,0,0,0.25,0.25,318154,0.025,1.50199e+07,-0.0364278
2024-05-31,1.22819e+07,1.19657e+07,316275,1,0,0,0.25,0.25,316275,0.025,1.48861e+07,-0.0388461
2024-06-03,1.22904e+07,1.16579e+07,632489,2,0,0,0.5,0.5,632489,0.05,1.5141e+07,-0.0381829
2024-06-04,1.22781e+07,1.16579e+07,620187,2,0,0,0.5,0.5,620187,0.05,1.50144e+07,-0.0391456
2024-06-05,1.22679e+07,1.16579e+07,609973,2,0,0,0.5,0.5,609973,0.05,1.51045e+07,-0.039945
2024-06-06,1.2264e+07,1.19577e+07,306283,1,0,0,0.25,0.25,306283,0.025,1.53983e+07,-0.0402482
2024-06-07,1.22625e+07,1.19577e+07,304732,1,0,0,0.25,0.25,304732,0.025,1.53671e+07,-0.0403696
2024-06-11,1.22635e+07,1.19538e+07,309718,1,0,0,0.25,0.25,309718,0.025,1.53205e+07,-0.0402897
2024-06-12,1.2265e+07,1.16465e+07,618481,2,0,0,0.5,0.5,618481,0.05,1.55011e+07,-0.0401734
2024-06-13,1.22537e+07,1.16465e+07,607193,2,0,0,0.5,0.5,607193,0.05,1.56861e+07,-0.0410568
2024-06-14,1.22484e+07,1.19375e+07,310969,1,0,0,0.25,0.25,310969,0.025,1.58215e+07,-0.0414681
2024-06-17,1.22481e+07,1.19375e+07,310601,1,0,0,0.25,0.25,310601,0.025,1.58158e+07,-0.0414969
2024-06-18,1.22261e+07,1.19166e+07,309499,1,0,0,0.25,0.25,309499,0.025,1.59992e+07,-0.0432167
2024-06-19,1.22323e+07,1.19166e+07,315747,1,0,0,0.25,0.25,315747,0.025,1.6317e+07,-0.0427277
2024-06-20,1.22364e+07,1.19166e+07,319791,1,0,0,0.25,0.25,319791,0.025,1.64552e+07,-0.0424113
2024-06-21,1.2229e+07,1.19166e+07,312439,1,0,0,0.25,0.25,312439,0.025,1.63479e+07,-0.0429866
2024-06-24,1.22238e+07,1.19219e+07,301888,1,0,0,0.25,0.25,301888,0.025,1.60387e+07,-0.0433995
2024-06-25,1.2216e+07,1.16156e+07,600408,2,0,0,0.5,0.5,600408,0.05,1.60825e+07,-0.0440069
2024-06-26,1.22191e+07,1.16156e+07,603547,2,0,0,0.5,0.5,603547,0.05,1.61604e+07,-0.0437613
2024-06-27,1.22139e+07,1.19054e+07,308551,1,0,0,0.25,0.25,308551,0.025,1.61036e+07,-0.0441678
2024-06-28,1.22119e+07,1.15994e+07,612502,2,0,0,0.5,0.5,612502,0.05,1.61924e+07,-0.044331
2024-07-01,1.22194e+07,1.15994e+07,620050,2,0,0,0.5,0.5,620050,0.05,1.62109e+07,-0.0437402
2024-07-02,1.2224e+07,1.15994e+07,624678,2,0,0,0.5,0.5,624678,0.05,1.60849e+07,-0.043378
2024-07-03,1.22199e+07,1.15994e+07,620578,2,0,0,0.5,0.5,620578,0.05,1.62909e+07,-0.0436989
2024-07-04,1.22166e+07,1.15994e+07,617254,2,0,0,0.5,0.5,617254,0.05,1.65371e+07,-0.043959
2024-07-05,1.22155e+07,1.19014e+07,314189,1,0,0,0.25,0.25,314189,0.025,1.6561e+07,-0.0440425
2024-07-08,1.2214e+07,1.19014e+07,312652,1,0,0,0.25,0.25,312652,0.025,1.67871e+07,-0.0441629
2024-07-09,1.22212e+07,1.19014e+07,319827,1,0,0,0.25,0.25,319827,0.025,1.68025e+07,-0.0436013
2024-07-10,1.2253e+07,1.19014e+07,351605,1,0,0,0.25,0.25,351605,0.025,1.68777e+07,-0.0411145
2024-07-11,1.22663e+07,1.19014e+07,364931,1,0,0,0.25,0.25,364931,0.025,1.7147e+07,-0.0400716
2024-07-12,1.23027e+07,1.19014e+07,401322,1,0,0,0.25,0.25,401322,0.025,1.68143e+07,-0.0372238
2024-07-15,1.22721e+07,1.15931e+07,678971,2,0,0,0.5,0.5,678971,0.05,1.67879e+07,-0.0396192
2024-07-16,1.22633e+07,1.15931e+07,670249,2,0,0,0.5,0.5,670249,0.05,1.68708e+07,-0.0403018
2024-07-17,1.22649e+07,1.15931e+07,671850,2,0,0,0.5,0.5,671850,0.05,1.67109e+07,-0.0401764
2024-07-18,1.22568e+07,1.15931e+07,663687,2,0,0,0.5,0.5,663687,0.05,1.64499e+07,-0.0408153
2024-07-19,1.22477e+07,1.18813e+07,366469,1,0,0,0.25,0.25,366469,0.025,1.60778e+07,-0.0415245
2024-07-22,1.22338e+07,1.22338e+07,0,0,0,0,0,0,0,0,1.56474e+07,-0.042612
2024-07-23,1.22389e+07,1.16208e+07,618187,2,0,0,0.5,0.5,618187,0.05,1.60796e+07,-0.0422113
2024-07-26,1.22253e+07,1.16208e+07,604563,2,0,0,0.5,0.5,604563,0.05,1.55505e+07,-0.0432775
2024-07-29,1.22153e+07,1.16208e+07,594533,2,0,0,0.5,0.5,594533,0.05,1.55823e+07,-0.0440624
2024-07-30,1.22071e+07,1.19203e+07,286841,1,0,0,0.25,0.25,286841,0.025,1.56239e+07,-0.0447024
2024-07-31,1.22136e+07,1.19005e+07,313114,1,0,0,0.25,0.25,313114,0.025,1.56068e+07,-0.0441926
2024-08-01,1.2223e+07,1.15945e+07,628508,2,0,0,0.5,0.5,628508,0.05,1.59181e+07,-0.0434597
2024-08-02,1.22017e+07,1.15945e+07,607241,1,1,0,0.5,0.25,291755,0.05,1.52123e+07,-0.0451239
2024-08-05,1.21444e+07,1.21444e+07,0,0,0,0,0,0,0,0,1.39417e+07,-0.0496072
2024-08-06,1.21444e+07,1.21444e+07,0,0,0,0,0,0,0,0,1.44129e+07,-0.0496072
2024-08-07,1.21444e+07,1.21444e+07,0,0,0,0,0,0,0,0,1.49712e+07,-0.0496072
2024-08-08,1.21444e+07,1.21444e+07,0,0,0,0,0,0,0,0,1.46723e+07,-0.0496072
2024-08-09,1.21417e+07,1.18401e+07,301554,1,0,0,0.25,0.25,301554,0.025,1.50934e+07,-0.0498216
2024-08-12,1.21416e+07,1.21416e+07,0,0,0,0,0,0,0,0,1.53073e+07,-0.0498324
2024-08-13,1.21416e+07,1.21416e+07,0,0,0,0,0,0,0,0,1.53237e+07,-0.0498324
2024-08-14,1.21244e+07,1.15331e+07,591238,2,0,0,0.5,0.5,591238,0.05,1.54858e+07,-0.0511789
2024-08-15,1.21304e+07,1.15331e+07,597256,2,0,0,0.5,0.5,597256,0.05,1.5393e+07,-0.0507079
2024-08-16,1.21317e+07,1.15331e+07,598556,2,0,0,0.5,0.5,598556,0.05,1.57123e+07,-0.0506062
2024-08-19,1.21336e+07,1.18308e+07,302782,1,0,0,0.25,0.25,302782,0.025,1.57547e+07,-0.0504578
2024-08-20,1.21239e+07,1.15268e+07,597168,2,0,0,0.5,0.5,597168,0.05,1.57684e+07,-0.0512118
2024-08-21,1.21343e+07,1.18234e+07,310843,1,0,0,0.25,0.25,310843,0.025,1.56339e+07,-0.0504039
2024-08-22,1.21335e+07,1.18109e+07,322581,0,1,0,0.25,0,0,0.025,1.55713e+07,-0.0504644
2024-08-23,1.22552e+07,1.05948e+07,1.66036e+06,1,0,1,1.25,0.25,301888,0.125,1.55778e+07,-0.0409406
2024-08-26,1.22428e+07,1.05948e+07,1.64798e+06,1,0,1,1.25,0.25,304658,0.125,1.56355e+07,-0.0419094
2024-08-27,1.22742e+07,1.05948e+07,1.67941e+06,1,0,1,1.25,0.25,309158,0.125,1.55967e+07,-0.0394495
2024-08-28,1.22046e+07,1.02873e+07,1.91735e+06,2,0,1,1.5,0.5,614432,0.15,1.57273e+07,-0.0448968
2024-08-29,1.21906e+07,1.02873e+07,1.90332e+06,2,0,1,1.5,0.5,610504,0.15,1.56086e+07,-0.0459946
2024-08-30,1.21941e+07,1.02873e+07,1.9068e+06,1,1,1,1.5,0.25,297721,0.15,1.56552e+07,-0.0457228
2024-09-02,1.21435e+07,9.06513e+06,3.07836e+06,2,0,2,2.5,0.5,598226,0.25,1.5632e+07,-0.0496818
2024-09-03,1.21235e+07,9.35667e+06,2.7668e+06,1,0,2,2.25,0.25,301507,0.225,1.55315e+07,-0.0512474
2024-09-04,1.20722e+07,1.07878e+07,1.2844e+06,0,0,1,1,0,0,0.1,1.48289e+07,-0.0552617
2024-09-05,1.20436e+07,1.07878e+07,1.25579e+06,0,0,1,1,0,0,0.1,1.48956e+07,-0.0575012
2024-09-06,1.20217e+07,1.07878e+07,1.2339e+06,0,0,1,1,0,0,0.1,1.50696e+07,-0.0592138
2024-09-09,1.20402e+07,1.07878e+07,1.25242e+06,0,0,1,1,0,0,0.1,1.48652e+07,-0.0577647
2024-09-10,1.19704e+07,1.01844e+07,1.78603e+06,2,0,1,1.5,0.5,572333,0.15,1.48087e+07,-0.063223
2024-09-11,1.20188e+07,1.04724e+07,1.54648e+06,1,0,1,1.25,0.25,283959,0.125,1.47854e+07,-0.0594366
2024-09-12,1.2071e+07,1.04595e+07,1.61152e+06,1,0,1,1.25,0.25,298500,0.125,1.52229e+07,-0.0553505
2024-09-13,1.20841e+07,1.04595e+07,1.62452e+06,1,0,1,1.25,0.25,299722,0.125,1.52977e+07,-0.0543328
2024-09-16,1.20858e+07,1.04595e+07,1.62626e+06,1,0,1,1.25,0.25,298093,0.125,1.53613e+07,-0.0541968
2024-09-18,1.20402e+07,1.04595e+07,1.58068e+06,1,0,1,1.25,0.25,289541,0.125,1.52409e+07,-0.0577642
2024-09-19,1.21258e+07,1.04476e+07,1.67815e+06,1,0,1,1.25,0.25,307897,0.125,1.54967e+07,-0.0510669
2024-09-20,1.2101e+07,1.04476e+07,1.6534e+06,1,0,1,1.25,0.25,310081,0.125,1.55788e+07,-0.0530038
2024-09-23,1.20492e+07,1.04476e+07,1.60158e+06,1,0,1,1.25,0.25,296979,0.125,1.56674e+07,-0.057059
2024-09-24,1.20046e+07,1.07421e+07,1.26252e+06,0,0,1,1,0,0,0.1,1.57702e+07,-0.0605477
2024-09-25,1.20215e+07,1.07421e+07,1.27935e+06,0,0,1,1,0,0,0.1,1.60021e+07,-0.0592303
2024-09-26,1.20322e+07,1.20322e+07,0,0,0,0,0,0,0,0,1.60705e+07,-0.0583942
2024-09-27,1.20322e+07,1.20322e+07,0,0,0,0,0,0,0,0,1.60451e+07,-0.0583942
2024-09-30,1.19985e+07,1.14292e+07,569359,2,0,0,0.5,0.5,569359,0.05,1.56245e+07,-0.0610239
2024-10-01,1.19939e+07,1.17037e+07,290175,1,0,0,0.25,0.25,290175,0.025,1.57411e+07,-0.0613859
2024-10-04,1.19655e+07,1.19655e+07,0,0,0,0,0,0,0,0,1.56795e+07,-0.0636095
2024-10-07,1.19644e+07,1.13659e+07,598500,2,0,0,0.5,0.5,598500,0.05,1.59606e+07,-0.0636973
2024-10-08,1.19691e+07,1.13659e+07,603166,2,0,0,0.5,0.5,603166,0.05,1.58965e+07,-0.0633321
2024-10-09,1.1946e+07,1.13659e+07,580139,2,0,0,0.5,0.5,580139,0.05,1.593e+07,-0.0651341
2024-10-11,1.19585e+07,1.16534e+07,305106,1,0,0,0.25,0.25,305106,0.025,1.61006e+07,-0.0641581
2024-10-14,1.19563e+07,1.16534e+07,302868,1,0,0,0.25,0.25,302868,0.025,1.61523e+07,-0.0643333
2024-10-15,1.19548e+07,1.16534e+07,301376,1,0,0,0.25,0.25,301376,0.025,1.6375e+07,-0.06445
2024-10-16,1.19525e+07,1.16534e+07,299138,1,0,0,0.25,0.25,299138,0.025,1.61774e+07,-0.0646252
2024-10-17,1.19429e+07,1.13539e+07,589015,2,0,0,0.5,0.5,589015,0.05,1.62076e+07,-0.0653771
2024-10-18,1.19415e+07,1.16524e+07,289139,1,0,0,0.25,0.25,289139,0.025,1.65123e+07,-0.0654878
2024-10-21,1.19482e+07,1.19482e+07,0,0,0,0,0,0,0,0,1.65511e+07,-0.064966
2024-10-22,1.19397e+07,1.13494e+07,590287,2,0,0,0.5,0.5,590287,0.05,1.65461e+07,-0.0656285
2024-10-23,1.19541e+07,1.13494e+07,604699,2,0,0,0.5,0.5,604699,0.05,1.64051e+07,-0.0645006
2024-10-24,1.19471e+07,1.13494e+07,597706,2,0,0,0.5,0.5,597706,0.05,1.63051e+07,-0.0650479
2024-10-25,1.1938e+07,1.13494e+07,588544,2,0,0,0.5,0.5,588544,0.05,1.64147e+07,-0.0657649
2024-10-28,1.19079e+07,1.163e+07,277905,1,0,0,0.25,0.25,277905,0.025,1.6309e+07,-0.0681185
2024-10-29,1.19014e+07,1.16054e+07,296037,1,0,0,0.25,0.25,296037,0.025,1.61181e+07,-0.0686272
2024-10-30,1.18997e+07,1.13072e+07,592566,2,0,0,0.5,0.5,592566,0.05,1.60435e+07,-0.0687582
2024-11-01,1.19072e+07,1.13072e+07,600019,1,1,0,0.5,0.25,296463,0.05,1.60151e+07,-0.068175
2024-11-04,1.19374e+07,1.01138e+07,1.82361e+06,2,0,1,1.5,0.5,602226,0.15,1.61454e+07,-0.0658123
2024-11-05,1.19563e+07,1.01138e+07,1.84254e+06,2,0,1,1.5,0.5,607031,0.15,1.62448e+07,-0.0643305
2024-11-06,1.19147e+07,1.01138e+07,1.80095e+06,2,0,1,1.5,0.5,595269,0.15,1.63225e+07,-0.0675853
2024-11-07,1.18507e+07,1.04088e+07,1.44191e+06,1,0,1,1.25,0.25,286462,0.125,1.64571e+07,-0.0725927
2024-11-08,1.18291e+07,1.18291e+07,0,0,0,0,0,0,0,0,1.65591e+07,-0.0742836
2024-11-11,1.18291e+07,1.18291e+07,0,0,0,0,0,0,0,0,1.65421e+07,-0.0742836
2024-11-12,1.18044e+07,1.15178e+07,286681,1,0,0,0.25,0.25,286681,0.025,1.61569e+07,-0.0762137
2024-11-13,1.18016e+07,1.1222e+07,579571,2,0,0,0.5,0.5,579571,0.05,1.60715e+07,-0.0764395
2024-11-14,1.18065e+07,1.1222e+07,584541,2,0,0,0.5,0.5,584541,0.05,1.59696e+07,-0.0760505
2024-11-15,1.17856e+07,1.1497e+07,288667,1,0,0,0.25,0.25,288667,0.025,1.59889e+07,-0.0776854
2024-11-18,1.17745e+07,1.14865e+07,287958,1,0,0,0.25,0.25,287958,0.025,1.58509e+07,-0.078558
2024-11-19,1.17752e+07,1.11915e+07,583680,2,0,0,0.5,0.5,583680,0.05,1.60634e+07,-0.0785035
2024-11-20,1.17649e+07,1.11915e+07,573436,2,0,0,0.5,0.5,573436,0.05,1.59506e+07,-0.0793051
2024-11-21,1.17605e+07,1.14725e+07,287958,1,0,0,0.25,0.25,287958,0.025,1.58573e+07,-0.0796559
2024-11-22,1.17809e+07,1.11778e+07,603029,2,0,0,0.5,0.5,603029,0.05,1.61025e+07,-0.0780597
2024-11-25,1.1796e+07,1.14683e+07,327782,1,0,0,0.25,0.25,327782,0.025,1.61334e+07,-0.076872
2024-11-26,1.18009e+07,1.11727e+07,628206,2,0,0,0.5,0.5,628206,0.05,1.59439e+07,-0.0764917
2024-11-27,1.17798e+07,1.11727e+07,607147,1,1,0,0.5,0.25,286684,0.05,1.5702e+07,-0.0781398
2024-11-28,1.17966e+07,9.99206e+06,1.80451e+06,2,0,1,1.5,0.5,575314,0.15,1.56768e+07,-0.0768308
2024-11-29,1.17858e+07,9.99206e+06,1.79377e+06,2,0,1,1.5,0.5,576334,0.15,1.56512e+07,-0.0776715
2024-12-02,1.17985e+07,1.02695e+07,1.529e+06,1,0,1,1.25,0.25,288044,0.125,1.59848e+07,-0.0766757
2024-12-03,1.18158e+07,1.05572e+07,1.2586e+06,0,0,1,1,0,0,0.1,1.6189e+07,-0.0753224
2024-12-04,1.18296e+07,1.05572e+07,1.27232e+06,0,0,1,1,0,0,0.1,1.63492e+07,-0.0742485
2024-12-05,1.18845e+07,1.05572e+07,1.32722e+06,0,0,1,1,0,0,0.1,1.63581e+07,-0.0699528
2024-12-06,1.18621e+07,1.02595e+07,1.60265e+06,1,0,1,1.25,0.25,289157,0.125,1.63056e+07,-0.0717015
2024-12-09,1.18558e+07,9.96224e+06,1.89355e+06,2,0,1,1.5,0.5,589863,0.15,1.63618e+07,-0.0721958
2024-12-10,1.18746e+07,9.96224e+06,1.91232e+06,2,0,1,1.5,0.5,592948,0.15,1.62577e+07,-0.070727
2024-12-11,1.18767e+07,9.96224e+06,1.91447e+06,1,1,1,1.5,0.25,291514,0.15,1.6102e+07,-0.0705588
2024-12-12,1.18672e+07,8.7719e+06,3.09527e+06,2,0,2,2.5,0.5,579490,0.25,1.62026e+07,-0.0713055
2024-12-13,1.18364e+07,8.7719e+06,3.06449e+06,2,0,2,2.5,0.5,576922,0.25,1.61841e+07,-0.0737143
2024-12-16,1.18152e+07,9.0616e+06,2.75362e+06,1,0,2,2.25,0.25,285230,0.225,1.61978e+07,-0.0753706
2024-12-17,1.19256e+07,8.76555e+06,3.16002e+06,2,0,2,2.5,0.5,598364,0.25,1.61824e+07,-0.066735
2024-12-18,1.20599e+07,8.76555e+06,3.29439e+06,2,0,2,2.5,0.5,598122,0.25,1.62883e+07,-0.0562194
2024-12-19,1.21078e+07,9.04822e+06,3.05957e+06,1,0,2,2.25,0.25,297930,0.225,1.61221e+07,-0.0524754
2024-12-20,1.2054e+07,8.74484e+06,3.3092e+06,2,0,2,2.5,0.5,585102,0.25,1.58254e+07,-0.0566812
2024-12-23,1.2114e+07,9.03155e+06,3.08248e+06,1,0,2,2.25,0.25,297881,0.225,1.62432e+07,-0.051987
2024-12-24,1.22375e+07,9.03155e+06,3.20591e+06,1,0,2,2.25,0.25,295446,0.225,1.62542e+07,-0.0423275
2024-12-25,1.22301e+07,9.03155e+06,3.19852e+06,1,0,2,2.25,0.25,297476,0.225,1.63245e+07,-0.0429058
2024-12-26,1.22323e+07,9.03155e+06,3.20078e+06,1,0,2,2.25,0.25,305186,0.225,1.63433e+07,-0.0427291
2024-12-27,1.22222e+07,9.03155e+06,3.19068e+06,1,0,2,2.25,0.25,294229,0.225,1.63635e+07,-0.0435195
2024-12-30,1.2211e+07,9.02258e+06,3.18845e+06,1,0,2,2.25,0.25,298698,0.225,1.63034e+07,-0.0443953
2024-12-31,1.2307e+07,9.00589e+06,3.30107e+06,1,0,2,2.25,0.25,318205,0.225,1.61944e+07,-0.0368887
2025-01-02,1.21522e+07,8.69752e+06,3.45466e+06,1,1,2,2.5,0.25,294545,0.25,1.60517e+07,-0.049001
2025-01-03,1.21289e+07,7.76805e+06,4.36085e+06,1,0,3,3.25,0.25,310543,0.325,1.61052e+07,-0.0508227
2025-01-06,1.21893e+07,7.76805e+06,4.42127e+06,1,0,3,3.25,0.25,297693,0.325,1.65548e+07,-0.0460943
2025-01-07,1.21763e+07,8.06327e+06,4.11302e+06,0,0,3,3,0,0,0.3,1.66276e+07,-0.0471143
2025-01-08,1.21279e+07,8.06327e+06,4.06465e+06,0,0,3,3,0,0,0.3,1.64561e+07,-0.0508996
2025-01-09,1.19588e+07,7.7541e+06,4.20473e+06,1,0,3,3.25,0.25,295883,0.325,1.62268e+07,-0.0641317
2025-01-10,1.19e+07,9.06141e+06,2.83858e+06,1,0,2,2.25,0.25,298798,0.225,1.61781e+07,-0.0687373
2025-01-13,1.1819e+07,1.01738e+07,1.64522e+06,1,0,1,1.25,0.25,304279,0.125,1.581e+07,-0.0750719
2025-01-14,1.18527e+07,1.1224e+07,628695,2,0,0,0.5,0.5,628695,0.05,1.60274e+07,-0.0724409
2025-01-15,1.18584e+07,1.1224e+07,634401,1,1,0,0.5,0.25,296616,0.05,1.58284e+07,-0.0719944
2025-01-16,1.18572e+07,1.00355e+07,1.82176e+06,2,0,1,1.5,0.5,596396,0.15,1.61874e+07,-0.0720844
2025-01-17,1.17984e+07,1.00355e+07,1.76292e+06,2,0,1,1.5,0.5,597780,0.15,1.62738e+07,-0.076689
2025-01-20,1.18166e+07,1.00355e+07,1.7811e+06,2,0,1,1.5,0.5,596302,0.15,1.63573e+07,-0.0752658
2025-01-21,1.17812e+07,1.00355e+07,1.74577e+06,2,0,1,1.5,0.5,586775,0.15,1.63806e+07,-0.0780311
2025-01-22,1.18359e+07,1.03213e+07,1.51459e+06,1,0,1,1.25,0.25,297832,0.125,1.65391e+07,-0.0737513
2025-02-03,1.17336e+07,1.03213e+07,1.41226e+06,1,0,1,1.25,0.25,309802,0.125,1.59551e+07,-0.0817595
2025-02-04,1.17394e+07,1.00273e+07,1.71204e+06,2,0,1,1.5,0.5,598520,0.15,1.60249e+07,-0.0813072
2025-02-05,1.17564e+07,1.03088e+07,1.44755e+06,1,0,1,1.25,0.25,309450,0.125,1.62833e+07,-0.079975
2025-02-06,1.17876e+07,1.03088e+07,1.4788e+06,1,0,1,1.25,0.25,308746,0.125,1.63923e+07,-0.0775294
2025-02-07,1.17722e+07,1.03088e+07,1.46333e+06,1,0,1,1.25,0.25,303113,0.125,1.6506e+07,-0.0787396
2025-02-10,1.1772e+07,1.03088e+07,1.46317e+06,1,0,1,1.25,0.25,306633,0.125,1.6347e+07,-0.0787527
2025-02-11,1.17929e+07,1.00139e+07,1.77902e+06,2,0,1,1.5,0.5,623714,0.15,1.64397e+07,-0.0771179
2025-02-12,1.17344e+07,1.00139e+07,1.72048e+06,2,0,1,1.5,0.5,635234,0.15,1.63734e+07,-0.0816988
2025-02-13,1.17533e+07,1.00139e+07,1.73944e+06,1,1,1,1.5,0.25,309450,0.15,1.64505e+07,-0.0802154
2025-02-14,1.17499e+07,1.02142e+07,1.5357e+06,1,0,1,1.25,0.25,308746,0.125,1.6277e+07,-0.0804856
2025-02-17,1.17247e+07,1.02142e+07,1.51054e+06,1,0,1,1.25,0.25,310858,0.125,1.6525e+07,-0.082454
2025-02-18,1.1659e+07,1.02142e+07,1.44484e+06,1,0,1,1.25,0.25,312266,0.125,1.6638e+07,-0.0875961
2025-02-19,1.15961e+07,1.02142e+07,1.38192e+06,1,0,1,1.25,0.25,312266,0.125,1.65944e+07,-0.0925201
2025-02-20,1.16209e+07,9.92361e+06,1.69731e+06,2,0,1,1.5,0.5,596202,0.15,1.65124e+07,-0.090576
2025-02-21,1.16182e+07,9.92361e+06,1.69461e+06,2,0,1,1.5,0.5,597689,0.15,1.66831e+07,-0.0907879
2025-02-24,1.16377e+07,1.02326e+07,1.40505e+06,1,0,1,1.25,0.25,278772,0.125,1.65671e+07,-0.0892636
2025-02-25,1.16012e+07,9.94105e+06,1.66014e+06,2,0,1,1.5,0.5,563228,0.15,1.63706e+07,-0.0921203
2025-02-26,1.16095e+07,1.02148e+07,1.39466e+06,1,0,1,1.25,0.25,283064,0.125,1.64527e+07,-0.0914733
2025-02-27,1.15489e+07,1.12668e+07,282042,1,0,0,0.25,0.25,282042,0.025,1.62071e+07,-0.0962132
2025-03-03,1.15316e+07,1.09775e+07,554150,2,0,0,0.5,0.5,554150,0.05,1.59984e+07,-0.0975643
2025-03-04,1.15225e+07,1.15225e+07,0,0,0,0,0,0,0,0,1.58863e+07,-0.0982767
2025-03-05,1.15129e+07,1.09451e+07,567827,2,0,0,0.5,0.5,567827,0.05,1.60797e+07,-0.0990276
2025-03-06,1.1505e+07,1.09451e+07,559950,2,0,0,0.5,0.5,559950,0.05,1.59697e+07,-0.099644
2025-03-07,1.14997e+07,1.09451e+07,554584,2,0,0,0.5,0.5,554584,0.05,1.58717e+07,-0.100064
2025-03-10,1.14998e+07,1.12159e+07,283958,1,0,0,0.25,0.25,283958,0.025,1.57895e+07,-0.100051
2025-03-11,1.14981e+07,1.09277e+07,570338,2,0,0,0.5,0.5,570338,0.05,1.55167e+07,-0.100189
2025-03-12,1.15099e+07,1.12181e+07,291828,1,0,0,0.25,0.25,291828,0.025,1.56624e+07,-0.0992656
2025-03-13,1.15058e+07,1.12181e+07,287789,1,0,0,0.25,0.25,287789,0.025,1.54397e+07,-0.0995817
2025-03-14,1.14986e+07,1.09298e+07,568868,2,0,0,0.5,0.5,568868,0.05,1.54442e+07,-0.100146
2025-03-17,1.1497e+07,1.12112e+07,285769,1,0,0,0.25,0.25,285769,0.025,1.55501e+07,-0.100276
2025-03-18,1.14966e+07,1.14966e+07,0,0,0,0,0,0,0,0,1.56577e+07,-0.100304
2025-03-19,1.14966e+07,1.14966e+07,0,0,0,0,0,0,0,0,1.54391e+07,-0.100304
2025-03-20,1.14952e+07,1.09205e+07,574698,2,0,0,0.5,0.5,574698,0.05,1.57319e+07,-0.100415
2025-03-21,1.14932e+07,1.09205e+07,572720,2,0,0,0.5,0.5,572720,0.05,1.56137e+07,-0.10057
2025-03-24,1.14829e+07,1.09205e+07,562422,2,0,0,0.5,0.5,562422,0.05,1.55417e+07,-0.101376
2025-03-25,1.14833e+07,1.09205e+07,562837,2,0,0,0.5,0.5,562837,0.05,1.56587e+07,-0.101343
2025-03-26,1.14797e+07,1.11989e+07,280848,1,0,0,0.25,0.25,280848,0.025,1.56497e+07,-0.101624
2025-03-27,1.14713e+07,1.11862e+07,285039,1,0,0,0.25,0.25,285039,0.025,1.54328e+07,-0.102287
2025-03-28,1.14484e+07,1.11714e+07,276952,1,0,0,0.25,0.25,276952,0.025,1.51875e+07,-0.104081
2025-03-31,1.14071e+07,1.14071e+07,0,0,0,0,0,0,0,0,1.45499e+07,-0.107306
2025-04-01,1.14071e+07,1.14071e+07,0,0,0,0,0,0,0,0,1.49606e+07,-0.107306
2025-04-02,1.14071e+07,1.14071e+07,0,0,0,0,0,0,0,0,1.49733e+07,-0.107306
2025-04-07,1.14071e+07,1.14071e+07,0,0,0,0,0,0,0,0,1.35209e+07,-0.107306
2025-04-08,1.14071e+07,1.14071e+07,0,0,0,0,0,0,0,0,1.29779e+07,-0.107306
2025-04-09,1.13926e+07,1.08355e+07,557104,2,0,0,0.5,0.5,557104,0.05,1.22269e+07,-0.108443
2025-04-10,1.1411e+07,1.1411e+07,0,0,0,0,0,0,0,0,1.33576e+07,-0.107001
2025-04-11,1.1411e+07,1.1411e+07,0,0,0,0,0,0,0,0,1.37293e+07,-0.107001
2025-04-14,1.1411e+07,1.1411e+07,0,0,0,0,0,0,0,0,1.37183e+07,-0.107001
2025-04-15,1.14149e+07,1.08392e+07,575736,2,0,0,0.5,0.5,575736,0.05,1.39606e+07,-0.106695
2025-04-16,1.14256e+07,1.08392e+07,586442,2,0,0,0.5,0.5,586442,0.05,1.36866e+07,-0.105858
2025-04-17,1.14181e+07,1.08392e+07,578852,2,0,0,0.5,0.5,578852,0.05,1.35957e+07,-0.106452
2025-04-18,1.14203e+07,1.08392e+07,581139,1,1,0,0.5,0.25,279405,0.05,1.36353e+07,-0.106273
2025-04-21,1.13944e+07,9.6946e+06,1.69979e+06,2,0,1,1.5,0.5,555295,0.15,1.34323e+07,-0.108304
2025-04-22,1.13757e+07,1.10834e+07,292291,1,0,0,0.25,0.25,292291,0.025,1.32124e+07,-0.109764
2025-04-23,1.14002e+07,1.07984e+07,601793,2,0,0,0.5,0.5,601793,0.05,1.38069e+07,-0.10785
2025-04-24,1.14201e+07,1.07984e+07,621730,2,0,0,0.5,0.5,621730,0.05,1.36942e+07,-0.106289
2025-04-25,1.14571e+07,1.07984e+07,658660,1,1,0,0.5,0.25,291042,0.05,1.39711e+07,-0.103399
2025-04-28,1.15524e+07,9.93719e+06,1.61517e+06,1,0,1,1.25,0.25,292291,0.125,1.40848e+07,-0.0959418
2025-04-29,1.15419e+07,9.93719e+06,1.60466e+06,1,0,1,1.25,0.25,299786,0.125,1.42242e+07,-0.0967638
2025-04-30,1.14929e+07,9.93719e+06,1.55567e+06,1,0,1,1.25,0.25,293540,0.125,1.42259e+07,-0.100598
2025-05-02,1.15457e+07,9.64922e+06,1.89652e+06,2,0,1,1.5,0.5,575899,0.15,1.46144e+07,-0.0964591
2025-05-05,1.14921e+07,9.94137e+06,1.55068e+06,1,0,1,1.25,0.25,272806,0.125,1.44353e+07,-0.100661
2025-05-06,1.14636e+07,9.92388e+06,1.53975e+06,1,0,1,1.25,0.25,279868,0.125,1.4428e+07,-0.102886
2025-05-07,1.13895e+07,9.63664e+06,1.7529e+06,2,0,1,1.5,0.5,556011,0.15,1.44448e+07,-0.108683
2025-05-08,1.14204e+07,9.90931e+06,1.51105e+06,1,0,1,1.25,0.25,282667,0.125,1.44427e+07,-0.106272
2025-05-09,1.14279e+07,9.62315e+06,1.80479e+06,2,0,1,1.5,0.5,585407,0.15,1.47039e+07,-0.105678
2025-05-12,1.1338e+07,9.62315e+06,1.71486e+06,2,0,1,1.5,0.5,580971,0.15,1.48547e+07,-0.112715
2025-05-13,1.1306e+07,9.90392e+06,1.40209e+06,1,0,1,1.25,0.25,313191,0.125,1.49958e+07,-0.11522
2025-05-14,1.13719e+07,9.90392e+06,1.46799e+06,1,0,1,1.25,0.25,318353,0.125,1.5314e+07,-0.110063
2025-05-15,1.13248e+07,9.90392e+06,1.42088e+06,1,0,1,1.25,0.25,325236,0.125,1.5277e+07,-0.113749
2025-05-16,1.12763e+07,9.62017e+06,1.65617e+06,2,0,1,1.5,0.5,598765,0.15,1.53568e+07,-0.117543
2025-05-19,1.12524e+07,1.06703e+07,582043,2,0,0,0.5,0.5,582043,0.05,1.51319e+07,-0.119419
2025-05-20,1.12532e+07,1.06703e+07,582866,2,0,0,0.5,0.5,582866,0.05,1.51335e+07,-0.119355
2025-05-21,1.12811e+07,1.06703e+07,610754,2,0,0,0.5,0.5,610754,0.05,1.53288e+07,-0.117172
2025-05-22,1.12821e+07,1.06703e+07,611802,2,0,0,0.5,0.5,611802,0.05,1.52354e+07,-0.11709
2025-05-23,1.1272e+07,1.09476e+07,324376,1,0,0,0.25,0.25,324376,0.025,1.52222e+07,-0.117885
2025-05-26,1.12549e+07,1.06652e+07,589754,2,0,0,0.5,0.5,589754,0.05,1.51409e+07,-0.119219
2025-05-27,1.12412e+07,1.09349e+07,306307,1,0,0,0.25,0.25,306307,0.025,1.50003e+07,-0.120294
2025-05-28,1.12395e+07,1.09349e+07,304586,1,0,0,0.25,0.25,304586,0.025,1.50151e+07,-0.120429
2025-05-29,1.12289e+07,1.06532e+07,575669,2,0,0,0.5,0.5,575669,0.05,1.50078e+07,-0.121253
2025-06-02,1.12139e+07,1.09196e+07,294261,1,0,0,0.25,0.25,294261,0.025,1.47656e+07,-0.12243
2025-06-03,1.12272e+07,1.06386e+07,588593,2,0,0,0.5,0.5,588593,0.05,1.48529e+07,-0.121385
2025-06-04,1.12304e+07,1.06386e+07,591747,2,0,0,0.5,0.5,591747,0.05,1.51982e+07,-0.121138
2025-06-05,1.12445e+07,1.09098e+07,334701,1,0,0,0.25,0.25,334701,0.025,1.52378e+07,-0.120037
2025-06-06,1.12665e+07,1.0628e+07,638525,2,0,0,0.5,0.5,638525,0.05,1.52281e+07,-0.118309
2025-06-09,1.12707e+07,1.09851e+07,285623,1,0,0,0.25,0.25,285623,0.025,1.53193e+07,-0.117981
2025-06-10,1.12598e+07,1.09851e+07,274677,1,0,0,0.25,0.25,274677,0.025,1.56369e+07,-0.118838
2025-06-11,1.1258e+07,1.1258e+07,0,0,0,0,0,0,0,0,1.57972e+07,-0.11898
2025-06-12,1.1258e+07,1.1258e+07,0,0,0,0,0,0,0,0,1.5669e+07,-0.11898
2025-06-13,1.12658e+07,1.06938e+07,571953,2,0,0,0.5,0.5,571953,0.05,1.5518e+07,-0.118371
2025-06-16,1.12736e+07,1.06938e+07,579775,2,0,0,0.5,0.5,579775,0.05,1.55018e+07,-0.117758
2025-06-17,1.12676e+07,1.06938e+07,573772,2,0,0,0.5,0.5,573772,0.05,1.56154e+07,-0.118228
2025-06-18,1.12552e+07,1.06938e+07,561418,2,0,0,0.5,0.5,561418,0.05,1.57175e+07,-0.119195
2025-06-19,1.12587e+07,1.06938e+07,564942,2,0,0,0.5,0.5,564942,0.05,1.54691e+07,-0.118919
2025-06-20,1.12569e+07,1.06938e+07,563082,2,0,0,0.5,0.5,563082,0.05,1.54988e+07,-0.119065
2025-06-23,1.12618e+07,1.09714e+07,290428,1,0,0,0.25,0.25,290428,0.025,1.52783e+07,-0.11868
2025-06-24,1.12553e+07,1.06892e+07,566130,2,0,0,0.5,0.5,566130,0.05,1.55994e+07,-0.119187
2025-06-25,1.12616e+07,1.06892e+07,572414,2,0,0,0.5,0.5,572414,0.05,1.57694e+07,-0.118696
2025-06-26,1.12547e+07,1.06892e+07,565518,2,0,0,0.5,0.5,565518,0.05,1.58128e+07,-0.119235
2025-06-27,1.12686e+07,1.09686e+07,299988,0,1,0,0.25,0,0,0.025,1.58745e+07,-0.118149
2025-06-30,1.13132e+07,1.01216e+07,1.19165e+06,0,0,1,1,0,0,0.1,1.56467e+07,-0.114657
2025-07-01,1.13416e+07,9.55462e+06,1.787e+06,2,0,1,1.5,0.5,574295,0.15,1.5856e+07,-0.112433
2025-07-02,1.12744e+07,9.55462e+06,1.71976e+06,2,0,1,1.5,0.5,561800,0.15,1.58729e+07,-0.117695
2025-07-03,1.12387e+07,9.55462e+06,1.6841e+06,2,0,1,1.5,0.5,564036,0.15,1.59679e+07,-0.120486
2025-07-04,1.11788e+07,1.08993e+07,279560,1,0,0,0.25,0.25,279560,0.025,1.58516e+07,-0.125173
2025-07-07,1.11742e+07,1.06192e+07,555031,2,0,0,0.5,0.5,555031,0.05,1.57681e+07,-0.125536
2025-07-08,1.11756e+07,1.08974e+07,278223,1,0,0,0.25,0.25,278223,0.025,1.57214e+07,-0.125424
2025-07-09,1.11966e+07,1.06174e+07,579209,2,0,0,0.5,0.5,579209,0.05,1.58372e+07,-0.123783
2025-07-10,1.12033e+07,1.06174e+07,585878,2,0,0,0.5,0.5,585878,0.05,1.59541e+07,-0.123261
2025-07-11,1.11944e+07,1.06174e+07,577007,2,0,0,0.5,0.5,577007,0.05,1.59947e+07,-0.123955
2025-07-14,1.11892e+07,1.08954e+07,293773,1,0,0,0.25,0.25,293773,0.025,1.5899e+07,-0.124365
2025-07-15,1.11878e+07,1.0615e+07,572805,2,0,0,0.5,0.5,572805,0.05,1.60544e+07,-0.124469
2025-07-16,1.11818e+07,1.0615e+07,566765,2,0,0,0.5,0.5,566765,0.05,1.61999e+07,-0.124942
2025-07-17,1.11682e+07,1.0615e+07,553143,2,0,0,0.5,0.5,553143,0.05,1.62494e+07,-0.126008
2025-07-18,1.11838e+07,1.08855e+07,298242,1,0,0,0.25,0.25,298242,0.025,1.64391e+07,-0.124787
2025-07-21,1.11759e+07,1.08855e+07,290422,1,0,0,0.25,0.25,290422,0.025,1.64091e+07,-0.125399
2025-07-22,1.11535e+07,1.06055e+07,548039,2,0,0,0.5,0.5,548039,0.05,1.61612e+07,-0.127153
2025-07-23,1.11587e+07,1.08873e+07,271400,1,0,0,0.25,0.25,271400,0.025,1.63938e+07,-0.126747
2025-07-24,1.1166e+07,1.08873e+07,278702,1,0,0,0.25,0.25,278702,0.025,1.64325e+07,-0.126176
2025-07-25,1.11607e+07,1.06075e+07,553158,2,0,0,0.5,0.5,553158,0.05,1.64259e+07,-0.126592
2025-07-28,1.11864e+07,1.06075e+07,578829,2,0,0,0.5,0.5,578829,0.05,1.64601e+07,-0.124583
2025-07-29,1.12039e+07,1.06075e+07,596363,1,1,0,0.5,0.25,279919,0.05,1.63114e+07,-0.123211
2025-07-30,1.12383e+07,9.76535e+06,1.47296e+06,1,0,1,1.25,0.25,278702,0.125,1.64943e+07,-0.120518
2025-07-31,1.12382e+07,1.00439e+07,1.19426e+06,0,0,1,1,0,0,0.1,1.65511e+07,-0.120527
2025-08-01,1.13425e+07,1.00439e+07,1.29857e+06,0,0,1,1,0,0,0.1,1.64751e+07,-0.112364
2025-08-04,1.12911e+07,1.00439e+07,1.24717e+06,0,0,1,1,0,0,0.1,1.64361e+07,-0.116386
2025-08-05,1.13138e+07,1.00439e+07,1.26985e+06,0,0,1,1,0,0,0.1,1.66341e+07,-0.114611
2025-08-06,1.14408e+07,1.00439e+07,1.39683e+06,0,0,1,1,0,0,0.1,1.64842e+07,-0.104674
2025-08-07,1.14334e+07,9.75728e+06,1.67609e+06,1,0,1,1.25,0.25,285306,0.125,1.68754e+07,-0.105253
2025-08-08,1.14725e+07,9.75728e+06,1.71523e+06,1,0,1,1.25,0.25,288159,0.125,1.68877e+07,-0.102191
2025-08-11,1.14926e+07,9.46982e+06,2.02274e+06,2,0,1,1.5,0.5,574508,0.15,1.6968e+07,-0.100621
2025-08-12,1.15721e+07,9.46982e+06,2.10229e+06,1,1,1,1.5,0.25,289874,0.15,1.69841e+07,-0.094396
2025-08-13,1.1643e+07,8.59996e+06,3.04308e+06,0,1,2,2.25,0,0,0.225,1.71329e+07,-0.0888453
2025-08-14,1.16899e+07,7.72477e+06,3.96514e+06,0,0,3,3,0,0,0.3,1.70401e+07,-0.0851777
2025-08-15,1.16751e+07,7.13896e+06,4.53618e+06,2,0,3,3.5,0.5,573802,0.35,1.71079e+07,-0.0863332
2025-08-18,1.19552e+07,7.13896e+06,4.81622e+06,2,0,3,3.5,0.5,574509,0.35,1.7212e+07,-0.0644183
2025-08-19,1.18029e+07,7.13896e+06,4.66392e+06,2,0,3,3.5,0.5,577392,0.35,1.71213e+07,-0.0763369
2025-08-20,1.15578e+07,7.13896e+06,4.41888e+06,1,1,3,3.5,0.25,281196,0.35,1.66094e+07,-0.0955129
2025-08-21,1.17042e+07,6.27017e+06,5.43402e+06,1,0,4,4.25,0.25,283260,0.425,1.68461e+07,-0.0840595
2025-08-22,1.16581e+07,6.55373e+06,5.10435e+06,0,0,4,4,0,0,0.4,1.67072e+07,-0.0876679
2025-08-25,1.17904e+07,7.59579e+06,4.19459e+06,1,0,3,3.25,0.25,311678,0.325,1.70678e+07,-0.0773147
2025-08-26,1.18192e+07,7.59579e+06,4.22337e+06,1,0,3,3.25,0.25,322155,0.325,1.70872e+07,-0.0750628
2025-08-27,1.19439e+07,7.29964e+06,4.64422e+06,2,0,3,3.5,0.5,612438,0.35,1.72383e+07,-0.0653037
2025-08-28,1.19665e+07,7.29964e+06,4.66682e+06,2,0,3,3.5,0.5,601438,0.35,1.7039e+07,-0.0635347
2025-08-29,1.21946e+07,7.29964e+06,4.89497e+06,1,1,3,3.5,0.25,305392,0.35,1.70366e+07,-0.0456806
2025-09-01,1.18288e+07,6.36893e+06,5.45989e+06,1,0,4,4.25,0.25,301202,0.425,1.69232e+07,-0.0743067
2025-09-02,1.16337e+07,8.79287e+06,2.84086e+06,1,0,2,2.25,0.25,292821,0.225,1.68845e+07,-0.0895736
2025-09-03,1.16959e+07,8.50138e+06,3.19456e+06,2,0,2,2.5,0.5,609514,0.25,1.69433e+07,-0.0847057
2025-09-04,1.16691e+07,1.02117e+07,1.45741e+06,1,0,1,1.25,0.25,314751,0.125,1.69992e+07,-0.086808
2025-09-05,1.16998e+07,1.02117e+07,1.48818e+06,1,0,1,1.25,0.25,321137,0.125,1.72205e+07,-0.0843998
2025-09-08,1.17387e+07,1.02117e+07,1.527e+06,0,1,1,1.25,0,0,0.125,1.72576e+07,-0.081362
2025-09-09,1.17194e+07,9.03515e+06,2.68422e+06,1,0,2,2.25,0.25,285566,0.225,1.7474e+07,-0.0828715
2025-09-10,1.1681e+07,9.03515e+06,2.64586e+06,1,0,2,2.25,0.25,284371,0.225,1.77112e+07,-0.0858734
2025-09-11,1.16228e+07,9.31817e+06,2.30458e+06,0,0,2,2,0,0,0.2,1.77274e+07,-0.0904324
2025-09-12,1.16332e+07,9.31817e+06,2.31503e+06,0,0,2,2,0,0,0.2,1.79095e+07,-0.0896145
2025-09-15,1.15564e+07,1.04312e+07,1.12524e+06,0,0,1,1,0,0,0.1,1.78269e+07,-0.0956255
2025-09-16,1.15659e+07,9.85204e+06,1.71391e+06,2,0,1,1.5,0.5,592148,0.15,1.80184e+07,-0.0948786
2025-09-17,1.15648e+07,1.09581e+07,606701,2,0,0,0.5,0.5,606701,0.05,1.78839e+07,-0.0949702
2025-09-18,1.15975e+07,1.09581e+07,639454,1,1,0,0.5,0.25,288189,0.05,1.81167e+07,-0.092407
2025-09-19,1.15937e+07,1.00863e+07,1.50739e+06,1,0,1,1.25,0.25,288189,0.125,1.79824e+07,-0.0927072
2025-09-22,1.16493e+07,9.79581e+06,1.85347e+06,2,0,1,1.5,0.5,606970,0.15,1.81949e+07,-0.0883575
2025-09-23,1.17138e+07,9.79581e+06,1.91803e+06,2,0,1,1.5,0.5,591472,0.15,1.84527e+07,-0.0833045
2025-09-24,1.16733e+07,1.00826e+07,1.5907e+06,1,0,1,1.25,0.25,309624,0.125,1.84171e+07,-0.0864753
2025-09-25,1.16065e+07,9.79014e+06,1.81636e+06,2,0,1,1.5,0.5,600796,0.15,1.82956e+07,-0.0917051
2025-09-26,1.15274e+07,9.79014e+06,1.73727e+06,2,0,1,1.5,0.5,594500,0.15,1.79838e+07,-0.097894
2025-09-30,1.1648e+07,9.79014e+06,1.8579e+06,2,0,1,1.5,0.5,618685,0.15,1.81526e+07,-0.0884538
2025-10-01,1.16282e+07,9.79014e+06,1.83806e+06,2,0,1,1.5,0.5,607945,0.15,1.82668e+07,-0.0900063
2025-10-02,1.17304e+07,9.79014e+06,1.94023e+06,2,0,1,1.5,0.5,630041,0.15,1.85448e+07,-0.0820114
2025-10-03,1.18422e+07,1.00754e+07,1.76682e+06,1,0,1,1.25,0.25,354735,0.125,1.88139e+07,-0.0732605
2025-10-07,1.19844e+07,1.00754e+07,1.90899e+06,1,0,1,1.25,0.25,356786,0.125,1.91308e+07,-0.0621348
2025-10-08,1.19365e+07,1.00754e+07,1.86112e+06,1,0,1,1.25,0.25,359861,0.125,1.90266e+07,-0.0658815
2025-10-09,1.20143e+07,9.77628e+06,2.23801e+06,2,0,1,1.5,0.5,656688,0.15,1.91941e+07,-0.0597923
2025-10-13,1.19895e+07,9.77628e+06,2.21322e+06,2,0,1,1.5,0.5,648276,0.15,1.8928e+07,-0.0617322
2025-10-14,1.19192e+07,9.77628e+06,2.14293e+06,2,0,1,1.5,0.5,661692,0.15,1.88364e+07,-0.067233
2025-10-15,1.19009e+07,9.77628e+06,2.12463e+06,2,0,1,1.5,0.5,668868,0.15,1.91757e+07,-0.068665
2025-10-16,1.20588e+07,9.77628e+06,2.28251e+06,2,0,1,1.5,0.5,681171,0.15,1.94373e+07,-0.0563098
2025-10-17,1.2059e+07,1.0074e+07,1.98501e+06,1,0,1,1.25,0.25,385493,0.125,1.91944e+07,-0.0562897
2025-10-20,1.21436e+07,9.77188e+06,2.37173e+06,2,0,1,1.5,0.5,684868,0.15,1.9466e+07,-0.0496717
2025-10-21,1.20738e+07,9.77188e+06,2.30193e+06,2,0,1,1.5,0.5,678752,0.15,1.95108e+07,-0.0551345
2025-10-22,1.21366e+07,9.77188e+06,2.36475e+06,1,1,1,1.5,0.25,371139,0.15,1.9438e+07,-0.0502181
2025-10-23,1.2109e+07,8.92078e+06,3.18821e+06,1,0,2,2.25,0.25,309731,0.225,1.9356e+07,-0.0523808
2025-10-27,1.23467e+07,8.61738e+06,3.72933e+06,2,0,2,2.5,0.5,603874,0.25,1.96804e+07,-0.033778
2025-10-28,1.25303e+07,8.61738e+06,3.91295e+06,2,0,2,2.5,0.5,598003,0.25,1.96491e+07,-0.0194084
2025-10-29,1.25313e+07,8.61738e+06,3.91395e+06,2,0,2,2.5,0.5,593220,0.25,1.98921e+07,-0.0193299
2025-10-30,1.25596e+07,8.91438e+06,3.64525e+06,1,0,2,2.25,0.25,296758,0.225,1.9887e+07,-0.0171153
2025-10-31,1.2437e+07,8.59968e+06,3.83731e+06,2,0,2,2.5,0.5,603325,0.25,1.98489e+07,-0.0267128
2025-11-03,1.24399e+07,9.18507e+06,3.25479e+06,0,0,2,2,0,0,0.2,1.99201e+07,-0.026488
2025-11-04,1.22836e+07,9.18507e+06,3.09852e+06,0,0,2,2,0,0,0.2,1.97668e+07,-0.0387169
2025-11-05,1.24208e+07,8.87729e+06,3.54346e+06,1,0,2,2.25,0.25,348120,0.225,1.9486e+07,-0.0279834
2025-11-06,1.26079e+07,8.56608e+06,4.04183e+06,2,0,2,2.5,0.5,672208,0.25,1.96142e+07,-0.0133376
2025-11-07,1.25385e+07,8.56608e+06,3.97239e+06,2,0,2,2.5,0.5,661567,0.25,1.94398e+07,-0.0187713
2025-11-10,1.27319e+07,8.56608e+06,4.16584e+06,2,0,2,2.5,0.5,630910,0.25,1.95931e+07,-0.00363253
2025-11-11,1.26921e+07,8.86595e+06,3.8261e+06,1,0,2,2.25,0.25,346003,0.225,1.95337e+07,-0.006752
2025-11-12,1.27007e+07,8.86595e+06,3.83479e+06,0,1,2,2.25,0,0,0.225,1.96477e+07,-0.00607158
2025-11-13,1.27579e+07,9.05008e+06,3.7078e+06,0,0,2,2,0,0,0.2,1.96171e+07,-0.00160047
2025-11-14,1.25962e+07,9.05008e+06,3.54614e+06,0,0,2,2,0,0,0.2,1.92613e+07,-0.0142522
2025-11-17,1.28129e+07,9.05008e+06,3.76283e+06,0,0,2,2,0,0,0.2,1.92963e+07,0
2025-11-18,1.25347e+07,8.72903e+06,3.80566e+06,1,0,2,2.25,0.25,320116,0.225,1.88104e+07,-0.0217141
2025-11-19,1.24073e+07,8.70757e+06,3.69972e+06,1,0,2,2.25,0.25,316565,0.225,1.86867e+07,-0.0316574
2025-11-20,1.23889e+07,8.39669e+06,3.99217e+06,2,0,2,2.5,0.5,644184,0.25,1.92816e+07,-0.0330956
2025-11-21,1.21044e+07,9.90865e+06,2.19577e+06,1,0,1,1.25,0.25,296005,0.125,1.85846e+07,-0.0552947
2025-11-24,1.21259e+07,1.1823e+07,302836,1,0,0,0.25,0.25,302836,0.025,1.86333e+07,-0.0536215
2025-11-25,1.21157e+07,1.15192e+07,596505,2,0,0,0.5,0.5,596505,0.05,1.89201e+07,-0.0544144
2025-11-26,1.21145e+07,1.15192e+07,595330,2,0,0,0.5,0.5,595330,0.05,1.92698e+07,-0.0545061
2025-11-27,1.21105e+07,1.18099e+07,300627,1,0,0,0.25,0.25,300627,0.025,1.93717e+07,-0.0548209
2025-11-28,1.21131e+07,1.18099e+07,303272,1,0,0,0.25,0.25,303272,0.025,1.94223e+07,-0.0546144
2025-12-01,1.2114e+07,1.18099e+07,304154,1,0,0,0.25,0.25,304154,0.025,1.92227e+07,-0.0545456
2025-12-02,1.21062e+07,1.15063e+07,599889,2,0,0,0.5,0.5,599889,0.05,1.93785e+07,-0.0551541
2025-12-03,1.20927e+07,1.17912e+07,301509,1,0,0,0.25,0.25,301509,0.025,1.95394e+07,-0.0562111
2025-12-04,1.20913e+07,1.20913e+07,0,0,0,0,0,0,0,0,1.95413e+07,-0.0563227
2025-12-05,1.20843e+07,1.14853e+07,599000,2,0,0,0.5,0.5,599000,0.05,1.96714e+07,-0.056863
2025-12-08,1.2077e+07,1.17728e+07,304196,1,0,0,0.25,0.25,304196,0.025,1.98984e+07,-0.0574335
2025-12-09,1.2077e+07,1.17728e+07,304196,1,0,0,0.25,0.25,304196,0.025,1.98132e+07,-0.0574335
2025-12-10,1.20563e+07,1.1761e+07,295301,1,0,0,0.25,0.25,295301,0.025,1.99666e+07,-0.0590528
2025-12-11,1.20478e+07,1.20478e+07,0,0,0,0,0,0,0,0,1.97023e+07,-0.0597149
2025-12-12,1.20419e+07,1.17459e+07,296011,1,0,0,0.25,0.25,296011,0.025,1.98241e+07,-0.0601723
2025-12-15,1.20365e+07,1.17459e+07,290593,1,0,0,0.25,0.25,290593,0.025,1.95913e+07,-0.0605952
2025-12-16,1.20234e+07,1.17262e+07,297220,1,0,0,0.25,0.25,297220,0.025,1.93591e+07,-0.0616177
2025-12-17,1.20349e+07,1.14249e+07,609994,2,0,0,0.5,0.5,609994,0.05,1.93511e+07,-0.0607192
2025-12-18,1.20452e+07,1.14249e+07,620249,2,0,0,0.5,0.5,620249,0.05,1.93112e+07,-0.0599188
2025-12-19,1.20734e+07,1.14249e+07,648518,1,1,0,0.5,0.25,309609,0.05,1.94714e+07,-0.0577126
2025-12-22,1.20436e+07,1.05174e+07,1.52622e+06,1,0,1,1.25,0.25,312106,0.125,1.97901e+07,-0.0600414
2025-12-23,1.20415e+07,1.05174e+07,1.52411e+06,1,0,1,1.25,0.25,313533,0.125,1.99031e+07,-0.0602063
2025-12-24,1.20422e+07,1.05174e+07,1.52483e+06,1,0,1,1.25,0.25,314246,0.125,1.99464e+07,-0.0601506
2025-12-26,1.20735e+07,1.02156e+07,1.85789e+06,2,0,1,1.5,0.5,610145,0.15,2.00758e+07,-0.0577052
2025-12-29,1.19923e+07,1.02156e+07,1.77666e+06,2,0,1,1.5,0.5,599711,0.15,2.0255e+07,-0.0640447
2025-12-30,1.19382e+07,1.05047e+07,1.43344e+06,1,0,1,1.25,0.25,306042,0.125,2.0182e+07,-0.0682705
2025-12-31,1.19818e+07,1.05047e+07,1.47705e+06,1,0,1,1.25,0.25,316029,0.125,2.03623e+07,-0.0648665
2026-01-02,1.19607e+07,1.05047e+07,1.45592e+06,1,0,1,1.25,0.25,330297,0.125,2.06338e+07,-0.0665156
2026-01-05,1.19815e+07,1.05047e+07,1.47682e+06,1,0,1,1.25,0.25,331724,0.125,2.11648e+07,-0.0648848
2026-01-06,1.2103e+07,1.05047e+07,1.59829e+06,1,0,1,1.25,0.25,339928,0.125,2.14961e+07,-0.0554042
2026-01-07,1.21791e+07,1.05047e+07,1.6744e+06,1,0,1,1.25,0.25,339928,0.125,2.13971e+07,-0.0494646
2026-01-08,1.21931e+07,1.01996e+07,1.99348e+06,2,0,1,1.5,0.5,644856,0.15,2.13444e+07,-0.0483778
2026-01-09,1.21893e+07,1.01996e+07,1.98977e+06,2,0,1,1.5,0.5,626986,0.15,2.12941e+07,-0.0486675
2026-01-12,1.21894e+07,1.0482e+07,1.70735e+06,1,0,1,1.25,0.25,344563,0.125,2.14898e+07,-0.0486664
2026-01-13,1.21294e+07,1.0482e+07,1.64743e+06,1,0,1,1.25,0.25,330657,0.125,2.15881e+07,-0.0533431
2026-01-14,1.21281e+07,1.0482e+07,1.64611e+06,1,0,1,1.25,0.25,327567,0.125,2.1753e+07,-0.0534461
2026-01-15,1.21646e+07,1.0482e+07,1.68257e+06,1,0,1,1.25,0.25,344563,0.125,2.16608e+07,-0.0506002
2026-01-16,1.22066e+07,1.05135e+07,1.69315e+06,1,0,1,1.25,0.25,328595,0.125,2.20813e+07,-0.0473171
2026-01-19,1.21916e+07,1.05135e+07,1.67811e+06,1,0,1,1.25,0.25,343642,0.125,2.22434e+07,-0.048491
2026-01-20,1.21836e+07,1.05135e+07,1.67009e+06,0,1,1,1.25,0,0,0.125,2.23283e+07,-0.049117
2026-01-21,1.20561e+07,9.59767e+06,2.45845e+06,0,0,2,2,0,0,0.2,2.19672e+07,-0.059065
2026-01-22,1.20299e+07,8.9935e+06,3.03642e+06,2,0,2,2.5,0.5,595614,0.25,2.23185e+07,-0.0611091
2026-01-23,1.20486e+07,9.27434e+06,2.77425e+06,1,0,2,2.25,0.25,331668,0.225,2.24699e+07,-0.0596527
2026-01-26,1.2013e+07,9.27434e+06,2.73869e+06,0,1,2,2.25,0,0,0.225,2.25424e+07,-0.0624279
2026-01-27,1.19708e+07,8.37134e+06,3.59943e+06,0,0,3,3,0,0,0.3,2.27205e+07,-0.0657267
2026-01-28,1.19582e+07,9.55856e+06,2.39965e+06,0,0,2,2,0,0,0.2,2.30621e+07,-0.0667064
2026-01-29,1.18596e+07,9.55856e+06,2.30102e+06,0,0,2,2,0,0,0.2,2.2874e+07,-0.0744043
2026-01-30,1.18313e+07,1.00345e+07,1.79684e+06,2,0,1,1.5,0.5,573982,0.15,2.25418e+07,-0.0766111
2026-02-02,1.18982e+07,1.03107e+07,1.58745e+06,1,0,1,1.25,0.25,286416,0.125,2.22327e+07,-0.0713932
2026-02-03,1.20225e+07,1.00126e+07,2.00993e+06,2,0,1,1.5,0.5,580467,0.15,2.26343e+07,-0.0616876
2026-02-04,1.21558e+07,1.02942e+07,1.86159e+06,1,0,1,1.25,0.25,320449,0.125,2.27007e+07,-0.0512846
2026-02-05,1.20412e+07,1.02942e+07,1.74694e+06,1,0,1,1.25,0.25,317482,0.125,2.23573e+07,-0.0602321
2026-02-06,1.20221e+07,1.02942e+07,1.72793e+06,0,1,1,1.25,0,0,0.125,2.23444e+07,-0.0617164
2026-02-09,1.21114e+07,9.39053e+06,2.72084e+06,0,0,2,2,0,0,0.2,2.27815e+07,-0.0547528
2026-02-10,1.21199e+07,9.37666e+06,2.74319e+06,0,0,2,2,0,0,0.2,2.32513e+07,-0.0540908
2026-02-11,1.23123e+07,9.07298e+06,3.23931e+06,1,0,2,2.25,0.25,300583,0.225,2.36259e+07,-0.0390712
2026-02-23,1.23919e+07,8.76448e+06,3.62739e+06,2,0,2,2.5,0.5,599335,0.25,2.37437e+07,-0.0328602
2026-02-24,1.25103e+07,9.04416e+06,3.46614e+06,0,1,2,2.25,0,0,0.225,2.43958e+07,-0.0236173
2026-02-25,1.25377e+07,8.10378e+06,4.43388e+06,0,0,3,3,0,0,0.3,2.48965e+07,-0.0214829
2026-02-26,1.28054e+07,8.10378e+06,4.70162e+06,0,0,3,3,0,0,0.3,2.48975e+07,-0.000586637
2026-03-02,1.30124e+07,8.10378e+06,4.90863e+06,0,0,3,3,0,0,0.3,2.46729e+07,0
2026-03-03,1.3021e+07,8.10378e+06,4.91723e+06,0,0,3,3,0,0,0.3,2.41306e+07,0
2026-03-04,1.26579e+07,8.10378e+06,4.55408e+06,0,0,3,3,0,0,0.3,2.30797e+07,-0.0278894
2026-03-05,1.25986e+07,8.10378e+06,4.49478e+06,0,0,3,3,0,0,0.3,2.36731e+07,-0.0324432
2026-03-06,1.24947e+07,9.60982e+06,2.8849e+06,0,0,2,2,0,0,0.2,2.36215e+07,-0.0404179
2026-03-09,1.22732e+07,9.60982e+06,2.66337e+06,0,0,2,2,0,0,0.2,2.25746e+07,-0.0574317
2026-03-10,1.23639e+07,1.06408e+07,1.7231e+06,1,0,1,1.25,0.25,308713,0.125,2.30396e+07,-0.0504627
2026-03-11,1.24211e+07,1.06408e+07,1.78022e+06,1,0,1,1.25,0.25,315523,0.125,2.39833e+07,-0.0460756
2026-03-12,1.24511e+07,1.06408e+07,1.81028e+06,1,0,1,1.25,0.25,306443,0.125,2.36091e+07,-0.0437675
2026-03-13,1.24089e+07,1.0933e+07,1.47588e+06,0,0,1,1,0,0,0.1,2.34815e+07,-0.0470091
2026-03-16,1.24291e+07,1.03112e+07,2.11797e+06,2,0,1,1.5,0.5,619729,0.15,2.34408e+07,-0.0454539
2026-03-17,1.24853e+07,1.03112e+07,2.17415e+06,2,0,1,1.5,0.5,642367,0.15,2.37882e+07,-0.0411392
2026-03-18,1.25692e+07,1.03112e+07,2.25803e+06,2,0,1,1.5,0.5,647979,0.15,2.41481e+07,-0.0346974
2026-03-19,1.25709e+07,1.03112e+07,2.2597e+06,2,0,1,1.5,0.5,649641,0.15,2.36849e+07,-0.0345698
2026-03-20,1.24676e+07,1.03112e+07,2.1564e+06,2,0,1,1.5,0.5,658154,0.15,2.35824e+07,-0.0425029
2026-03-23,1.23951e+07,1.03112e+07,2.08389e+06,2,0,1,1.5,0.5,630369,0.15,2.30049e+07,-0.0480715
2026-03-24,1.23387e+07,1.03112e+07,2.02755e+06,2,0,1,1.5,0.5,624345,0.15,2.29274e+07,-0.0523982
2026-03-25,1.2383e+07,1.20547e+07,328375,1,0,0,0.25,0.25,328375,0.025,2.35087e+07,-0.0489959
2026-03-26,1.2384e+07,1.20547e+07,329322,1,0,0,0.25,0.25,329322,0.025,2.34374e+07,-0.0489232
2026-03-27,1.23835e+07,1.20547e+07,328849,1,0,0,0.25,0.25,328849,0.025,2.32792e+07,-0.0489596
2026-03-30,1.23564e+07,1.17444e+07,612009,2,0,0,0.5,0.5,612009,0.05,2.28613e+07,-0.0510426
2026-03-31,1.23491e+07,1.2033e+07,316073,1,0,0,0.25,0.25,316073,0.025,2.23023e+07,-0.0516002
2026-04-01,1.23543e+07,1.2033e+07,321278,1,0,0,0.25,0.25,321278,0.025,2.33229e+07,-0.0512005
2026-04-02,1.23581e+07,1.2033e+07,325063,1,0,0,0.25,0.25,325063,0.025,2.28994e+07,-0.0509098
2026-04-07,1.23524e+07,1.2033e+07,319385,1,0,0,0.25,0.25,319385,0.025,2.33616e+07,-0.0513458
2026-04-08,1.23652e+07,1.2033e+07,332161,1,0,0,0.25,0.25,332161,0.025,2.44383e+07,-0.0503647
2026-04-09,1.23695e+07,1.2033e+07,336419,1,0,0,0.25,0.25,336419,0.025,2.45085e+07,-0.0500376
2026-04-10,1.23628e+07,1.2033e+07,329795,1,0,0,0.25,0.25,329795,0.025,2.48998e+07,-0.0505464
2026-04-13,1.23709e+07,1.2033e+07,337839,1,0,0,0.25,0.25,337839,0.025,2.49276e+07,-0.0499286
2026-04-14,1.23704e+07,1.2033e+07,337365,1,0,0,0.25,0.25,337365,0.025,2.55173e+07,-0.049965
2026-04-15,1.23702e+07,1.23702e+07,0,0,0,0,0,0,0,0,2.58168e+07,-0.0499794
2026-04-16,1.23702e+07,1.23702e+07,0,0,0,0,0,0,0,0,2.6105e+07,-0.0499794
2026-04-17,1.23702e+07,1.23702e+07,0,0,0,0,0,0,0,0,2.58746e+07,-0.0499794
2026-04-20,1.23702e+07,1.23702e+07,0,0,0,0,0,0,0,0,2.59832e+07,-0.0499794
2026-04-21,1.23702e+07,1.23702e+07,0,0,0,0,0,0,0,0,2.64376e+07,-0.0499794
2026-04-22,1.23702e+07,1.23702e+07,0,0,0,0,0,0,0,0,2.66297e+07,-0.0499794
2026-04-23,1.23702e+07,1.23702e+07,0,0,0,0,0,0,0,0,2.65142e+07,-0.0499794
2026-04-24,1.23702e+07,1.23702e+07,0,0,0,0,0,0,0,0,2.73707e+07,-0.0499794
2026-04-27,1.23702e+07,1.23702e+07,0,0,0,0,0,0,0,0,2.78517e+07,-0.0499794
2026-04-28,1.23702e+07,1.23702e+07,0,0,0,0,0,0,0,0,2.7785e+07,-0.0499794
2026-04-29,1.23593e+07,1.20603e+07,299058,1,0,0,0.25,0.25,299058,0.025,2.76316e+07,-0.0508159
2026-04-30,1.23411e+07,1.20406e+07,300577,1,0,0,0.25,0.25,300577,0.025,2.73666e+07,-0.0522134
2026-05-04,1.23497e+07,1.17313e+07,618333,2,0,0,0.5,0.5,618333,0.05,2.8617e+07,-0.051558
2026-05-05,1.23704e+07,1.17313e+07,639033,2,0,0,0.5,0.5,639033,0.05,2.86621e+07,-0.0499683
2026-05-06,1.2379e+07,1.20374e+07,341604,0,1,0,0.25,0,0,0.025,2.89219e+07,-0.0493054
2026-05-07,1.23995e+07,1.11069e+07,1.29258e+06,0,0,1,1,0,0,0.1,2.94808e+07,-0.0477341
2026-05-08,1.23325e+07,1.11069e+07,1.22562e+06,0,0,1,1,0,0,0.1,2.92489e+07,-0.0528764
2026-05-11,1.24548e+07,1.11069e+07,1.34789e+06,0,0,1,1,0,0,0.1,2.93797e+07,-0.0434861
2026-05-12,1.25538e+07,1.11069e+07,1.44687e+06,0,0,1,1,0,0,0.1,2.94558e+07,-0.0358845
2026-05-13,1.25043e+07,1.11069e+07,1.39738e+06,0,0,1,1,0,0,0.1,2.90876e+07,-0.0396853
2026-05-14,1.25538e+07,1.11069e+07,1.44687e+06,0,0,1,1,0,0,0.1,2.93528e+07,-0.0358845
2026-05-15,1.24344e+07,1.11069e+07,1.32751e+06,0,0,1,1,0,0,0.1,2.89455e+07,-0.0450512
2026-05-18,1.24107e+07,1.24107e+07,0,0,0,0,0,0,0,0,2.87482e+07,-0.04687
2026-05-19,1.24134e+07,1.20997e+07,313621,1,0,0,0.25,0.25,313621,0.025,2.82447e+07,-0.0466661
2026-05-20,1.24315e+07,1.20997e+07,331778,1,0,0,0.25,0.25,331778,0.025,2.81359e+07,-0.0452717
2026-05-21,1.24392e+07,1.17883e+07,650955,2,0,0,0.5,0.5,650955,0.05,2.90831e+07,-0.0446811
2026-05-22,1.24267e+07,1.17883e+07,638476,2,0,0,0.5,0.5,638476,0.05,2.97157e+07,-0.0456395
2026-05-25,1.24306e+07,1.20942e+07,336317,1,0,0,0.25,0.25,336317,0.025,3.06834e+07,-0.0453451
2026-05-26,1.2464e+07,1.20942e+07,369742,1,0,0,0.25,0.25,369742,0.025,3.05997e+07,-0.042778
2026-05-27,1.24656e+07,1.20942e+07,371393,1,0,0,0.25,0.25,371393,0.025,3.11139e+07,-0.0426513
2026-05-28,1.24661e+07,1.20942e+07,371805,1,0,0,0.25,0.25,371805,0.025,3.06778e+07,-0.0426196
2026-05-29,1.24661e+07,1.20942e+07,371805,1,0,0,0.25,0.25,371805,0.025,3.14487e+07,-0.0426196
2026-06-01,1.24632e+07,1.20942e+07,368917,1,0,0,0.25,0.25,368917,0.025,3.1874e+07,-0.0428414
2026-06-02,1.24681e+07,1.20942e+07,373869,1,0,0,0.25,0.25,373869,0.025,3.20282e+07,-0.0424611
2026-06-03,1.24681e+07,1.20942e+07,373869,1,0,0,0.25,0.25,373869,0.025,3.26622e+07,-0.0424611
2026-06-04,1.2504e+07,1.20942e+07,409770,1,0,0,0.25,0.25,409770,0.025,3.21127e+07,-0.0397039
2026-06-05,1.24731e+07,1.20942e+07,378821,1,0,0,0.25,0.25,378821,0.025,3.16863e+07,-0.0420808
2026-06-08,1.24557e+07,1.20942e+07,361489,1,0,0,0.25,0.25,361489,0.025,3.05838e+07,-0.0434119
2026-06-09,1.24545e+07,1.20942e+07,360251,1,0,0,0.25,0.25,360251,0.025,3.14286e+07,-0.0435069
2026-06-10,1.24429e+07,1.20942e+07,348697,1,0,0,0.25,0.25,348697,0.025,3.03889e+07,-0.0443943
2026-06-11,1.24524e+07,1.20942e+07,358188,1,0,0,0.25,0.25,358188,0.025,3.03354e+07,-0.0436654
2026-06-12,1.24629e+07,1.17822e+07,680689,2,0,0,0.5,0.5,680689,0.05,3.10522e+07,-0.0428598
2026-06-15,1.24596e+07,1.17822e+07,677348,2,0,0,0.5,0.5,677348,0.05,3.19155e+07,-0.0431163
2026-06-16,1.24707e+07,1.21502e+07,320506,1,0,0,0.25,0.25,320506,0.025,3.22053e+07,-0.0422604
2026-06-17,1.24622e+07,1.21502e+07,311959,1,0,0,0.25,0.25,311959,0.025,3.22532e+07,-0.0429168
2026-06-18,1.24567e+07,1.21513e+07,305395,1,0,0,0.25,0.25,305395,0.025,3.26665e+07,-0.0433396
2026-06-22,1.24502e+07,1.21513e+07,298935,1,0,0,0.25,0.25,298935,0.025,3.35638e+07,-0.0438357
2026-06-23,1.24509e+07,1.24509e+07,0,0,0,0,0,0,0,0,3.31132e+07,-0.04378
2026-06-24,1.24509e+07,1.24509e+07,0,0,0,0,0,0,0,0,3.23701e+07,-0.04378
2026-06-25,1.24509e+07,1.24509e+07,0,0,0,0,0,0,0,0,3.25189e+07,-0.04378
2026-06-26,1.24509e+07,1.24509e+07,0,0,0,0,0,0,0,0,3.13353e+07,-0.04378
2026-06-29,1.24466e+07,1.2139e+07,307675,1,0,0,0.25,0.25,307675,0.025,3.16363e+07,-0.0441102
2026-06-30,1.24523e+07,1.2139e+07,313320,1,0,0,0.25,0.25,313320,0.025,3.2428e+07,-0.0436766
2026-07-01,1.2441e+07,1.2139e+07,302029,1,0,0,0.25,0.25,302029,0.025,3.30558e+07,-0.0445438
2026-07-02,1.24471e+07,1.24471e+07,0,0,0,0,0,0,0,0,3.28626e+07,-0.0440785
2026-07-03,1.24565e+07,1.18233e+07,633165,2,0,0,0.5,0.5,633165,0.05,3.28882e+07,-0.0433557
2026-07-06,1.24599e+07,1.21253e+07,334553,1,0,0,0.25,0.25,334553,0.025,3.27306e+07,-0.0430957
2026-07-07,1.24634e+07,1.21253e+07,338131,0,1,0,0.25,0,0,0.025,3.19732e+07,-0.042821
2026-07-08,1.24286e+07,1.11884e+07,1.24013e+06,0,0,1,1,0,0,0.1,3.21527e+07,-0.0454983
2026-07-09,1.24286e+07,1.11884e+07,1.24013e+06,0,0,1,1,0,0,0.1,3.18857e+07,-0.0454983
2026-07-13,1.24005e+07,1.0877e+07,1.52348e+06,1,0,1,1.25,0.25,314771,0.125,3.19039e+07,-0.0476532
2026-07-14,1.23606e+07,1.05663e+07,1.79433e+06,2,0,1,1.5,0.5,612076,0.15,3.14522e+07,-0.0507145
2026-07-15,1.24159e+07,1.05663e+07,1.84957e+06,2,0,1,1.5,0.5,642512,0.15,3.20804e+07,-0.0464722
2026-07-16,1.24256e+07,1.05663e+07,1.85925e+06,1,1,1,1.5,0.25,306595,0.15,3.20758e+07,-0.0457288
2026-07-17,1.23646e+07,1.07727e+07,1.59187e+06,1,0,1,1.25,0.25,295074,0.125,2.99992e+07,-0.0504096
2026-07-20,1.22234e+07,1.075e+07,1.4734e+06,1,0,1,1.25,0.25,305663,0.125,2.98435e+07,-0.0612585
2026-07-21,1.22055e+07,1.04437e+07,1.76182e+06,2,0,1,1.5,0.5,626733,0.15,3.10971e+07,-0.0626298
2026-07-22,1.23148e+07,1.04437e+07,1.87112e+06,2,0,1,1.5,0.5,622528,0.15,3.15139e+07,-0.0542353
2026-07-23,1.23139e+07,1.07509e+07,1.56305e+06,1,0,1,1.25,0.25,316005,0.125,3.15315e+07,-0.054304
2026-07-24,1.23249e+07,1.04423e+07,1.88261e+06,2,0,1,1.5,0.5,613796,0.15,3.06907e+07,-0.0534577
2026-07-27,1.22047e+07,1.04423e+07,1.76238e+06,2,0,1,1.5,0.5,619521,0.15,3.06762e+07,-0.0626907
2026-07-28,1.20854e+07,1.04423e+07,1.64307e+06,2,0,1,1.5,0.5,613721,0.15,2.92485e+07,-0.0718536
2026-07-29,1.20574e+07,1.17372e+07,320219,1,0,0,0.25,0.25,320219,0.025,2.81488e+07,-0.0740029
2026-07-30,1.20663e+07,1.14351e+07,631178,1,1,0,0.5,0.25,304448,0.05,2.80744e+07,-0.0733236
2026-07-31,1.21105e+07,1.02257e+07,1.88474e+06,2,0,1,1.5,0.5,615171,0.15,3.03145e+07,-0.0699271
2026-08-03,1.20814e+07,1.05292e+07,1.55218e+06,1,0,1,1.25,0.25,301488,0.125,3.0502e+07,-0.0721615
2026-08-04,1.208e+07,1.08235e+07,1.2565e+06,0,0,1,1,0,0,0.1,3.04839e+07,-0.0722717
2026-08-05,1.20672e+07,1.02181e+07,1.84915e+06,2,0,1,1.5,0.5,576674,0.15,3.13633e+07,-0.0732474
2026-08-06,1.20628e+07,1.07831e+07,1.27974e+06,0,0,1,1,0,0,0.1,3.12123e+07,-0.0735891
2026-08-07,1.2073e+07,1.07831e+07,1.28991e+06,0,0,1,1,0,0,0.1,3.10922e+07,-0.0728082
2026-08-10,1.20613e+07,1.07831e+07,1.27829e+06,0,0,1,1,0,0,0.1,3.15863e+07,-0.0737006
2026-08-11,1.20512e+07,1.07831e+07,1.26812e+06,0,0,1,1,0,0,0.1,3.17213e+07,-0.0744815
2026-08-12,1.20381e+07,1.07831e+07,1.25505e+06,0,0,1,1,0,0,0.1,3.20006e+07,-0.0754856
2026-08-13,1.19599e+07,1.19599e+07,0,0,0,0,0,0,0,0,3.23545e+07,-0.0814943
2026-08-14,1.19599e+07,1.19599e+07,0,0,0,0,0,0,0,0,3.22066e+07,-0.0814943
2026-08-17,1.19393e+07,1.19393e+07,0,0,0,0,0,0,0,0,3.22391e+07,-0.0830752
2026-08-18,1.19129e+07,1.1341e+07,571881,2,0,0,0.5,0.5,571881,0.05,3.18534e+07,-0.0851047
2026-08-19,1.1889e+07,1.1889e+07,0,0,0,0,0,0,0,0,3.14391e+07,-0.0869392
2026-08-20,1.1879e+07,1.12932e+07,585857,2,0,0,0.5,0.5,585857,0.05,3.15898e+07,-0.0877018
2026-08-21,1.18817e+07,1.12932e+07,588529,2,0,0,0.5,0.5,588529,0.05,3.17941e+07,-0.0874965
2026-08-24,1.18484e+07,1.15634e+07,285025,1,0,0,0.25,0.25,285025,0.025,3.14693e+07,-0.0900516
2026-08-25,1.18374e+07,1.15459e+07,291493,1,0,0,0.25,0.25,291493,0.025,3.17555e+07,-0.0908974
2026-08-26,1.1842e+07,1.15459e+07,296084,1,0,0,0.25,0.25,296084,0.025,3.22218e+07,-0.0905448
2026-08-27,1.18396e+07,1.15459e+07,293648,1,0,0,0.25,0.25,293648,0.025,3.2322e+07,-0.0907319
2026-08-28,1.18388e+07,1.15459e+07,292829,1,0,0,0.25,0.25,292829,0.025,3.25725e+07,-0.0907948
2026-08-31,1.18364e+07,1.18364e+07,0,0,0,0,0,0,0,0,3.24298e+07,-0.0909798
2026-09-01,1.18297e+07,1.12432e+07,586526,2,0,0,0.5,0.5,586526,0.05,3.30064e+07,-0.0914884
2026-09-02,1.18167e+07,1.15215e+07,295171,1,0,0,0.25,0.25,295171,0.025,3.24552e+07,-0.0924913
2026-09-03,1.18247e+07,1.18247e+07,0,0,0,0,0,0,0,0,3.22394e+07,-0.0918744
