period,market_day,stock_excess,close_loc>=0.7,n,fwd20_mean,fwd20_median,fwd20_ex_mean,p_leader20,p_leader30,p_leader40,p_mae10,maxc40_p90,fwd20_p95,fwd20_p05
DISCOVERY,mkt<-1%,ex<-2%,False,3977,0.0344707,0.0155199,0.0131986,0.303244,0.175006,0.104853,0.468695,0.410417,0.296822,-0.158621
DISCOVERY,mkt<-1%,-2~0%,False,10381,0.0299022,0.0130293,0.00216876,0.23054,0.120713,0.0689788,0.394894,0.329203,0.251464,-0.134533
DISCOVERY,mkt<-1%,-2~0%,True,176,0.0152796,-0.00445937,-0.00771186,0.278409,0.113636,0.0738636,0.517045,0.316821,0.276129,-0.176816
DISCOVERY,mkt<-1%,0~2%,False,11186,0.0143675,0.00334728,-0.0046753,0.176828,0.0961023,0.0542643,0.372609,0.292624,0.20724,-0.130872
DISCOVERY,mkt<-1%,0~2%,True,1855,0.00918517,-4.75752e-09,-0.0106014,0.17755,0.0863465,0.0464112,0.375607,0.283705,0.191014,-0.140758
DISCOVERY,mkt<-1%,2~4%,False,2751,0.00716617,-0.00640135,-0.0102717,0.195636,0.102182,0.0603636,0.476364,0.303296,0.23021,-0.163129
DISCOVERY,mkt<-1%,2~4%,True,1984,0.0106518,-0.00470286,-0.000792022,0.186996,0.105847,0.0660282,0.419859,0.305692,0.244177,-0.148872
DISCOVERY,mkt<-1%,4~6%,False,510,0.0168125,-0.00998927,-0.0013489,0.290196,0.172549,0.109804,0.562745,0.409704,0.291202,-0.17771
DISCOVERY,mkt<-1%,4~6%,True,668,0.0140826,-0.00472582,-0.00246994,0.245509,0.146707,0.0898204,0.522455,0.379866,0.288196,-0.179462
DISCOVERY,mkt<-1%,ex>6%,False,220,0.0364103,-0.0138645,0.0207139,0.372727,0.222727,0.140909,0.636364,0.548367,0.440115,-0.188088
DISCOVERY,mkt<-1%,ex>6%,True,766,0.00663307,-0.0231147,-0.0121152,0.29765,0.190601,0.133159,0.64752,0.476566,0.37482,-0.223678
DISCOVERY,-1%~-0.3%,ex<-2%,False,8555,0.0141915,-0.00859599,-0.01138,0.264702,0.150707,0.0896761,0.49772,0.378267,0.274395,-0.165073
DISCOVERY,-1%~-0.3%,-2~0%,False,20944,0.00919407,-0.00653595,-0.00924588,0.184249,0.0972826,0.0561154,0.38722,0.29465,0.211977,-0.132532
DISCOVERY,-1%~-0.3%,-2~0%,True,477,0.017816,-0.00505562,0.00191846,0.230608,0.125786,0.0566038,0.410901,0.338334,0.236436,-0.15696
DISCOVERY,-1%~-0.3%,0~2%,False,16183,0.00557707,-0.00601806,-0.0113588,0.169675,0.0876499,0.0490172,0.372358,0.278947,0.194316,-0.139252
DISCOVERY,-1%~-0.3%,0~2%,True,5079,0.0140864,0.00116144,-0.00261334,0.167816,0.0882411,0.052984,0.297814,0.278222,0.19172,-0.115947
DISCOVERY,-1%~-0.3%,2~4%,False,2835,-0.00167031,-0.0228448,-0.0195203,0.220183,0.117502,0.0741002,0.547989,0.326546,0.245396,-0.175209
DISCOVERY,-1%~-0.3%,2~4%,True,2516,0.0149627,-0.00760214,-0.00332851,0.22973,0.129173,0.0763116,0.423291,0.343408,0.248541,-0.148369
DISCOVERY,-1%~-0.3%,4~6%,False,751,-0.00104583,-0.0291667,-0.0185205,0.276964,0.173103,0.110519,0.573901,0.424658,0.282219,-0.188942
DISCOVERY,-1%~-0.3%,4~6%,True,936,-0.0070473,-0.0289057,-0.0229972,0.239316,0.151709,0.0961538,0.590812,0.391454,0.276931,-0.206793
DISCOVERY,-1%~-0.3%,ex>6%,False,234,0.0402035,-0.0110837,0.022934,0.360515,0.257511,0.184549,0.630901,0.511569,0.450602,-0.197545
DISCOVERY,-1%~-0.3%,ex>6%,True,1663,-0.00241737,-0.0424528,-0.0207917,0.310283,0.199038,0.132892,0.695129,0.471365,0.377316,-0.22604
DISCOVERY,flat±0.3%,ex<-2%,False,13283,0.0145344,-0.00369004,-0.00129694,0.252655,0.146321,0.0899917,0.481587,0.372113,0.267861,-0.167032
DISCOVERY,flat±0.3%,ex<-2%,True,137,0.0168009,0.00296296,0.00138332,0.270073,0.182482,0.109489,0.416058,0.406131,0.249007,-0.178135
DISCOVERY,flat±0.3%,-2~0%,False,36427,0.0123497,-0.00179211,-0.00275763,0.183011,0.0972436,0.0562816,0.347326,0.296296,0.203606,-0.133086
DISCOVERY,flat±0.3%,-2~0%,True,2888,0.0157797,0.00547453,0.00108056,0.171745,0.0986842,0.0560942,0.328947,0.298309,0.196003,-0.126642
DISCOVERY,flat±0.3%,0~2%,False,21513,0.0112459,-0.00459593,-0.00559941,0.198838,0.107857,0.0627615,0.383496,0.31307,0.223404,-0.141224
DISCOVERY,flat±0.3%,0~2%,True,14408,0.0144117,0.0020202,-0.000800298,0.173249,0.0887069,0.0516416,0.312626,0.280113,0.197466,-0.127362
DISCOVERY,flat±0.3%,2~4%,False,3838,0.0111481,-0.0129534,-0.00449501,0.26479,0.154287,0.0966901,0.513683,0.392892,0.279537,-0.175376
DISCOVERY,flat±0.3%,2~4%,True,5823,0.0132872,-0.00636943,-0.00218126,0.239052,0.135325,0.0807144,0.461446,0.355669,0.255374,-0.160626
DISCOVERY,flat±0.3%,4~6%,False,1188,0.0158897,-0.0172044,0.00166679,0.296296,0.186027,0.111953,0.571549,0.426428,0.370099,-0.205437
DISCOVERY,flat±0.3%,4~6%,True,2272,0.0111126,-0.0123641,-0.00449682,0.264085,0.160651,0.0994718,0.538732,0.398159,0.282255,-0.186438
DISCOVERY,flat±0.3%,ex>6%,False,322,0.0212855,-0.00728664,0.00736239,0.372671,0.245342,0.170807,0.531056,0.545796,0.378116,-0.224941
DISCOVERY,flat±0.3%,ex>6%,True,3323,0.0043476,-0.0338983,-0.00775097,0.325308,0.219079,0.15498,0.634066,0.513268,0.381506,-0.239992
DISCOVERY,+0.3%~+1%,ex<-2%,False,13781,0.0160197,-0.00601023,-0.00870169,0.243341,0.1421,0.085565,0.476014,0.367285,0.268744,-0.160424
DISCOVERY,+0.3%~+1%,ex<-2%,True,170,0.0212697,0.0151186,0.000915552,0.229412,0.117647,0.0941176,0.411765,0.352753,0.226842,-0.172326
DISCOVERY,+0.3%~+1%,-2~0%,False,32684,0.0164205,0.00232832,-0.00539005,0.185446,0.0988127,0.0575311,0.331997,0.298036,0.208543,-0.127349
DISCOVERY,+0.3%~+1%,-2~0%,True,4446,0.0155199,0.00456621,-0.00610968,0.150731,0.0760405,0.0407199,0.263442,0.256281,0.178912,-0.114344
DISCOVERY,+0.3%~+1%,0~2%,False,12486,0.0149872,-0.00272122,-0.00450023,0.221528,0.123498,0.0742432,0.396925,0.337437,0.241126,-0.146208
DISCOVERY,+0.3%~+1%,0~2%,True,11228,0.020971,0.00738826,-0.000929274,0.192054,0.0966506,0.0499733,0.291199,0.294633,0.211068,-0.120456
DISCOVERY,+0.3%~+1%,2~4%,False,2430,0.0144912,-0.0115473,-0.00401784,0.294772,0.162618,0.102923,0.496912,0.405934,0.288444,-0.1792
DISCOVERY,+0.3%~+1%,2~4%,True,4026,0.0225617,0.00529635,0.000547969,0.263289,0.147789,0.088922,0.416294,0.376596,0.268526,-0.158611
DISCOVERY,+0.3%~+1%,4~6%,False,747,0.0130438,-0.0144395,-0.0081636,0.298527,0.191432,0.117805,0.543507,0.415196,0.312559,-0.198082
DISCOVERY,+0.3%~+1%,4~6%,True,1623,0.0263818,-0.00151976,0.00559481,0.302526,0.18854,0.124461,0.503389,0.451235,0.333333,-0.173518
DISCOVERY,+0.3%~+1%,ex>6%,False,145,0.054296,0.0168067,0.0368333,0.406897,0.268966,0.206897,0.455172,0.626021,0.396343,-0.237092
DISCOVERY,+0.3%~+1%,ex>6%,True,2689,0.0165244,-0.0225499,-0.0037499,0.34561,0.233631,0.153646,0.613467,0.511338,0.380002,-0.228245
DISCOVERY,mkt>+1%,ex<-2%,False,13302,0.0147394,-0.00253486,0.00156124,0.232632,0.128496,0.0762406,0.491353,0.345332,0.265134,-0.174015
DISCOVERY,mkt>+1%,ex<-2%,True,519,0.0383419,0.0282132,-0.00191431,0.210019,0.0963391,0.0539499,0.242775,0.295724,0.225475,-0.116332
DISCOVERY,mkt>+1%,-2~0%,False,16551,0.0132777,-1.11022e-16,-0.00132845,0.182961,0.0945015,0.0538369,0.38435,0.290926,0.216167,-0.142199
DISCOVERY,mkt>+1%,-2~0%,True,4769,0.0198125,0.00816328,-0.00397728,0.162718,0.0809394,0.0450828,0.284756,0.268107,0.190427,-0.115979
DISCOVERY,mkt>+1%,0~2%,False,4579,0.0192863,-0.00127714,0.00333143,0.253549,0.144791,0.0877921,0.452064,0.371477,0.273545,-0.162596
DISCOVERY,mkt>+1%,0~2%,True,5261,0.0178781,0.00362327,-0.00248482,0.186466,0.0954191,0.0551226,0.360388,0.293578,0.216849,-0.136076
DISCOVERY,mkt>+1%,2~4%,False,1139,0.0145239,-0.00818554,-0.00115856,0.298507,0.167691,0.104478,0.531168,0.410267,0.304021,-0.188339
DISCOVERY,mkt>+1%,2~4%,True,2158,0.0180584,-0.00333203,-0.00171943,0.248378,0.135774,0.0769231,0.468953,0.355155,0.271684,-0.161155
DISCOVERY,mkt>+1%,4~6%,False,286,0.0124014,-0.0187893,0.00220174,0.293706,0.185315,0.0874126,0.594406,0.376523,0.290994,-0.188433
DISCOVERY,mkt>+1%,4~6%,True,1091,0.0286074,0.00252208,0.0125698,0.327223,0.20165,0.12374,0.472961,0.441753,0.328578,-0.184272
DISCOVERY,mkt>+1%,ex>6%,False,61,0.0176072,-0.0193548,0.0106862,0.377049,0.311475,0.196721,0.688525,0.714286,0.377517,-0.23913
DISCOVERY,mkt>+1%,ex>6%,True,1704,0.0145199,-0.0222222,0.00103331,0.363263,0.225939,0.150235,0.627934,0.500891,0.383857,-0.236704
DISCOVERY,REGIME:MARKET_DOWN,cex10_Q1,,3220,0.0574899,0.0361688,0.0240239,0.270354,0.140149,0.072716,0.254506,0.350219,0.279015,-0.100036
DISCOVERY,REGIME:MARKET_DOWN,cex10_Q2,,2667,0.0509538,0.0354906,0.0197029,0.207349,0.104237,0.0494938,0.200225,0.303844,0.233923,-0.0847136
DISCOVERY,REGIME:MARKET_DOWN,cex10_Q3,,2491,0.046678,0.029106,0.0132189,0.186672,0.0887194,0.0461662,0.170614,0.283019,0.223471,-0.0813913
DISCOVERY,REGIME:MARKET_DOWN,cex10_Q4,,2497,0.0479115,0.0288248,0.012782,0.204245,0.0973168,0.0548658,0.193833,0.298645,0.244009,-0.08909
DISCOVERY,REGIME:MARKET_DOWN,cex10_Q5,,2315,0.0373106,0.0196721,0.00609815,0.269114,0.139525,0.0898488,0.381425,0.378659,0.28466,-0.152551
DISCOVERY,REGIME:MARKET_SIDEWAYS,cex10_Q1,,35269,0.0178339,0.00249688,-0.00529687,0.232006,0.124213,0.0690829,0.388322,0.336955,0.234038,-0.142857
DISCOVERY,REGIME:MARKET_SIDEWAYS,cex10_Q2,,37758,0.0179574,0.00454545,-0.006975,0.18826,0.0974014,0.0530317,0.320813,0.296117,0.204684,-0.122477
DISCOVERY,REGIME:MARKET_SIDEWAYS,cex10_Q3,,40787,0.0166118,0.00359066,-0.00571027,0.171113,0.08872,0.0498774,0.297719,0.280495,0.197135,-0.11991
DISCOVERY,REGIME:MARKET_SIDEWAYS,cex10_Q4,,42374,0.0182537,0.00171234,-0.00360291,0.195695,0.105695,0.0607548,0.339085,0.308824,0.224549,-0.127376
DISCOVERY,REGIME:MARKET_SIDEWAYS,cex10_Q5,,40222,0.0186567,-0.00952381,-0.00206882,0.278844,0.169137,0.106997,0.517307,0.415525,0.323113,-0.178947
DISCOVERY,REGIME:MARKET_UP,cex10_Q1,,29118,0.00169396,-0.0107643,-0.00932204,0.181259,0.0965205,0.0571566,0.517089,0.293698,0.206996,-0.162133
DISCOVERY,REGIME:MARKET_UP,cex10_Q2,,27182,0.00392049,-0.00621119,-0.0065546,0.161479,0.0842163,0.0490802,0.402943,0.272868,0.18968,-0.148202
DISCOVERY,REGIME:MARKET_UP,cex10_Q3,,24329,0.00572044,-0.00621891,-0.00410228,0.170031,0.0872765,0.0513464,0.37665,0.278361,0.195153,-0.145752
DISCOVERY,REGIME:MARKET_UP,cex10_Q4,,22736,0.0077421,-0.00909989,-0.00270422,0.210899,0.114268,0.0669423,0.423865,0.324037,0.226266,-0.153954
DISCOVERY,REGIME:MARKET_UP,cex10_Q5,,25070,0.00922196,-0.0208333,-0.00182092,0.307033,0.193426,0.129283,0.575571,0.467354,0.328508,-0.205037
STRICT_OOS,mkt<-1%,ex<-2%,False,11769,0.0504744,0.020202,0.00548531,0.42057,0.277057,0.190174,0.574667,0.594423,0.422545,-0.214721
STRICT_OOS,mkt<-1%,ex<-2%,True,313,0.0451684,0.0267857,0.00286115,0.392283,0.244373,0.160772,0.665595,0.568233,0.319718,-0.208706
STRICT_OOS,mkt<-1%,-2~0%,False,15243,0.0305121,0.00961538,-0.0075171,0.308325,0.184829,0.118863,0.499654,0.441571,0.307932,-0.189577
STRICT_OOS,mkt<-1%,-2~0%,True,921,-0.00542576,-0.0227001,-0.021441,0.312775,0.200441,0.136564,0.603524,0.493286,0.35,-0.275401
STRICT_OOS,mkt<-1%,0~2%,False,14122,0.0208046,0.00521738,-0.01603,0.22662,0.132645,0.0840994,0.435615,0.360055,0.264234,-0.174917
STRICT_OOS,mkt<-1%,0~2%,True,2942,0.000925186,-0.00867683,-0.0162391,0.20599,0.126004,0.0894814,0.506939,0.366447,0.262309,-0.23381
STRICT_OOS,mkt<-1%,2~4%,False,4315,0.0245669,0.00655738,-0.0210897,0.242927,0.145122,0.0982927,0.436585,0.393114,0.289105,-0.175824
STRICT_OOS,mkt<-1%,2~4%,True,2791,0.0126203,0.00249377,-0.0124691,0.196702,0.116215,0.0828426,0.448763,0.342709,0.250997,-0.18882
STRICT_OOS,mkt<-1%,4~6%,False,1217,0.025005,-0.00480036,-0.0227347,0.294728,0.182368,0.135696,0.535869,0.500077,0.417998,-0.224912
STRICT_OOS,mkt<-1%,4~6%,True,1088,0.0232798,-0.00282142,-0.011283,0.273705,0.172043,0.117302,0.527859,0.434028,0.368813,-0.204545
STRICT_OOS,mkt<-1%,ex>6%,False,538,0.0287981,-0.0215517,-0.0196552,0.350806,0.254032,0.185484,0.618952,0.592977,0.461496,-0.246078
STRICT_OOS,mkt<-1%,ex>6%,True,1786,0.0283453,-0.0106767,-0.0137966,0.38115,0.279194,0.212211,0.673385,0.678002,0.487874,-0.269318
STRICT_OOS,-1%~-0.3%,ex<-2%,False,8660,0.0237845,-0.00560224,-0.0145795,0.343231,0.239627,0.168698,0.594398,0.568383,0.399227,-0.249145
STRICT_OOS,-1%~-0.3%,ex<-2%,True,82,0.00686592,-0.0427148,-0.0466502,0.402597,0.311688,0.168831,0.61039,0.603185,0.435464,-0.21869
STRICT_OOS,-1%~-0.3%,-2~0%,False,15582,0.00306745,-0.0123697,-0.0220715,0.245466,0.153288,0.102854,0.502292,0.407391,0.283717,-0.233301
STRICT_OOS,-1%~-0.3%,-2~0%,True,693,0.0305186,-0.00169492,-0.0172079,0.339422,0.232877,0.164384,0.515982,0.556463,0.37412,-0.188629
STRICT_OOS,-1%~-0.3%,0~2%,False,12365,0.000557043,-0.0102389,-0.0235354,0.21144,0.131328,0.0851655,0.482099,0.361702,0.263277,-0.226415
STRICT_OOS,-1%~-0.3%,0~2%,True,4653,0.00515785,-0.00724638,-0.0245239,0.213225,0.125956,0.0820963,0.450967,0.357026,0.247456,-0.189687
STRICT_OOS,-1%~-0.3%,2~4%,False,2550,0.00771655,-0.0215749,-0.0235331,0.2986,0.203048,0.142092,0.598435,0.508476,0.374203,-0.249254
STRICT_OOS,-1%~-0.3%,2~4%,True,2722,0.0077503,-0.0141094,-0.0207256,0.275676,0.173359,0.117375,0.530502,0.441394,0.325814,-0.221241
STRICT_OOS,-1%~-0.3%,4~6%,False,770,0.0134015,-0.0209549,-0.023801,0.346521,0.234652,0.160982,0.6603,0.532142,0.409792,-0.25508
STRICT_OOS,-1%~-0.3%,4~6%,True,1031,0.0134509,-0.0169492,-0.0175935,0.349949,0.240081,0.159715,0.582909,0.531797,0.391622,-0.260194
STRICT_OOS,-1%~-0.3%,ex>6%,False,344,0.00150678,-0.0397962,-0.0401508,0.380805,0.260062,0.173375,0.693498,0.598828,0.445185,-0.286156
STRICT_OOS,-1%~-0.3%,ex>6%,True,2101,0.0184587,-0.0287929,-0.0202096,0.416044,0.316393,0.243149,0.692576,0.713047,0.493298,-0.295
STRICT_OOS,flat±0.3%,ex<-2%,False,10019,0.0345058,0.00114301,0.00536508,0.338902,0.233293,0.159174,0.531592,0.538529,0.381169,-0.184712
STRICT_OOS,flat±0.3%,ex<-2%,True,88,0.0798261,0.0640649,0.072845,0.569767,0.44186,0.325581,0.5,0.868955,0.515575,-0.271806
STRICT_OOS,flat±0.3%,-2~0%,False,19160,0.0218191,0.00324502,-0.00750753,0.248321,0.153826,0.0994659,0.402358,0.398438,0.270268,-0.154168
STRICT_OOS,flat±0.3%,-2~0%,True,1368,0.022649,0.00587625,-0.00147076,0.299851,0.180804,0.120536,0.446429,0.446013,0.276542,-0.166481
STRICT_OOS,flat±0.3%,0~2%,False,11843,0.0193989,-0.00138695,-0.00650097,0.262023,0.162432,0.108544,0.42633,0.420487,0.287417,-0.170332
STRICT_OOS,flat±0.3%,0~2%,True,6802,0.0142907,-0.00157738,-0.006641,0.232548,0.140811,0.090543,0.404535,0.374447,0.253965,-0.167362
STRICT_OOS,flat±0.3%,2~4%,False,2597,0.0380342,0.00555558,0.0141168,0.364344,0.247178,0.172051,0.519268,0.569615,0.373712,-0.188166
STRICT_OOS,flat±0.3%,2~4%,True,3569,0.0238773,-0.00452489,0.00374013,0.318634,0.205405,0.143385,0.49872,0.486626,0.364029,-0.194404
STRICT_OOS,flat±0.3%,4~6%,False,951,0.0484843,0.00310559,0.0166397,0.404255,0.281915,0.203191,0.562766,0.641178,0.454037,-0.201515
STRICT_OOS,flat±0.3%,4~6%,True,1499,0.0320571,-0.00552486,0.0118203,0.392103,0.271613,0.189925,0.576583,0.621925,0.418174,-0.216369
STRICT_OOS,flat±0.3%,ex>6%,False,337,0.0766891,0.0296392,0.0418024,0.523952,0.401198,0.281437,0.577844,0.844152,0.572143,-0.227991
STRICT_OOS,flat±0.3%,ex>6%,True,2930,0.0616634,0.00188547,0.0340025,0.493763,0.366944,0.279626,0.646223,0.836723,0.537866,-0.241057
STRICT_OOS,+0.3%~+1%,ex<-2%,False,11929,0.00805496,-0.0162785,-0.0152075,0.279089,0.172795,0.115532,0.596963,0.441611,0.318973,-0.221162
STRICT_OOS,+0.3%~+1%,ex<-2%,True,157,0.00985541,-0.00729927,-0.0228654,0.324561,0.175439,0.114035,0.614035,0.423419,0.323871,-0.188973
STRICT_OOS,+0.3%~+1%,-2~0%,False,21504,0.00627248,-0.00561798,-0.013772,0.209407,0.123386,0.0760468,0.462964,0.343458,0.24045,-0.187934
STRICT_OOS,+0.3%~+1%,-2~0%,True,2720,0.017596,0.00464577,-0.0111188,0.183326,0.111742,0.0715845,0.419467,0.32753,0.241403,-0.140168
STRICT_OOS,+0.3%~+1%,0~2%,False,8491,0.00709811,-0.0135135,-0.0139564,0.257209,0.160481,0.104229,0.522824,0.410857,0.280105,-0.205642
STRICT_OOS,+0.3%~+1%,0~2%,True,6544,0.015679,0.00105264,-0.010186,0.208795,0.121349,0.0745217,0.442095,0.336479,0.237899,-0.161664
STRICT_OOS,+0.3%~+1%,2~4%,False,2050,0.0134735,-0.0192308,-0.0125292,0.332797,0.228663,0.150832,0.61621,0.513866,0.353925,-0.219968
STRICT_OOS,+0.3%~+1%,2~4%,True,2844,0.0222016,-0.00347443,-0.00357162,0.300732,0.19561,0.135541,0.524066,0.489027,0.323015,-0.19361
STRICT_OOS,+0.3%~+1%,4~6%,False,692,0.0335336,-0.00413251,0.00355948,0.35861,0.251185,0.194313,0.657188,0.617375,0.453138,-0.210494
STRICT_OOS,+0.3%~+1%,4~6%,True,1345,0.0209006,-0.0145455,-0.00565034,0.334424,0.223222,0.15045,0.612428,0.499574,0.361115,-0.207511
STRICT_OOS,+0.3%~+1%,ex>6%,False,194,0.0236469,-0.0290647,-0.0116434,0.431818,0.335227,0.221591,0.653409,0.647525,0.471784,-0.285201
STRICT_OOS,+0.3%~+1%,ex>6%,True,2830,0.0244166,-0.0184776,-0.00688837,0.412544,0.29178,0.207246,0.674328,0.645154,0.463549,-0.2531
STRICT_OOS,mkt>+1%,ex<-2%,False,22127,0.0177816,-0.00879121,-0.0250639,0.273727,0.179658,0.122397,0.518101,0.460564,0.345188,-0.2
STRICT_OOS,mkt>+1%,ex<-2%,True,1400,0.0475705,0.0260029,-0.0235195,0.261974,0.138607,0.0907112,0.305515,0.372248,0.301068,-0.141001
STRICT_OOS,mkt>+1%,-2~0%,False,20667,0.0123438,-0.00729927,-0.0202912,0.241907,0.148528,0.0976213,0.481491,0.394118,0.277537,-0.177585
STRICT_OOS,mkt>+1%,-2~0%,True,6592,0.0149599,-0.00296296,-0.0203779,0.204416,0.118329,0.0743329,0.41169,0.333333,0.239312,-0.15325
STRICT_OOS,mkt>+1%,0~2%,False,7126,0.0315626,-0.000556043,-0.00749523,0.353192,0.232127,0.160635,0.529715,0.538433,0.366797,-0.201189
STRICT_OOS,mkt>+1%,0~2%,True,7290,0.02958,0.00604991,-0.00777961,0.29059,0.173354,0.111381,0.450236,0.422663,0.314561,-0.180086
STRICT_OOS,mkt>+1%,2~4%,False,2223,0.0303541,-0.01,-0.00793472,0.381364,0.274736,0.18732,0.635447,0.607378,0.417418,-0.232901
STRICT_OOS,mkt>+1%,2~4%,True,3196,0.0341913,0.00675143,-0.00416518,0.350229,0.22106,0.146501,0.536952,0.510856,0.36751,-0.209216
STRICT_OOS,mkt>+1%,4~6%,False,617,0.0482544,0.0107527,0.0047134,0.43739,0.320988,0.246914,0.671958,0.691649,0.490385,-0.269292
STRICT_OOS,mkt>+1%,4~6%,True,2176,0.0599259,0.0225225,0.00459843,0.445087,0.321291,0.234586,0.595376,0.691613,0.494216,-0.236594
STRICT_OOS,mkt>+1%,ex>6%,False,259,0.0196575,-0.0234827,-0.0180431,0.45679,0.36214,0.271605,0.748971,0.713948,0.555724,-0.340138
STRICT_OOS,mkt>+1%,ex>6%,True,3816,0.0253402,-0.0171994,-0.0112458,0.413478,0.300055,0.22518,0.726012,0.691845,0.518908,-0.305542
STRICT_OOS,REGIME:MARKET_DOWN,cex10_Q1,,2722,0.0447967,0.0521889,0.0195729,0.463603,0.29375,0.186765,0.504412,0.532954,0.42991,-0.290493
STRICT_OOS,REGIME:MARKET_DOWN,cex10_Q2,,3432,-0.0792411,-0.109037,-0.0335458,0.20338,0.113054,0.0652681,0.762529,0.321416,0.224357,-0.313252
STRICT_OOS,REGIME:MARKET_DOWN,cex10_Q3,,4072,-0.102544,-0.126667,-0.0336716,0.136576,0.0749202,0.0483911,0.800049,0.246622,0.175146,-0.314833
STRICT_OOS,REGIME:MARKET_DOWN,cex10_Q4,,4832,-0.0809963,-0.0918367,-0.0184902,0.149451,0.0840406,0.058787,0.715587,0.270037,0.171502,-0.297026
STRICT_OOS,REGIME:MARKET_DOWN,cex10_Q5,,4142,-0.0315067,-0.0517639,-0.00345753,0.281643,0.200725,0.158696,0.608937,0.60426,0.38786,-0.315633
STRICT_OOS,REGIME:MARKET_SIDEWAYS,cex10_Q1,,29111,0.0349252,0.00958467,-0.011966,0.329048,0.203805,0.133544,0.519117,0.480834,0.326013,-0.188324
STRICT_OOS,REGIME:MARKET_SIDEWAYS,cex10_Q2,,32380,0.0249462,0.00970874,-0.0179379,0.25944,0.152137,0.0971074,0.403972,0.393782,0.262711,-0.166154
STRICT_OOS,REGIME:MARKET_SIDEWAYS,cex10_Q3,,36269,0.0208405,0.00653594,-0.0182335,0.234109,0.13906,0.0876063,0.39606,0.36932,0.24786,-0.158308
STRICT_OOS,REGIME:MARKET_SIDEWAYS,cex10_Q4,,38403,0.0179706,2.22045e-16,-0.0148291,0.237108,0.149426,0.0995246,0.456812,0.399015,0.275456,-0.168537
STRICT_OOS,REGIME:MARKET_SIDEWAYS,cex10_Q5,,36141,0.0251181,-0.0104822,-0.0111471,0.352564,0.250997,0.184254,0.601912,0.617906,0.426134,-0.23189
STRICT_OOS,REGIME:MARKET_UP,cex10_Q1,,29896,0.0148618,-0.0142857,-0.0212155,0.266256,0.168956,0.111442,0.545673,0.427544,0.315731,-0.176488
STRICT_OOS,REGIME:MARKET_UP,cex10_Q2,,25917,0.0141331,-0.0093458,-0.0143767,0.230139,0.141517,0.0906092,0.459405,0.375,0.27276,-0.154497
STRICT_OOS,REGIME:MARKET_UP,cex10_Q3,,21388,0.0215593,-0.00348129,-0.00851776,0.249362,0.15501,0.0999018,0.431827,0.399748,0.296039,-0.158902
STRICT_OOS,REGIME:MARKET_UP,cex10_Q4,,18494,0.0291808,-0.0024331,-0.00209187,0.304157,0.190262,0.126367,0.477563,0.457989,0.349189,-0.17505
STRICT_OOS,REGIME:MARKET_UP,cex10_Q5,,21446,0.0514351,0.00321543,0.0165144,0.425751,0.301737,0.217061,0.623361,0.656979,0.494041,-0.219292
Y2023,mkt<-1%,ex<-2%,False,2111,0.0529473,0.0328571,0.0354193,0.308858,0.180483,0.111322,0.35244,0.415948,0.317235,-0.126468
Y2023,mkt<-1%,-2~0%,False,4544,0.0334296,0.0165199,0.0162067,0.213908,0.109815,0.0622799,0.272227,0.315467,0.228283,-0.113258
Y2023,mkt<-1%,-2~0%,True,56,0.0332605,-0.0126023,0.0196369,0.25,0.142857,0.0892857,0.446429,0.34804,0.261146,-0.131636
Y2023,mkt<-1%,0~2%,False,4865,0.02392,0.010661,0.0084854,0.172456,0.0869476,0.0470709,0.24111,0.279384,0.203408,-0.106613
Y2023,mkt<-1%,0~2%,True,738,0.0202396,0.0121009,0.00538426,0.174797,0.0772358,0.0433604,0.238482,0.278959,0.177216,-0.119195
Y2023,mkt<-1%,2~4%,False,947,0.023691,0.00648654,0.0113461,0.231257,0.1151,0.0644139,0.352693,0.336498,0.238816,-0.13887
Y2023,mkt<-1%,2~4%,True,697,0.0318147,0.0134328,0.0170591,0.219512,0.121951,0.0746055,0.265423,0.333492,0.255776,-0.119856
Y2023,mkt<-1%,4~6%,False,181,0.0140098,-0.0184211,0.000478557,0.325967,0.165746,0.0883978,0.513812,0.366385,0.288089,-0.161972
Y2023,mkt<-1%,4~6%,True,212,0.0363732,0.0143086,0.019779,0.278302,0.179245,0.0896226,0.372642,0.388072,0.309147,-0.13356
Y2023,mkt<-1%,ex>6%,False,67,0.0225015,-0.00500625,0.0121777,0.358209,0.19403,0.119403,0.58209,0.422062,0.320552,-0.1695
Y2023,mkt<-1%,ex>6%,True,253,0.0169946,-0.00759878,0.00198516,0.272727,0.162055,0.118577,0.55336,0.456025,0.314959,-0.192051
Y2023,-1%~-0.3%,ex<-2%,False,4639,0.0148172,-0.00653707,-0.000184957,0.263044,0.15179,0.0901251,0.449763,0.378089,0.26369,-0.158315
Y2023,-1%~-0.3%,-2~0%,False,11308,0.00501492,-0.008619,-0.00363265,0.17131,0.0859644,0.0475811,0.350137,0.276803,0.1875,-0.129149
Y2023,-1%~-0.3%,-2~0%,True,285,0.0269138,-0.00638978,0.0180314,0.252632,0.150877,0.0736842,0.350877,0.37872,0.276065,-0.142165
Y2023,-1%~-0.3%,0~2%,False,7989,0.00365273,-0.00534284,-0.00380349,0.15348,0.075989,0.0401853,0.317476,0.259795,0.172414,-0.135275
Y2023,-1%~-0.3%,0~2%,True,2841,0.0151743,0.00491401,0.0049406,0.165435,0.0830693,0.0489264,0.244984,0.275649,0.186094,-0.110577
Y2023,-1%~-0.3%,2~4%,False,1253,-0.000936762,-0.0207182,-0.00469412,0.221069,0.122905,0.0782123,0.509976,0.329962,0.252626,-0.17342
Y2023,-1%~-0.3%,2~4%,True,1251,0.0169898,-0.00358427,0.00815027,0.231015,0.1247,0.0767386,0.389289,0.339806,0.240997,-0.139342
Y2023,-1%~-0.3%,4~6%,False,338,-0.00106313,-0.0296479,-0.00593484,0.269231,0.171598,0.109467,0.550296,0.42188,0.256615,-0.186802
Y2023,-1%~-0.3%,4~6%,True,420,-0.00601598,-0.0265456,-0.0105888,0.233333,0.140476,0.0952381,0.564286,0.381976,0.271526,-0.208901
Y2023,-1%~-0.3%,ex>6%,False,99,0.0225313,-0.0145631,0.0201019,0.323232,0.20202,0.121212,0.616162,0.420229,0.364253,-0.211756
Y2023,-1%~-0.3%,ex>6%,True,723,-0.00692153,-0.0424528,-0.0113291,0.297372,0.17704,0.112033,0.665284,0.428519,0.318648,-0.222472
Y2023,flat±0.3%,ex<-2%,False,6970,0.0203866,2.79521e-08,0.00815264,0.260944,0.15028,0.0898522,0.405627,0.372261,0.265525,-0.150789
Y2023,flat±0.3%,ex<-2%,True,82,0.0212968,0.00415528,-0.000738447,0.256098,0.170732,0.121951,0.353659,0.426442,0.246478,-0.1489
Y2023,flat±0.3%,-2~0%,False,21950,0.017323,0.00210084,0.00411848,0.183077,0.094956,0.0534925,0.291976,0.292619,0.201316,-0.118336
Y2023,flat±0.3%,-2~0%,True,1757,0.0251084,0.0135747,0.00720254,0.180421,0.102447,0.0580535,0.234491,0.302448,0.203837,-0.109684
Y2023,flat±0.3%,0~2%,False,12635,0.0149213,-0.00118624,0.000780759,0.193382,0.101797,0.0583393,0.335708,0.303374,0.215029,-0.128366
Y2023,flat±0.3%,0~2%,True,8873,0.0206806,0.00666495,0.0040161,0.175947,0.088706,0.0512849,0.247182,0.280563,0.196987,-0.113836
Y2023,flat±0.3%,2~4%,False,2102,0.0203814,-0.00480031,0.00735761,0.282112,0.156993,0.100856,0.460514,0.404087,0.285557,-0.158181
Y2023,flat±0.3%,2~4%,True,3330,0.0220515,1.10864e-09,0.00754146,0.248649,0.140841,0.0816817,0.386186,0.360236,0.266212,-0.144684
Y2023,flat±0.3%,4~6%,False,587,0.0171324,-0.0131579,0.00499469,0.277683,0.170358,0.0971039,0.519591,0.397061,0.322177,-0.185071
Y2023,flat±0.3%,4~6%,True,1202,0.0168347,-0.00721421,0.00399913,0.257072,0.150582,0.0865225,0.473378,0.377438,0.276028,-0.17747
Y2023,flat±0.3%,ex>6%,False,165,0.0280448,0.00364078,0.0171053,0.363636,0.206061,0.127273,0.436364,0.465067,0.350159,-0.211336
Y2023,flat±0.3%,ex>6%,True,1664,0.0104141,-0.0296194,0.00132253,0.323317,0.21875,0.155048,0.600361,0.51245,0.383957,-0.228475
Y2023,+0.3%~+1%,ex<-2%,False,5819,0.0115314,-0.00663717,0.00157501,0.240158,0.137356,0.0797662,0.44198,0.354133,0.248729,-0.157785
Y2023,+0.3%~+1%,ex<-2%,True,98,0.0124819,0.0187056,0.00610061,0.204082,0.122449,0.0918367,0.408163,0.335359,0.207487,-0.174331
Y2023,+0.3%~+1%,-2~0%,False,16767,0.0164503,0.00397088,0.00620925,0.175576,0.0906216,0.0505906,0.276757,0.284108,0.19405,-0.11912
Y2023,+0.3%~+1%,-2~0%,True,2499,0.0114866,0.00281691,0.00331351,0.128852,0.062425,0.0332133,0.230092,0.228407,0.162546,-0.106502
Y2023,+0.3%~+1%,0~2%,False,6695,0.0155291,-2.87128e-09,0.00617269,0.218521,0.119044,0.0690067,0.340702,0.32884,0.22409,-0.135953
Y2023,+0.3%~+1%,0~2%,True,6470,0.0212976,0.0084507,0.00989138,0.184573,0.0907405,0.0457567,0.243778,0.285889,0.201861,-0.111997
Y2023,+0.3%~+1%,2~4%,False,1212,0.0229603,-0.00336982,0.0144347,0.313531,0.165842,0.101485,0.418317,0.404251,0.26787,-0.160468
Y2023,+0.3%~+1%,2~4%,True,2263,0.024329,0.0108695,0.0113056,0.258506,0.143173,0.0839593,0.375166,0.363342,0.252469,-0.148534
Y2023,+0.3%~+1%,4~6%,False,332,0.0139508,-0.00804133,0.00536127,0.292169,0.192771,0.11747,0.487952,0.463179,0.305258,-0.192497
Y2023,+0.3%~+1%,4~6%,True,841,0.0306155,0.00274348,0.0196539,0.323424,0.192628,0.12604,0.445898,0.452542,0.313953,-0.156724
Y2023,+0.3%~+1%,ex>6%,False,77,0.040972,-0.00354021,0.0359714,0.376623,0.220779,0.155844,0.454545,0.532415,0.386537,-0.254788
Y2023,+0.3%~+1%,ex>6%,True,1213,0.0185653,-0.0190836,0.0105976,0.365512,0.240924,0.155116,0.560231,0.511923,0.330088,-0.211221
Y2023,mkt>+1%,ex<-2%,False,3154,0.0264961,0.00739958,0.0131044,0.245798,0.140184,0.0815097,0.344434,0.359537,0.252934,-0.137433
Y2023,mkt>+1%,ex<-2%,True,94,0.0257945,0.0113536,-0.0020104,0.138298,0.0851064,0.0425532,0.202128,0.229935,0.124438,-0.0898398
Y2023,mkt>+1%,-2~0%,False,6610,0.0240421,0.008658,0.00754595,0.185959,0.100469,0.0535633,0.255258,0.30008,0.217776,-0.117133
Y2023,mkt>+1%,-2~0%,True,1680,0.0306347,0.0164272,0.00701049,0.169643,0.0803571,0.0428571,0.157738,0.277081,0.200854,-0.086391
Y2023,mkt>+1%,0~2%,False,1864,0.0306063,0.00908267,0.00994962,0.254828,0.143777,0.0853004,0.334227,0.370426,0.26937,-0.134566
Y2023,mkt>+1%,0~2%,True,2190,0.0272162,0.00932308,0.00778233,0.192694,0.101826,0.056621,0.251142,0.302221,0.224365,-0.116118
Y2023,mkt>+1%,2~4%,False,398,0.021495,0.00674398,0.00306357,0.281407,0.148241,0.080402,0.424623,0.363039,0.25511,-0.176237
Y2023,mkt>+1%,2~4%,True,782,0.0277414,0.00167267,0.0112763,0.258312,0.141944,0.0805627,0.382353,0.357756,0.292135,-0.14647
Y2023,mkt>+1%,4~6%,False,108,0.013942,-0.0119197,-0.000612479,0.296296,0.175926,0.0833333,0.546296,0.338191,0.281682,-0.191799
Y2023,mkt>+1%,4~6%,True,318,0.0415658,0.0124621,0.0293366,0.320755,0.213836,0.132075,0.427673,0.490964,0.385482,-0.177578
Y2023,mkt>+1%,ex>6%,True,526,0.0222807,-0.023015,0.00948086,0.368821,0.243346,0.1673,0.574144,0.553906,0.391269,-0.223931
Y2023,REGIME:MARKET_DOWN,cex10_Q1,,2881,0.0338193,0.0237841,0.00862157,0.193056,0.0979167,0.0447917,0.260417,0.294259,0.220401,-0.10411
Y2023,REGIME:MARKET_DOWN,cex10_Q2,,2097,0.0413437,0.0276003,0.0144802,0.168813,0.0839294,0.0405341,0.189318,0.276461,0.211635,-0.0845129
Y2023,REGIME:MARKET_DOWN,cex10_Q3,,1854,0.0384441,0.0237516,0.00911803,0.16343,0.0771305,0.0409924,0.161273,0.261911,0.200657,-0.0857385
Y2023,REGIME:MARKET_DOWN,cex10_Q4,,1756,0.0398834,0.0231453,0.00920927,0.189636,0.083713,0.046697,0.186788,0.286962,0.227996,-0.0938793
Y2023,REGIME:MARKET_DOWN,cex10_Q5,,1766,0.0247093,0.0114549,0.000380522,0.265006,0.12684,0.080974,0.414496,0.357422,0.256183,-0.165505
Y2023,REGIME:MARKET_SIDEWAYS,cex10_Q1,,21539,0.0181527,0.00407608,0.00531947,0.222625,0.116746,0.0630166,0.357992,0.324074,0.229402,-0.140108
Y2023,REGIME:MARKET_SIDEWAYS,cex10_Q2,,20839,0.0166259,0.00562326,0.00346602,0.175449,0.0880603,0.0465496,0.285008,0.281108,0.195152,-0.123653
Y2023,REGIME:MARKET_SIDEWAYS,cex10_Q3,,21874,0.0154181,0.0041841,0.00290539,0.154008,0.0794275,0.0449495,0.256162,0.265017,0.183526,-0.118745
Y2023,REGIME:MARKET_SIDEWAYS,cex10_Q4,,22517,0.0164009,0.00212993,0.00365445,0.192716,0.100911,0.053964,0.308728,0.301245,0.21288,-0.130781
Y2023,REGIME:MARKET_SIDEWAYS,cex10_Q5,,21651,0.0116424,-0.0102564,0.00189359,0.27379,0.158352,0.096129,0.488544,0.391619,0.288987,-0.184874
Y2023,REGIME:MARKET_UP,cex10_Q1,,9420,0.0202982,0.00202495,0.00936634,0.21085,0.115936,0.0724068,0.347064,0.326542,0.234703,-0.118946
Y2023,REGIME:MARKET_UP,cex10_Q2,,10903,0.0166922,7.85866e-10,0.00619662,0.164465,0.0833792,0.0489818,0.249037,0.272898,0.188519,-0.105103
Y2023,REGIME:MARKET_UP,cex10_Q3,,10112,0.0153814,-5.81865e-09,0.00490508,0.169057,0.0839846,0.0464932,0.24681,0.275906,0.190528,-0.101307
Y2023,REGIME:MARKET_UP,cex10_Q4,,9566,0.0177705,-0.00312919,0.00791982,0.207088,0.112377,0.0648129,0.303262,0.321156,0.218958,-0.114275
Y2023,REGIME:MARKET_UP,cex10_Q5,,10423,0.0236016,-0.00995644,0.0137778,0.309154,0.199674,0.134331,0.46565,0.489088,0.322621,-0.162926
Y2024,mkt<-1%,ex<-2%,False,2261,0.00853097,-0.0113477,-0.0168291,0.272004,0.151703,0.0871296,0.606369,0.373214,0.26506,-0.174434
Y2024,mkt<-1%,-2~0%,False,7023,0.0210955,0.00341588,-0.0124795,0.228283,0.119624,0.0675021,0.494588,0.328347,0.253475,-0.145279
Y2024,mkt<-1%,-2~0%,True,164,-0.00225812,-0.00794785,-0.0263629,0.262195,0.0853659,0.0487805,0.518293,0.283629,0.171082,-0.191645
Y2024,mkt<-1%,0~2%,False,7589,0.00351742,-0.00893349,-0.0179935,0.171564,0.097246,0.0560021,0.468178,0.294133,0.199528,-0.142778
Y2024,mkt<-1%,0~2%,True,1365,-0.00290518,-0.0159652,-0.0247498,0.168012,0.0909758,0.0498899,0.465884,0.285472,0.187595,-0.148845
Y2024,mkt<-1%,2~4%,False,2074,-0.0036682,-0.0170648,-0.0236068,0.178003,0.0974433,0.0588519,0.541245,0.295066,0.210303,-0.173718
Y2024,mkt<-1%,2~4%,True,1461,-0.0044685,-0.0184211,-0.0150021,0.16564,0.0930869,0.0581793,0.505818,0.28924,0.215881,-0.161238
Y2024,mkt<-1%,4~6%,False,400,0.0141411,-0.00830831,-0.0064222,0.2675,0.165,0.1125,0.5925,0.413302,0.289386,-0.190132
Y2024,mkt<-1%,4~6%,True,509,-0.00134238,-0.0261866,-0.0179138,0.227898,0.131631,0.086444,0.595285,0.350556,0.266393,-0.192142
Y2024,mkt<-1%,ex>6%,False,170,0.0359992,-0.0188703,0.0178845,0.364706,0.217647,0.141176,0.658824,0.550543,0.504528,-0.192829
Y2024,mkt<-1%,ex>6%,True,589,-0.00265282,-0.0409956,-0.0231346,0.298812,0.20034,0.137521,0.697793,0.473826,0.372673,-0.234127
Y2024,-1%~-0.3%,ex<-2%,False,4960,0.00823951,-0.0154867,-0.0245722,0.252067,0.140149,0.0832829,0.569066,0.363182,0.272891,-0.171429
Y2024,-1%~-0.3%,-2~0%,False,12244,0.00882821,-0.0078125,-0.017355,0.183007,0.0995915,0.0587418,0.446814,0.299354,0.21858,-0.138783
Y2024,-1%~-0.3%,-2~0%,True,225,0.00126203,-0.00664438,-0.0226876,0.191111,0.0844444,0.0311111,0.511111,0.282012,0.207669,-0.1597
Y2024,-1%~-0.3%,0~2%,False,10272,0.00332306,-0.0103896,-0.0198197,0.17277,0.0923257,0.0535645,0.4403,0.284587,0.203782,-0.14565
Y2024,-1%~-0.3%,0~2%,True,2857,0.00730766,-0.00653595,-0.0150607,0.154116,0.0847636,0.0514886,0.376883,0.264358,0.187442,-0.128173
Y2024,-1%~-0.3%,2~4%,False,1934,-0.00635596,-0.0275692,-0.0320097,0.205898,0.10657,0.065701,0.586136,0.312278,0.225588,-0.177624
Y2024,-1%~-0.3%,2~4%,True,1677,0.0065006,-0.015625,-0.0172765,0.214669,0.125224,0.0679785,0.485987,0.336393,0.238434,-0.154096
Y2024,-1%~-0.3%,4~6%,False,515,-0.00664896,-0.0280702,-0.0306498,0.269903,0.15534,0.0990291,0.605825,0.398075,0.287551,-0.202168
Y2024,-1%~-0.3%,4~6%,True,659,-0.00881524,-0.0309735,-0.0309443,0.242792,0.156297,0.0880121,0.617602,0.378918,0.276104,-0.19858
Y2024,-1%~-0.3%,ex>6%,False,163,0.0436868,-0.0189956,0.0184404,0.376543,0.265432,0.203704,0.666667,0.562429,0.493298,-0.195663
Y2024,-1%~-0.3%,ex>6%,True,1122,-0.0038468,-0.0448946,-0.0299798,0.311052,0.208556,0.139037,0.717469,0.473472,0.37501,-0.226484
Y2024,flat±0.3%,ex<-2%,False,7974,-0.000312818,-0.0189595,-0.015169,0.229679,0.131711,0.0832915,0.574009,0.358617,0.255105,-0.183015
Y2024,flat±0.3%,ex<-2%,True,62,-0.00037975,-0.00190578,-0.00631273,0.290323,0.177419,0.0806452,0.532258,0.352587,0.242397,-0.176389
Y2024,flat±0.3%,-2~0%,False,17589,7.448e-05,-0.0125,-0.0147111,0.17312,0.0939792,0.0554324,0.440844,0.289221,0.197098,-0.15462
Y2024,flat±0.3%,-2~0%,True,1298,2.92325e-05,-0.0135711,-0.00901905,0.157935,0.0947612,0.0531587,0.470724,0.290277,0.194185,-0.145602
Y2024,flat±0.3%,0~2%,False,10675,0.000705225,-0.0153846,-0.0169657,0.193273,0.108769,0.062863,0.462526,0.313936,0.218848,-0.159118
Y2024,flat±0.3%,0~2%,True,6449,0.00181987,-0.00932406,-0.0107001,0.16036,0.083902,0.0488524,0.425713,0.271289,0.187162,-0.146932
Y2024,flat±0.3%,2~4%,False,2040,-0.00578709,-0.0315457,-0.0219089,0.232467,0.137813,0.0814125,0.590976,0.357941,0.260528,-0.190894
Y2024,flat±0.3%,2~4%,True,3009,-0.000722506,-0.0162722,-0.0162053,0.216683,0.118976,0.074111,0.559654,0.33336,0.234335,-0.175918
Y2024,flat±0.3%,4~6%,False,698,0.00887577,-0.0275467,-0.00511839,0.292264,0.189112,0.120344,0.637536,0.441573,0.382332,-0.226054
Y2024,flat±0.3%,4~6%,True,1242,1.81567e-05,-0.026908,-0.0167178,0.26087,0.161836,0.10467,0.618357,0.407083,0.291437,-0.195388
Y2024,flat±0.3%,ex>6%,False,187,0.0141883,-0.0361446,4.63643e-05,0.379679,0.278075,0.208556,0.614973,0.576818,0.41118,-0.231338
Y2024,flat±0.3%,ex>6%,True,1898,-0.00482073,-0.0403237,-0.0183323,0.320337,0.212329,0.14647,0.670706,0.500261,0.366552,-0.245844
Y2024,+0.3%~+1%,ex<-2%,False,9169,0.0127399,-0.0110132,-0.0178434,0.229796,0.13622,0.082888,0.522631,0.360601,0.271739,-0.164269
Y2024,+0.3%~+1%,ex<-2%,True,83,0.0368465,1.8936e-09,0.00382829,0.253012,0.108434,0.0963855,0.421687,0.339039,0.427407,-0.130885
Y2024,+0.3%~+1%,-2~0%,False,18091,0.0120551,-0.00350879,-0.0172274,0.186025,0.102217,0.0609763,0.405274,0.303797,0.21616,-0.139161
Y2024,+0.3%~+1%,-2~0%,True,2220,0.0150972,0.00383876,-0.0183306,0.168094,0.0874268,0.046868,0.324921,0.282428,0.194506,-0.126621
Y2024,+0.3%~+1%,0~2%,False,6617,0.0088971,-0.00996678,-0.0174179,0.211576,0.119692,0.0742028,0.481185,0.333333,0.252753,-0.159698
Y2024,+0.3%~+1%,0~2%,True,5449,0.0155769,0.0011056,-0.0150242,0.191263,0.0980176,0.0523128,0.370962,0.296002,0.213013,-0.132608
Y2024,+0.3%~+1%,2~4%,False,1384,-2.08346e-05,-0.0248756,-0.0240324,0.255965,0.148952,0.0976139,0.588576,0.392256,0.288542,-0.203695
Y2024,+0.3%~+1%,2~4%,True,2046,0.0157627,-0.00676117,-0.0119524,0.255621,0.149071,0.0928641,0.491202,0.378845,0.28776,-0.172093
Y2024,+0.3%~+1%,4~6%,False,472,0.00768046,-0.0264383,-0.0192735,0.300847,0.188559,0.112288,0.603814,0.408565,0.315936,-0.199799
Y2024,+0.3%~+1%,4~6%,True,920,0.0129615,-0.0180255,-0.0121089,0.263043,0.171739,0.111957,0.590217,0.434302,0.333333,-0.196702
Y2024,+0.3%~+1%,ex>6%,False,76,0.0609102,0.0448836,0.0322763,0.421053,0.315789,0.263158,0.486842,0.66795,0.396615,-0.190377
Y2024,+0.3%~+1%,ex>6%,True,1670,0.00897947,-0.0347078,-0.0165908,0.31976,0.220359,0.14491,0.672455,0.500082,0.401671,-0.234376
Y2024,mkt>+1%,ex<-2%,False,11126,0.0065832,-0.0109649,-0.00539976,0.218966,0.119011,0.0708315,0.545798,0.331069,0.260546,-0.183325
Y2024,mkt>+1%,ex<-2%,True,440,0.0388113,0.0312362,-0.00282822,0.225,0.0977273,0.0568182,0.265909,0.296648,0.228938,-0.12252
Y2024,mkt>+1%,-2~0%,False,11281,0.00288384,-0.0100883,-0.00840582,0.174719,0.0874036,0.0510593,0.479301,0.28,0.207721,-0.157127
Y2024,mkt>+1%,-2~0%,True,3391,0.0107148,-2.44914e-08,-0.0111113,0.154822,0.0793276,0.0448245,0.357417,0.256911,0.180107,-0.131177
Y2024,mkt>+1%,0~2%,False,3055,0.0068155,-0.0134615,-0.0040971,0.238298,0.135843,0.0831424,0.545008,0.361324,0.267024,-0.176198
Y2024,mkt>+1%,0~2%,True,3460,0.00733361,-0.00453536,-0.0114765,0.174277,0.0864162,0.0514451,0.450578,0.277063,0.203441,-0.149248
Y2024,mkt>+1%,2~4%,False,826,0.00569537,-0.0239385,-0.00674252,0.297821,0.170702,0.115012,0.602906,0.440355,0.311503,-0.194209
Y2024,mkt>+1%,2~4%,True,1524,0.00972545,-0.0105457,-0.00992508,0.240157,0.130577,0.0734908,0.525591,0.350221,0.253275,-0.173247
Y2024,mkt>+1%,4~6%,False,191,0.0115708,-0.0253623,0.00485354,0.298429,0.188482,0.0890052,0.623037,0.380886,0.295174,-0.178604
Y2024,mkt>+1%,4~6%,True,845,0.0178228,-0.0050505,0.00166443,0.314793,0.184615,0.114793,0.512426,0.427362,0.288751,-0.192683
Y2024,mkt>+1%,ex>6%,False,47,0.0221142,-0.0374332,0.0155368,0.361702,0.319149,0.255319,0.723404,0.842659,0.499922,-0.264678
Y2024,mkt>+1%,ex>6%,True,1292,0.00654931,-0.0262692,-0.00597879,0.349071,0.209752,0.138545,0.665635,0.479164,0.382114,-0.241311
Y2024,REGIME:MARKET_DOWN,cex10_Q1,,901,0.0943992,0.0814582,0.0454833,0.432852,0.226415,0.129856,0.300777,0.440108,0.361364,-0.116009
Y2024,REGIME:MARKET_DOWN,cex10_Q2,,675,0.0710114,0.0553195,0.0252081,0.321958,0.173591,0.0830861,0.281899,0.373382,0.294399,-0.0966338
Y2024,REGIME:MARKET_DOWN,cex10_Q3,,616,0.0619385,0.0476764,0.0163697,0.269481,0.12013,0.0681818,0.251623,0.326632,0.277299,-0.100382
Y2024,REGIME:MARKET_DOWN,cex10_Q4,,761,0.0595971,0.0403846,0.0152021,0.245729,0.131406,0.0762155,0.26544,0.348797,0.302252,-0.0950324
Y2024,REGIME:MARKET_DOWN,cex10_Q5,,663,0.0641682,0.0379747,0.0157146,0.28356,0.180995,0.111614,0.309201,0.433029,0.326885,-0.118002
Y2024,REGIME:MARKET_SIDEWAYS,cex10_Q1,,20160,0.0038551,-0.012366,-0.0202614,0.210934,0.11524,0.0630519,0.472418,0.325926,0.221562,-0.1544
Y2024,REGIME:MARKET_SIDEWAYS,cex10_Q2,,22676,0.00749366,-0.00625001,-0.0213937,0.180848,0.0948348,0.05249,0.399982,0.291667,0.194078,-0.129431
Y2024,REGIME:MARKET_SIDEWAYS,cex10_Q3,,24449,0.0114349,-0.00303948,-0.0173588,0.174719,0.0909797,0.0512988,0.374269,0.284351,0.201713,-0.127576
Y2024,REGIME:MARKET_SIDEWAYS,cex10_Q4,,25406,0.0117979,-0.00552487,-0.0163754,0.184087,0.102712,0.0624779,0.414039,0.304438,0.223684,-0.134013
Y2024,REGIME:MARKET_SIDEWAYS,cex10_Q5,,24006,0.0159871,-0.0168971,-0.012397,0.265739,0.164618,0.107121,0.572684,0.41841,0.336111,-0.180662
Y2024,REGIME:MARKET_UP,cex10_Q1,,18757,-0.00524643,-0.0169205,-0.0160563,0.169306,0.0887858,0.0517784,0.579694,0.280767,0.196099,-0.172788
Y2024,REGIME:MARKET_UP,cex10_Q2,,16467,-0.00498055,-0.0134128,-0.0151239,0.156757,0.0823565,0.0466444,0.505011,0.267308,0.185875,-0.167782
Y2024,REGIME:MARKET_UP,cex10_Q3,,14753,-0.0026131,-0.0122699,-0.0117207,0.16539,0.0868976,0.0516505,0.483834,0.276679,0.196366,-0.168491
Y2024,REGIME:MARKET_UP,cex10_Q4,,13651,-0.00132123,-0.0159325,-0.0120124,0.212878,0.115669,0.0691524,0.529045,0.326733,0.231333,-0.181251
Y2024,REGIME:MARKET_UP,cex10_Q5,,15149,-0.000857898,-0.0306513,-0.012705,0.30299,0.187075,0.124431,0.654103,0.452066,0.333333,-0.224498
Y2025,mkt<-1%,ex<-2%,False,5341,0.0547952,0.042042,0.0127048,0.390376,0.233664,0.140798,0.437559,0.465461,0.348468,-0.192691
Y2025,mkt<-1%,ex<-2%,True,76,-0.0160951,-0.0232426,-0.0386688,0.315789,0.0657895,0.0526316,0.631579,0.284707,0.198072,-0.303177
Y2025,mkt<-1%,-2~0%,False,8662,0.0193352,0.00870647,-0.00705042,0.253435,0.137975,0.0772428,0.475118,0.354651,0.265169,-0.2
Y2025,mkt<-1%,-2~0%,True,523,-0.0554659,-0.0539772,-0.0389595,0.217973,0.112811,0.0669216,0.638623,0.31446,0.224895,-0.303828
Y2025,mkt<-1%,0~2%,False,7666,0.00601876,2.22045e-16,-0.0142489,0.177537,0.0978346,0.0580485,0.445343,0.294785,0.214562,-0.187584
Y2025,mkt<-1%,0~2%,True,1909,-0.0200904,-0.0152355,-0.0203967,0.155579,0.0864327,0.057098,0.514405,0.266888,0.192359,-0.24972
Y2025,mkt<-1%,2~4%,False,1805,0.0138372,0.00207653,-0.0160457,0.207871,0.112528,0.0698448,0.427384,0.315949,0.246506,-0.177851
Y2025,mkt<-1%,2~4%,True,1567,0.00380111,0.00250303,-0.0117937,0.167198,0.0989151,0.0676452,0.461391,0.297207,0.217497,-0.200872
Y2025,mkt<-1%,4~6%,False,449,0.00966903,-0.00602184,-0.0199516,0.236607,0.133929,0.0848214,0.515625,0.342034,0.317756,-0.229105
Y2025,mkt<-1%,4~6%,True,530,0.00825448,-0.0062696,-0.00948162,0.249527,0.139887,0.0850662,0.542533,0.360542,0.255891,-0.200329
Y2025,mkt<-1%,ex>6%,False,166,0.00879509,-0.0225212,-0.0327198,0.295181,0.210843,0.144578,0.53012,0.46267,0.29668,-0.208903
Y2025,mkt<-1%,ex>6%,True,686,0.0109981,-0.00423024,-0.0222603,0.312865,0.192982,0.134503,0.612573,0.477355,0.350085,-0.226463
Y2025,-1%~-0.3%,ex<-2%,False,4409,-0.0124034,-0.0230984,-0.0229695,0.253403,0.159483,0.103221,0.581897,0.408011,0.280402,-0.268258
Y2025,-1%~-0.3%,-2~0%,False,10206,-0.0143731,-0.0198129,-0.0191581,0.196432,0.114781,0.0719467,0.51235,0.33049,0.2389,-0.259247
Y2025,-1%~-0.3%,-2~0%,True,334,0.00652849,-0.0218527,-0.0163104,0.221557,0.140719,0.0808383,0.526946,0.35776,0.305595,-0.187757
Y2025,-1%~-0.3%,0~2%,False,8235,-0.0144769,-0.0168224,-0.0203855,0.162435,0.0941562,0.0572227,0.502734,0.289875,0.214186,-0.243777
Y2025,-1%~-0.3%,0~2%,True,2855,-0.0087303,-0.0153846,-0.0166342,0.157268,0.0851138,0.0497373,0.498074,0.278048,0.212324,-0.207164
Y2025,-1%~-0.3%,2~4%,False,1410,-0.0113094,-0.0276377,-0.0217461,0.231915,0.139007,0.0836879,0.601418,0.369177,0.273094,-0.25165
Y2025,-1%~-0.3%,2~4%,True,1483,-0.011931,-0.0242857,-0.0161207,0.203241,0.125591,0.0783255,0.566509,0.343949,0.254579,-0.22987
Y2025,-1%~-0.3%,4~6%,False,396,-0.00489945,-0.0240406,-0.0206873,0.29798,0.179293,0.123737,0.64899,0.464797,0.323875,-0.252019
Y2025,-1%~-0.3%,4~6%,True,507,-0.00520575,-0.0257511,-0.0107485,0.278107,0.177515,0.0966469,0.613412,0.398017,0.342793,-0.265977
Y2025,-1%~-0.3%,ex>6%,False,144,-0.0142315,-0.0374722,-0.0249824,0.284722,0.159722,0.111111,0.638889,0.449682,0.222224,-0.238852
Y2025,-1%~-0.3%,ex>6%,True,810,0.0037708,-0.0330163,-0.00987242,0.348148,0.240741,0.169136,0.667901,0.526667,0.383015,-0.273082
Y2025,flat±0.3%,ex<-2%,False,4676,0.0189876,-0.0043881,-0.0215469,0.269947,0.179679,0.115508,0.462032,0.432826,0.298894,-0.166823
Y2025,flat±0.3%,-2~0%,False,12149,0.0203208,0.00484728,-0.0182853,0.219615,0.129941,0.0792161,0.35112,0.350087,0.242687,-0.144474
Y2025,flat±0.3%,-2~0%,True,614,0.0163417,0.00647632,-0.0195382,0.228013,0.130293,0.0814332,0.376222,0.37385,0.219512,-0.139753
Y2025,flat±0.3%,0~2%,False,7572,0.0171053,2.03239e-09,-0.0171284,0.232131,0.13661,0.0860087,0.38737,0.366928,0.262115,-0.161876
Y2025,flat±0.3%,0~2%,True,3930,0.0113902,-2.22045e-16,-0.0163869,0.200254,0.118321,0.0717557,0.373282,0.335904,0.228854,-0.16358
Y2025,flat±0.3%,2~4%,False,1396,0.0323383,0.00926244,-0.00603441,0.310172,0.194126,0.12106,0.449857,0.455092,0.323917,-0.178866
Y2025,flat±0.3%,2~4%,True,1720,0.0216513,-0.0015593,-0.00884212,0.269499,0.163562,0.108265,0.447031,0.422743,0.308878,-0.178859
Y2025,flat±0.3%,4~6%,False,469,0.0393416,0.00997506,-0.00722443,0.343284,0.208955,0.142857,0.47548,0.506326,0.326296,-0.178219
Y2025,flat±0.3%,4~6%,True,591,0.0312679,0.00809716,-0.00206797,0.345178,0.216582,0.147208,0.482233,0.485861,0.330792,-0.181678
Y2025,flat±0.3%,ex>6%,False,134,0.0424214,0.017913,-0.00323667,0.402985,0.268657,0.156716,0.477612,0.49408,0.332148,-0.198272
Y2025,flat±0.3%,ex>6%,True,1000,0.0307017,-0.0206981,-0.00755626,0.398,0.273,0.18,0.599,0.593532,0.448486,-0.217808
Y2025,+0.3%~+1%,ex<-2%,False,6640,0.0179652,-0.00582522,-0.011589,0.261263,0.158505,0.103209,0.51243,0.410368,0.300261,-0.19028
Y2025,+0.3%~+1%,ex<-2%,True,61,0.0190723,0.00813004,-0.0136676,0.278689,0.147541,0.0983607,0.508197,0.314861,0.2443,-0.141667
Y2025,+0.3%~+1%,-2~0%,False,15185,0.00842789,-0.00236968,-0.0136374,0.200171,0.115795,0.0711369,0.441444,0.331665,0.239007,-0.187493
Y2025,+0.3%~+1%,-2~0%,True,1793,0.0172827,0.00838037,-0.00969176,0.173452,0.104852,0.064696,0.390407,0.306262,0.23156,-0.135229
Y2025,+0.3%~+1%,0~2%,False,5798,0.00815599,-0.00966183,-0.0138125,0.236066,0.14616,0.08956,0.499396,0.374754,0.270243,-0.201387
Y2025,+0.3%~+1%,0~2%,True,4621,0.0167387,0.00402954,-0.0106069,0.198918,0.112338,0.0660173,0.422511,0.321854,0.222831,-0.15
Y2025,+0.3%~+1%,2~4%,False,1208,0.0189282,-0.012931,-0.00923485,0.300746,0.208782,0.136703,0.589892,0.481511,0.33198,-0.201419
Y2025,+0.3%~+1%,2~4%,True,1891,0.0231185,-4.13302e-09,-0.0029887,0.280804,0.180328,0.120042,0.503966,0.449799,0.304936,-0.191919
Y2025,+0.3%~+1%,4~6%,False,367,0.0333418,-0.00394477,0.00395149,0.321526,0.220708,0.163488,0.637602,0.597964,0.418886,-0.208134
Y2025,+0.3%~+1%,4~6%,True,786,0.0159396,-0.0111276,-0.00900734,0.318066,0.21374,0.139949,0.603053,0.479584,0.324263,-0.194227
Y2025,+0.3%~+1%,ex>6%,False,77,0.0127536,-0.0278746,-0.0158074,0.376623,0.311688,0.194805,0.545455,0.646748,0.396887,-0.227576
Y2025,+0.3%~+1%,ex>6%,True,1376,0.0299785,-0.0112835,-0.00235257,0.387636,0.273455,0.198545,0.636364,0.598774,0.446436,-0.240883
Y2025,mkt>+1%,ex<-2%,False,8628,0.000384867,-0.0189155,-0.0285699,0.198841,0.122783,0.076058,0.500174,0.342336,0.246353,-0.16978
Y2025,mkt>+1%,ex<-2%,True,548,0.0615726,0.0550354,0.00971787,0.268248,0.135036,0.0711679,0.213504,0.332055,0.246597,-0.101814
Y2025,mkt>+1%,-2~0%,False,11963,0.00282083,-0.00901408,-0.022857,0.183414,0.104999,0.0615282,0.455024,0.307561,0.215279,-0.161651
Y2025,mkt>+1%,-2~0%,True,3679,0.00273519,-0.0070922,-0.0182738,0.142702,0.0736613,0.0415874,0.405001,0.247819,0.184182,-0.151533
Y2025,mkt>+1%,0~2%,False,3745,0.033513,0.00760634,-0.00299675,0.31063,0.185096,0.121795,0.438568,0.441764,0.315138,-0.167675
Y2025,mkt>+1%,0~2%,True,4478,0.0256646,0.00902151,-0.005753,0.244305,0.137115,0.0790531,0.419384,0.354357,0.26587,-0.158568
Y2025,mkt>+1%,2~4%,False,887,0.0274056,-0.00537634,-0.00628811,0.321308,0.218715,0.131905,0.517475,0.479545,0.3387,-0.177018
Y2025,mkt>+1%,2~4%,True,1621,0.0242632,0.0100719,-0.00711899,0.284392,0.15731,0.0931524,0.463294,0.387856,0.269461,-0.164835
Y2025,mkt>+1%,4~6%,False,210,0.0231792,-0.0125926,-0.0105998,0.328571,0.247619,0.157143,0.557143,0.55625,0.36684,-0.188999
Y2025,mkt>+1%,4~6%,True,839,0.0423185,0.0261682,0.000734723,0.367104,0.221692,0.127533,0.526818,0.463795,0.326859,-0.167354
Y2025,mkt>+1%,ex>6%,False,37,0.0243437,-0.0241493,-0.00493399,0.324324,0.27027,0.135135,0.567568,0.431554,0.299933,-0.149689
Y2025,mkt>+1%,ex>6%,True,1319,0.0362381,0.00672646,0.00060216,0.369977,0.254738,0.18044,0.620925,0.555132,0.399406,-0.205925
Y2025,REGIME:MARKET_DOWN,cex10_Q1,,2516,-0.0442087,-0.0640394,-0.0235128,0.322068,0.1833,0.10338,0.700199,0.404169,0.279692,-0.310401
Y2025,REGIME:MARKET_DOWN,cex10_Q2,,2730,-0.113725,-0.140797,-0.0423015,0.138828,0.0641026,0.0296703,0.866667,0.242948,0.175859,-0.316469
Y2025,REGIME:MARKET_DOWN,cex10_Q3,,3000,-0.13475,-0.15544,-0.0421079,0.0806936,0.0326776,0.0173391,0.9013,0.175472,0.119302,-0.321259
Y2025,REGIME:MARKET_DOWN,cex10_Q4,,3385,-0.123518,-0.13885,-0.0276862,0.0685579,0.0268913,0.0165485,0.867612,0.156725,0.110054,-0.307626
Y2025,REGIME:MARKET_DOWN,cex10_Q5,,2641,-0.120289,-0.142192,-0.0241876,0.109848,0.0647727,0.0412879,0.852273,0.213987,0.155423,-0.337977
Y2025,REGIME:MARKET_SIDEWAYS,cex10_Q1,,17669,0.0435102,0.0236887,-0.00123985,0.286418,0.164638,0.101002,0.379154,0.402371,0.287526,-0.135641
Y2025,REGIME:MARKET_SIDEWAYS,cex10_Q2,,19011,0.0278471,0.0147992,-0.0111729,0.226472,0.122679,0.0723868,0.33926,0.339461,0.231623,-0.135922
Y2025,REGIME:MARKET_SIDEWAYS,cex10_Q3,,20786,0.0225844,0.0103211,-0.0118216,0.208055,0.116441,0.0689987,0.363711,0.331006,0.224242,-0.136284
Y2025,REGIME:MARKET_SIDEWAYS,cex10_Q4,,21761,0.0171882,0.00307539,-0.00904259,0.204146,0.121403,0.0751126,0.442585,0.340583,0.235494,-0.147206
Y2025,REGIME:MARKET_SIDEWAYS,cex10_Q5,,21840,0.0169387,-0.0103448,-0.011996,0.283281,0.185969,0.126803,0.578285,0.463674,0.329219,-0.18627
Y2025,REGIME:MARKET_UP,cex10_Q1,,14269,-0.00930093,-0.0294118,-0.040482,0.178223,0.109795,0.065414,0.550445,0.318709,0.220614,-0.159996
Y2025,REGIME:MARKET_UP,cex10_Q2,,12712,0.00360184,-0.0125786,-0.030304,0.17523,0.102054,0.0573609,0.406169,0.303783,0.223803,-0.142537
Y2025,REGIME:MARKET_UP,cex10_Q3,,10667,0.015145,-0.004091,-0.0214548,0.201988,0.120874,0.0710803,0.367779,0.333828,0.256165,-0.140439
Y2025,REGIME:MARKET_UP,cex10_Q4,,9307,0.0277511,0.00164473,-0.00899925,0.262654,0.157335,0.0969371,0.377539,0.39324,0.301505,-0.147003
Y2025,REGIME:MARKET_UP,cex10_Q5,,9973,0.0513029,0.0123457,0.0166336,0.381358,0.253737,0.170262,0.489415,0.536982,0.425372,-0.177497
Y2026YTD,mkt<-1%,ex<-2%,False,6428,0.0468831,-0.00151058,-0.000515213,0.447465,0.31571,0.234156,0.696798,0.709033,0.491337,-0.228286
Y2026YTD,mkt<-1%,ex<-2%,True,237,0.0648141,0.0398773,0.0161788,0.417021,0.302128,0.195745,0.676596,0.678734,0.350254,-0.179343
Y2026YTD,mkt<-1%,-2~0%,False,6581,0.0452215,0.0114286,-0.00813127,0.390278,0.254784,0.181003,0.536287,0.579882,0.375,-0.175309
Y2026YTD,mkt<-1%,-2~0%,True,398,0.0603305,0.0146839,0.00157969,0.441558,0.319481,0.231169,0.555844,0.71889,0.441254,-0.152514
Y2026YTD,mkt<-1%,0~2%,False,6456,0.0383643,0.0110803,-0.0181451,0.29507,0.18119,0.120429,0.422048,0.460834,0.320482,-0.155362
Y2026YTD,mkt<-1%,0~2%,True,1033,0.0397623,0.00306749,-0.00855577,0.322075,0.217129,0.164053,0.489747,0.587097,0.384699,-0.168532
Y2026YTD,mkt<-1%,2~4%,False,2510,0.0322816,0.0110645,-0.0247163,0.27047,0.170732,0.120645,0.443815,0.455197,0.330184,-0.174777
Y2026YTD,mkt<-1%,2~4%,True,1224,0.0239108,0.0024723,-0.0133337,0.243878,0.143878,0.107143,0.428571,0.412033,0.303875,-0.180317
Y2026YTD,mkt<-1%,4~6%,False,768,0.0339509,-0.00450682,-0.0243582,0.331453,0.212976,0.167842,0.54866,0.558524,0.462208,-0.218291
Y2026YTD,mkt<-1%,4~6%,True,558,0.0375499,2.22045e-16,-0.0129939,0.299595,0.206478,0.151822,0.512146,0.527346,0.458954,-0.22449
Y2026YTD,mkt<-1%,ex>6%,False,372,0.0377483,-0.015,-0.0138095,0.378788,0.275758,0.206061,0.663636,0.637975,0.497781,-0.24631
Y2026YTD,mkt<-1%,ex>6%,True,1100,0.0391321,-0.0135846,-0.00853368,0.427717,0.337986,0.265204,0.714855,0.79954,0.56736,-0.289388
Y2026YTD,-1%~-0.3%,ex<-2%,False,4251,0.0613089,0.0192308,-0.00587956,0.463075,0.34655,0.256053,0.611077,0.756827,0.480644,-0.222828
Y2026YTD,-1%~-0.3%,ex<-2%,True,55,0.0340012,-0.0404858,-0.045271,0.54,0.4,0.24,0.6,0.774001,0.486297,-0.21193
Y2026YTD,-1%~-0.3%,-2~0%,False,5376,0.0361643,0.00293686,-0.0276002,0.358876,0.242349,0.174337,0.47903,0.582418,0.363121,-0.184251
Y2026YTD,-1%~-0.3%,-2~0%,True,359,0.0528382,0.0150892,-0.0180428,0.4613,0.328173,0.250774,0.504644,0.782797,0.425442,-0.188371
Y2026YTD,-1%~-0.3%,0~2%,False,4130,0.0305194,0.00108229,-0.0298133,0.322253,0.215385,0.148352,0.43544,0.525474,0.377139,-0.198938
Y2026YTD,-1%~-0.3%,0~2%,True,1798,0.0272105,0.0034769,-0.0370518,0.313639,0.199246,0.140163,0.366436,0.497585,0.308865,-0.166098
Y2026YTD,-1%~-0.3%,2~4%,False,1140,0.0312486,-0.00977996,-0.0257433,0.390963,0.291749,0.222986,0.594303,0.654034,0.473927,-0.242924
Y2026YTD,-1%~-0.3%,2~4%,True,1239,0.0312757,-0.00119049,-0.0262298,0.372408,0.237151,0.169522,0.482417,0.567615,0.378109,-0.21375
Y2026YTD,-1%~-0.3%,4~6%,False,374,0.032779,-0.0202363,-0.0270978,0.403561,0.299703,0.204748,0.67359,0.60775,0.573192,-0.259404
Y2026YTD,-1%~-0.3%,4~6%,True,524,0.0315024,-0.00650859,-0.0242165,0.426471,0.306723,0.226891,0.55042,0.673843,0.436775,-0.251844
Y2026YTD,-1%~-0.3%,ex>6%,False,200,0.0128383,-0.0401796,-0.0510721,0.458101,0.340782,0.223464,0.73743,0.713009,0.523467,-0.331397
Y2026YTD,-1%~-0.3%,ex>6%,True,1291,0.0276742,-0.0243243,-0.0266954,0.461988,0.367586,0.293233,0.709273,0.84351,0.546565,-0.307865
Y2026YTD,flat±0.3%,ex<-2%,False,5343,0.048089,0.00724638,0.0289212,0.400884,0.281484,0.198423,0.594117,0.626677,0.446768,-0.201201
Y2026YTD,flat±0.3%,ex<-2%,True,69,0.0916516,0.066879,0.0879224,0.597015,0.477612,0.358209,0.507463,0.9082,0.514613,-0.271386
Y2026YTD,flat±0.3%,-2~0%,False,7011,0.0244148,-3.33067e-16,0.0111637,0.299837,0.19669,0.135806,0.494311,0.493862,0.329228,-0.171488
Y2026YTD,flat±0.3%,-2~0%,True,754,0.0277851,0.00511505,0.013242,0.360274,0.223288,0.153425,0.505479,0.513751,0.310721,-0.18146
Y2026YTD,flat±0.3%,0~2%,False,4271,0.0234644,-0.00526897,0.0123372,0.316422,0.209425,0.149555,0.497235,0.539916,0.343316,-0.184994
Y2026YTD,flat±0.3%,0~2%,True,2872,0.0182598,-0.00356977,0.00669518,0.278298,0.172675,0.117159,0.44881,0.437752,0.295855,-0.172639
Y2026YTD,flat±0.3%,2~4%,False,1201,0.0446549,-0.00165537,0.0375399,0.428815,0.310315,0.232737,0.601876,0.733501,0.443609,-0.201493
Y2026YTD,flat±0.3%,2~4%,True,1849,0.0259479,-0.00696379,0.0154436,0.365609,0.245409,0.176962,0.548136,0.600683,0.386018,-0.21215
Y2026YTD,flat±0.3%,4~6%,False,482,0.0573803,-0.0127644,0.0398603,0.464968,0.354565,0.26327,0.649682,0.88,0.564842,-0.225069
Y2026YTD,flat±0.3%,4~6%,True,908,0.0325707,-0.0149097,0.0208599,0.42369,0.308656,0.218679,0.640091,0.694504,0.44972,-0.244285
Y2026YTD,flat±0.3%,ex>6%,False,203,0.0993092,0.0442338,0.0715326,0.605,0.49,0.365,0.645,1.0362,0.674167,-0.242161
Y2026YTD,flat±0.3%,ex>6%,True,1930,0.0777058,0.0147477,0.0555356,0.544539,0.416755,0.33245,0.671262,0.968019,0.624519,-0.25416
Y2026YTD,+0.3%~+1%,ex<-2%,False,5289,-0.00438109,-0.0321429,-0.0197484,0.306636,0.194878,0.134575,0.72759,0.488207,0.336398,-0.245277
Y2026YTD,+0.3%~+1%,ex<-2%,True,96,0.00399884,-0.00834912,-0.0287098,0.377358,0.207547,0.132075,0.735849,0.524576,0.349378,-0.275901
Y2026YTD,+0.3%~+1%,-2~0%,False,6319,0.00109225,-0.013597,-0.0140954,0.240096,0.14861,0.0923616,0.534471,0.387265,0.24354,-0.188755
Y2026YTD,+0.3%~+1%,-2~0%,True,927,0.018202,-0.00242131,-0.0138789,0.218875,0.136546,0.0963855,0.524096,0.388764,0.280413,-0.155836
Y2026YTD,+0.3%~+1%,0~2%,False,2693,0.00482168,-0.0207373,-0.014266,0.320433,0.203302,0.148091,0.592879,0.515764,0.329169,-0.209366
Y2026YTD,+0.3%~+1%,0~2%,True,1923,0.0131319,-0.00694928,-0.00917449,0.2429,0.152466,0.103886,0.509716,0.410698,0.286501,-0.173199
Y2026YTD,+0.3%~+1%,2~4%,False,842,0.0056542,-0.0280054,-0.0172516,0.391768,0.265244,0.176829,0.664634,0.567714,0.38415,-0.241052
Y2026YTD,+0.3%~+1%,2~4%,True,953,0.0203821,-0.0075643,-0.00472828,0.354108,0.236544,0.177054,0.577904,0.586141,0.340495,-0.196312
Y2026YTD,+0.3%~+1%,4~6%,False,325,0.0337502,-0.00574867,0.00311681,0.409774,0.293233,0.236842,0.684211,0.654996,0.453749,-0.220272
Y2026YTD,+0.3%~+1%,4~6%,True,559,0.0278762,-0.0209524,-0.00093013,0.363844,0.240275,0.169336,0.629291,0.579708,0.403901,-0.220198
Y2026YTD,+0.3%~+1%,ex>6%,False,117,0.030816,-0.0302548,-0.0089029,0.474747,0.353535,0.242424,0.737374,0.638709,0.509395,-0.296748
Y2026YTD,+0.3%~+1%,ex>6%,True,1454,0.019157,-0.0296401,-0.0111777,0.441275,0.312919,0.217282,0.718121,0.707463,0.484289,-0.264756
Y2026YTD,mkt>+1%,ex<-2%,False,13499,0.0288995,-0.0020677,-0.0228233,0.324038,0.217869,0.153529,0.530145,0.544032,0.40678,-0.220019
Y2026YTD,mkt>+1%,ex<-2%,True,852,0.0385645,0.00987709,-0.0448974,0.257831,0.140964,0.103614,0.366265,0.42517,0.361857,-0.162944
Y2026YTD,mkt>+1%,-2~0%,False,8704,0.0254328,-0.00452489,-0.0167646,0.331165,0.214951,0.152698,0.521878,0.519841,0.361076,-0.201778
Y2026YTD,mkt>+1%,-2~0%,True,2913,0.0304044,0.00379031,-0.0230363,0.291173,0.181123,0.120367,0.421093,0.442757,0.312215,-0.154125
Y2026YTD,mkt>+1%,0~2%,False,3381,0.0294028,-0.00985222,-0.0124767,0.40537,0.289784,0.208251,0.641454,0.666313,0.427273,-0.233
Y2026YTD,mkt>+1%,0~2%,True,2812,0.0358194,0.000358319,-0.0110092,0.372673,0.237624,0.168713,0.504951,0.547695,0.397398,-0.210848
Y2026YTD,mkt>+1%,2~4%,False,1336,0.0323116,-0.0136595,-0.00902794,0.425941,0.316318,0.228452,0.723013,0.698331,0.462201,-0.264437
Y2026YTD,mkt>+1%,2~4%,True,1575,0.0444094,2.22045e-16,-0.0011251,0.424495,0.292971,0.206681,0.620042,0.649887,0.439857,-0.240409
Y2026YTD,mkt>+1%,4~6%,False,407,0.0611925,0.0279503,0.0126146,0.501401,0.364146,0.29972,0.739496,0.770119,0.538336,-0.3002
Y2026YTD,mkt>+1%,4~6%,True,1337,0.0709832,0.0167431,0.00702481,0.497979,0.388844,0.307195,0.641876,0.859037,0.573225,-0.264021
Y2026YTD,mkt>+1%,ex>6%,False,222,0.0188765,-0.0227003,-0.020228,0.480583,0.378641,0.296117,0.781553,0.758524,0.562461,-0.346553
Y2026YTD,mkt>+1%,ex>6%,True,2497,0.0195835,-0.0309119,-0.0175043,0.438566,0.326192,0.250984,0.78662,0.789997,0.575999,-0.355677
Y2026YTD,REGIME:MARKET_DOWN,cex10_Q1,,683,0.228302,0.186652,0.116426,0.749267,0.538123,0.381232,0.129032,0.807006,0.63109,-0.0650917
Y2026YTD,REGIME:MARKET_DOWN,cex10_Q2,,510,0.125781,0.0867198,0.0380969,0.513726,0.343137,0.233333,0.184314,0.736694,0.529595,-0.101837
Y2026YTD,REGIME:MARKET_DOWN,cex10_Q3,,738,0.0677286,0.0305146,0.00749534,0.433604,0.298103,0.214092,0.235772,0.645352,0.376654,-0.110272
Y2026YTD,REGIME:MARKET_DOWN,cex10_Q4,,1366,0.0618329,0.0275619,0.0113733,0.420937,0.275256,0.203514,0.214495,0.64284,0.377456,-0.101169
Y2026YTD,REGIME:MARKET_DOWN,cex10_Q5,,1631,0.0722232,0.0195431,0.0220474,0.479755,0.365031,0.304908,0.342945,1.02291,0.507365,-0.163612
Y2026YTD,REGIME:MARKET_SIDEWAYS,cex10_Q1,,11960,0.0239379,-0.00807757,-0.0243765,0.365337,0.239558,0.162351,0.676904,0.563162,0.365132,-0.229933
Y2026YTD,REGIME:MARKET_SIDEWAYS,cex10_Q2,,13056,0.018827,-0.00274743,-0.0284567,0.320444,0.20666,0.144681,0.548936,0.516581,0.316464,-0.211376
Y2026YTD,REGIME:MARKET_SIDEWAYS,cex10_Q3,,15269,0.0182442,-0.000533268,-0.0297938,0.302358,0.198499,0.136575,0.481521,0.495142,0.301649,-0.198185
Y2026YTD,REGIME:MARKET_SIDEWAYS,cex10_Q4,,16407,0.0195971,-0.00400268,-0.0241549,0.303591,0.207489,0.148833,0.473634,0.529307,0.344509,-0.20878
Y2026YTD,REGIME:MARKET_SIDEWAYS,cex10_Q5,,14545,0.0367436,-0.00935322,-0.00754351,0.451167,0.344212,0.268497,0.640168,0.814556,0.517838,-0.286537
Y2026YTD,REGIME:MARKET_UP,cex10_Q1,,14633,0.0330362,-1.58305e-09,-0.00902066,0.324473,0.208981,0.142768,0.539353,0.50583,0.383553,-0.188509
Y2026YTD,REGIME:MARKET_UP,cex10_Q2,,13709,0.0266974,-0.0022779,0.00200878,0.299417,0.190155,0.130195,0.497163,0.471902,0.344054,-0.170833
Y2026YTD,REGIME:MARKET_UP,cex10_Q3,,11269,0.0313964,-7.95193e-10,0.0101868,0.326681,0.20914,0.144981,0.533925,0.512331,0.359743,-0.186204
Y2026YTD,REGIME:MARKET_UP,cex10_Q4,,9502,0.0297967,-0.00818769,0.00373539,0.359089,0.233455,0.164799,0.616138,0.558771,0.405898,-0.200009
Y2026YTD,REGIME:MARKET_UP,cex10_Q5,,11100,0.0525612,-0.00735371,0.0171224,0.460434,0.342264,0.257296,0.726725,0.777778,0.559611,-0.245566
