window,variant,pnl_per_100_slot_days_pct,trade_pnl_per_100_slot_days_slots,avg_occupancy,probe_capital_utilization,avg_probe_capital_pct,failed_probe_slot_days,turnover_annual,opportunity_cost_pct,avg_cash_pct,missed_for_capacity,cagr,mdd,sharpe
DISCOVERY,V1(frozen),0.303839,0.273198,0.143035,0.64657,0.032399,132,3.08188,0.0755324,0.841597,0,0.114394,-0.0796559,1.40748
EXTENDED,V1(frozen),0.0567708,0.0501538,0.107844,0.574961,0.0292999,161,2.98137,0.0500425,0.880676,0,0.0160826,-0.114126,0.230628
STRICT_OOS,V1(frozen),-0.0115331,-0.0193772,0.100309,0.550617,0.0283473,95.25,2.95203,0.0194024,0.889483,0,-0.00293377,-0.0924913,0.0122906
FULL,V1(frozen),0.143306,0.132155,0.126072,0.603837,0.0306045,227.5,3.03788,0.0863084,0.860603,0,0.0488822,-0.127153,0.603283
LIVE,V1(frozen),0.127805,0.117833,0.128173,0.603753,0.0305949,229,3.10375,0.0800116,0.858727,0,0.0450692,-0.127153,0.563809
DISCOVERY,add_architecture:A,0.303839,0.25873,0.143035,0.64657,,132,3.08188,0.0755324,,,0.114394,-0.0796559,1.40748
DISCOVERY,add_architecture:B,0.160958,0.175432,0.175052,0.64657,,264,4.7604,0.161692,,,0.0733395,-0.115804,0.87434
DISCOVERY,add_architecture:C,0.286073,0.224691,0.123389,0.64657,,132,2.71729,0.0797102,,,0.092109,-0.0752056,1.30828
DISCOVERY,add_architecture:P25_ONLY,-0.0427281,0.0914582,0.0572765,0.64657,,132,2.02953,0.0895137,,,-0.00617257,-0.0508878,-0.241945
DISCOVERY,add_architecture:P50_ONLY,-0.0460098,0.0914582,0.114553,0.64657,,264,4.05431,0.177141,,,-0.0132741,-0.0986605,-0.252826
DISCOVERY,portfolio_capacity:max2|capA,0.303839,,0.143035,0.64657,,132,3.08188,0.0755324,,,0.114394,-0.0796559,1.40748
DISCOVERY,portfolio_capacity:max2|capB1.0,0.303839,,0.143035,0.323285,,132,3.08188,0.0755324,,,0.114394,-0.0796559,1.40748
DISCOVERY,portfolio_capacity:max2|capB1.5,0.303839,,0.143035,0.215523,,132,3.08188,0.0755324,,,0.114394,-0.0796559,1.40748
DISCOVERY,portfolio_capacity:max3|capA,0.208629,,0.239501,0.613306,,182,5.23638,0.0769717,,,0.136469,-0.135448,1.2236
DISCOVERY,portfolio_capacity:max3|capB1.0,0.208629,,0.239501,0.459979,,182,5.23638,0.0769717,,,0.136469,-0.135448,1.2236
DISCOVERY,portfolio_capacity:max3|capB1.5,0.208629,,0.239501,0.306653,,182,5.23638,0.0769717,,,0.136469,-0.135448,1.2236
DISCOVERY,portfolio_capacity:max4|capA,0.13572,,0.297349,0.577443,,224.75,6.76807,0.0809815,,,0.110788,-0.176202,0.897491
DISCOVERY,portfolio_capacity:max4|capB1.0,0.13572,,0.297349,0.577443,,224.75,6.76807,0.0809815,,,0.110788,-0.176202,0.897491
DISCOVERY,portfolio_capacity:max4|capB1.5,0.13572,,0.297349,0.384962,,224.75,6.76807,0.0809815,,,0.110788,-0.176202,0.897491
STRICT_OOS,add_architecture:A,-0.0115331,0.0444532,0.100309,0.550617,,95.25,2.95203,0.0194024,,,-0.00293377,-0.0924913,0.0122906
STRICT_OOS,add_architecture:B,-0.0796566,0.0246349,0.116914,0.550617,,190.5,4.46372,0.0657575,,,-0.0234251,-0.103259,-0.240573
STRICT_OOS,add_architecture:C,0.0376186,0.0300251,0.086358,0.550617,,95.25,2.52804,0.0305372,,,0.00822869,-0.0622302,0.142164
STRICT_OOS,add_architecture:P25_ONLY,-0.0596755,0.0264664,0.0434568,0.550617,,95.25,1.88078,0.0678119,,,-0.006549,-0.034238,-0.223527
STRICT_OOS,add_architecture:P50_ONLY,-0.0612352,0.0264664,0.0869136,0.550617,,190.5,3.75664,0.134975,,,-0.0134341,-0.0669656,-0.218685
STRICT_OOS,portfolio_capacity:max2|capA,-0.0115331,,0.100309,0.550617,,95.25,2.95203,0.0194024,,,-0.00293377,-0.0924913,0.0122906
STRICT_OOS,portfolio_capacity:max2|capB1.0,-0.0115331,,0.100309,0.275309,,95.25,2.95203,0.0194024,,,-0.00293377,-0.0924913,0.0122906
STRICT_OOS,portfolio_capacity:max2|capB1.5,-0.0115331,,0.100309,0.183539,,95.25,2.95203,0.0194024,,,-0.00293377,-0.0924913,0.0122906
STRICT_OOS,portfolio_capacity:max3|capA,0.155318,,0.172346,0.508642,,127.75,4.46226,0.0464372,,,0.0714278,-0.100937,0.608187
STRICT_OOS,portfolio_capacity:max3|capB1.0,0.155318,,0.172346,0.381481,,127.75,4.46226,0.0464372,,,0.0714278,-0.100937,0.608187
STRICT_OOS,portfolio_capacity:max3|capB1.5,0.155318,,0.172346,0.254321,,127.75,4.46226,0.0464372,,,0.0714278,-0.100937,0.608187
STRICT_OOS,portfolio_capacity:max4|capA,0.078982,,0.195185,0.484568,,159.75,5.34872,0.0441947,,,0.0403392,-0.118807,0.367023
STRICT_OOS,portfolio_capacity:max4|capB1.0,0.078982,,0.195185,0.484568,,159.75,5.34872,0.0441947,,,0.0403392,-0.118807,0.367023
STRICT_OOS,portfolio_capacity:max4|capB1.5,0.078982,,0.195185,0.323045,,159.75,5.34872,0.0441947,,,0.0403392,-0.118807,0.367023
