period,round_trip_cost,slippage_bps_per_side,n_probes,pf,payoff,ev_slots_per_probe,pnl_per_100_slot_days,win_rate,pf_cagr,pf_mdd,pf_sharpe,pf_campaign_pf
DISCOVERY,0.003,0,695,2.30657,10.4162,0.0158979,0.308654,0.181295,0.170397,-0.0673598,1.92064,2.69518
DISCOVERY,0.003,25,695,2.03561,11.0639,0.0134744,0.271362,0.155396,0.119483,-0.0773237,1.46597,2.14026
DISCOVERY,0.003,50,695,1.83359,11.1699,0.0114976,0.240996,0.141007,0.134041,-0.0768881,1.57142,2.30081
DISCOVERY,0.0045,0,695,2.2105,10.6996,0.015251,0.296095,0.171223,0.164892,-0.0698723,1.86367,2.5862
DISCOVERY,0.0045,25,695,1.95572,10.8671,0.0128472,0.25873,0.152518,0.114394,-0.0796559,1.40748,2.05537
DISCOVERY,0.0045,50,695,1.76529,11.2866,0.0108832,0.228118,0.135252,0.128838,-0.0791252,1.51475,2.21021
DISCOVERY,0.007,0,695,2.06325,10.7399,0.0141729,0.275163,0.161151,0.155769,-0.0740475,1.76864,2.41969
DISCOVERY,0.007,25,695,1.8332,10.6577,0.0118018,0.237677,0.146763,0.105961,-0.0835318,1.31003,1.92526
DISCOVERY,0.007,50,695,1.66004,10.8805,0.00985919,0.206654,0.132374,0.120215,-0.0828437,1.42029,2.07106
DISCOVERY,0.01,0,695,1.90608,10.4745,0.0128791,0.250044,0.153957,0.144909,-0.0790374,1.65449,2.24158
DISCOVERY,0.01,25,695,1.70157,10.4901,0.0105473,0.212413,0.139568,0.0959188,-0.0881648,1.1932,1.78576
DISCOVERY,0.01,50,695,1.54614,10.6649,0.00863038,0.180898,0.126619,0.109948,-0.0872898,1.30695,1.92112
STRICT_OOS,0.003,0,385,1.37421,4.19495,0.00512554,0.117025,0.246753,0.0486126,-0.0850826,0.544211,1.42288
STRICT_OOS,0.003,25,385,1.16934,4.67736,0.00251233,0.0593039,0.2,0.00152532,-0.0908109,0.0618555,0.995819
STRICT_OOS,0.003,50,386,0.898447,4.12765,-0.00161139,-0.0423055,0.178756,-0.00896674,-0.0961704,-0.0569823,0.914811
STRICT_OOS,0.0045,0,385,1.31719,4.51177,0.00447982,0.102282,0.225974,0.0440189,-0.0867428,0.497944,1.3711
STRICT_OOS,0.0045,25,385,1.12328,4.80086,0.0018832,0.0444532,0.18961,-0.00293377,-0.0924913,0.0122906,0.960906
STRICT_OOS,0.0045,50,386,0.863767,4.18796,-0.00222217,-0.058341,0.170984,-0.0133685,-0.0978376,-0.106956,0.883702
STRICT_OOS,0.007,0,385,1.22927,4.47276,0.00340361,0.0777104,0.215584,0.0364047,-0.0895038,0.42097,1.2906
STRICT_OOS,0.007,25,385,1.0521,4.65295,0.000834657,0.0197022,0.184416,-0.010324,-0.0952861,-0.0701545,0.906584
STRICT_OOS,0.007,50,386,0.810126,4.49002,-0.00324015,-0.0850669,0.15285,-0.0206636,-0.10061,-0.190128,0.835266
STRICT_OOS,0.01,0,385,1.13425,4.61163,0.00211217,0.0482245,0.197403,0.0273363,-0.0928076,0.328845,1.20281
STRICT_OOS,0.01,25,385,0.974963,4.79982,-0.000423597,-0.00999906,0.168831,-0.019124,-0.09863,-0.168802,0.847194
STRICT_OOS,0.01,50,386,0.751817,4.33944,-0.00446171,-0.117138,0.147668,-0.0293503,-0.103928,-0.289719,0.782207
EXTENDED,0.003,0,731,1.39169,5.43599,0.00529685,0.122999,0.20383,0.0608536,-0.0850826,0.703709,1.57015
EXTENDED,0.003,25,731,1.18079,6.19661,0.00263892,0.0641839,0.160055,0.0206513,-0.109336,0.283736,1.16021
EXTENDED,0.003,50,732,0.973964,5.88125,-0.000408795,-0.0107273,0.142077,0.0136721,-0.122719,0.202532,1.09836
EXTENDED,0.0045,0,731,1.33325,5.83297,0.00465529,0.108101,0.186047,0.0560549,-0.0867428,0.652722,1.50891
EXTENDED,0.0045,25,731,1.13393,6.20151,0.0020163,0.0490407,0.154583,0.0160826,-0.114126,0.230628,1.1176
EXTENDED,0.0045,50,732,0.937012,5.92192,-0.00101801,-0.0267138,0.136612,0.00915598,-0.127598,0.14983,1.05875
EXTENDED,0.007,0,731,1.24349,5.91391,0.00358602,0.0832713,0.173735,0.0481021,-0.0895038,0.567854,1.41428
EXTENDED,0.007,25,731,1.06184,6.12525,0.000978617,0.023802,0.147743,0.00851098,-0.122053,0.142282,1.05171
EXTENDED,0.007,50,732,0.87995,6.12139,-0.00203336,-0.0533581,0.125683,0.00167122,-0.13567,0.062108,0.997342
EXTENDED,0.01,0,731,1.1471,6.01982,0.00230289,0.0534757,0.160055,0.0386327,-0.0959185,0.466218,1.31155
EXTENDED,0.01,25,731,0.984088,6.28226,-0.000266607,-0.00648444,0.135431,-0.000504922,-0.131476,0.0365647,0.980111
EXTENDED,0.01,50,732,0.818085,5.98689,-0.00325179,-0.0853311,0.120219,-0.00724141,-0.145264,-0.0429468,0.930438
