period,regime,n_top,volbeta_ctl_lift,top_n,top_fwd20_mean,top_fwd20_median,top_fwd20_ex_mean,top_p_leader20,top_p_leader30,top_p_leader40,top_p_mae10,top_maxc40_p90,top_fwd20_p95,top_fwd20_p05,all_p_leader20
DISCOVERY,MARKET_DOWN,1328,1.24655,1328,0.0446131,0.0244837,0.0117233,0.302711,0.173193,0.10994,0.412651,0.422901,0.316164,-0.163917,0.229072
DISCOVERY,MARKET_SIDEWAYS,19786,1.24474,19786,0.0238408,-0.00781252,0.00131898,0.312304,0.196795,0.128703,0.521787,0.460666,0.358517,-0.192967,0.212709
DISCOVERY,MARKET_UP,12935,1.32488,12935,0.0113677,-0.0237367,0.000777076,0.326426,0.215324,0.147595,0.596181,0.504709,0.353948,-0.212417,0.204745
STRICT_OOS,MARKET_DOWN,1932,1.08439,1932,-0.0511658,-0.0767932,-0.0100895,0.241969,0.171503,0.132124,0.704663,0.500508,0.374809,-0.325338,0.229395
STRICT_OOS,MARKET_SIDEWAYS,17343,1.22217,17343,0.0272539,-0.00546449,-0.0118663,0.367271,0.264715,0.19131,0.599307,0.620178,0.436458,-0.240471,0.280256
STRICT_OOS,MARKET_UP,11804,1.29612,11804,0.0565311,0.00293255,0.0241854,0.435579,0.312779,0.227468,0.6175,0.681261,0.508108,-0.224272,0.290165
Y2023,MARKET_DOWN,1043,1.32273,1043,0.027755,0.0137566,0.000745491,0.275168,0.146692,0.0958773,0.426654,0.389419,0.284482,-0.173699,0.194533
Y2023,MARKET_SIDEWAYS,10929,1.27655,10929,0.0182741,-0.00657895,0.00607626,0.307193,0.183565,0.116215,0.486365,0.433822,0.320176,-0.196734,0.203719
Y2023,MARKET_UP,5081,1.23582,5081,0.0263229,-0.0123285,0.0160213,0.337402,0.230118,0.15689,0.490945,0.535868,0.352169,-0.174445,0.212047
Y2024,MARKET_DOWN,364,1.1426,364,0.0817875,0.0488414,0.0351064,0.370879,0.244505,0.142857,0.384615,0.487454,0.344346,-0.11398,0.317566
Y2024,MARKET_SIDEWAYS,11745,1.24082,11745,0.0165548,-0.020202,-0.0112138,0.293647,0.189576,0.126214,0.592233,0.458202,0.366944,-0.196379,0.202929
Y2024,MARKET_UP,7931,1.37713,7931,0.00187172,-0.0325187,-0.00868358,0.317993,0.205144,0.14084,0.664607,0.488216,0.355731,-0.230181,0.19921
Y2025,MARKET_DOWN,1437,1.05749,1437,-0.0987311,-0.120662,-0.0214858,0.153203,0.0933148,0.060585,0.808496,0.284009,0.244259,-0.338794,0.13688
Y2025,MARKET_SIDEWAYS,10178,1.18659,10178,0.0230005,-0.00432908,-0.0111147,0.319772,0.219831,0.147406,0.566922,0.502068,0.355781,-0.19646,0.240633
Y2025,MARKET_UP,5741,1.40187,5741,0.0483897,0.00707463,0.0140634,0.38428,0.256013,0.170094,0.519519,0.542028,0.430896,-0.190435,0.231391
Y2026YTD,MARKET_DOWN,495,1.05362,495,0.0871011,0.0208369,0.0230382,0.5,0.398785,0.340081,0.402834,1.05173,0.625891,-0.185377,0.497361
Y2026YTD,MARKET_SIDEWAYS,7165,1.2583,7165,0.0332964,-0.00787402,-0.012934,0.448086,0.34108,0.266009,0.654406,0.809384,0.529461,-0.294633,0.347561
Y2026YTD,MARKET_UP,6063,1.23612,6063,0.0642361,-0.00359712,0.0337649,0.48741,0.370136,0.285438,0.716499,0.830532,0.598876,-0.248363,0.349468
