period,study,bucket,n,fwd20_mean,fwd20_median,fwd20_ex_mean,p_leader20,p_leader30,p_leader40,p_mae10,maxc40_p90,fwd20_p95,fwd20_p05
DISCOVERY,dr60,Q1,67432,0.0182873,-0.00120193,-0.000115597,0.25584,0.140779,0.0844049,0.47561,0.363853,0.264554,-0.161032
DISCOVERY,dr60,Q2,67612,0.0142502,-0.00188857,-0.00415394,0.204689,0.11358,0.0673669,0.404438,0.322894,0.233768,-0.145282
DISCOVERY,dr60,Q3,67599,0.013663,-5.41465e-09,-0.00473126,0.196334,0.102975,0.0561926,0.371436,0.304261,0.213572,-0.135714
DISCOVERY,dr60,Q4,67612,0.0132995,2.22045e-16,-0.00510376,0.171642,0.0906133,0.0524805,0.336154,0.284122,0.206897,-0.133771
DISCOVERY,dr60,Q5,67780,0.0123119,-0.00415542,-0.00609473,0.223191,0.131096,0.0825476,0.416943,0.356957,0.25839,-0.166181
DISCOVERY,dr60,TOP20%_volbeta_ctl_lift,67860,,,0.00581903,1.01584,,,,,,
DISCOVERY,dcap60,Q1,67432,0.0182818,-0.00126277,-0.000122199,0.255792,0.140702,0.0845075,0.475707,0.363971,0.26455,-0.161101
DISCOVERY,dcap60,Q2,67612,0.0140817,-0.00194174,-0.00432239,0.20432,0.113373,0.067145,0.404497,0.32266,0.233505,-0.145313
DISCOVERY,dcap60,Q3,67599,0.013947,-4.55838e-09,-0.00444619,0.197106,0.103583,0.0565929,0.371309,0.305419,0.214555,-0.135667
DISCOVERY,dcap60,Q4,67612,0.0131034,2.22045e-16,-0.00529988,0.171065,0.0900956,0.0521108,0.336272,0.283344,0.205809,-0.133805
DISCOVERY,dcap60,Q5,67780,0.0123978,-0.00411523,-0.00600886,0.223413,0.131288,0.0826361,0.416796,0.357502,0.258409,-0.16614
DISCOVERY,dcap60,TOP20%_volbeta_ctl_lift,67860,,,0.00605807,1.01711,,,,,,
DISCOVERY,up60,Q1,67432,0.00757158,-0.00314467,-0.0108282,0.173736,0.0915994,0.051851,0.368237,0.286169,0.196527,-0.139139
DISCOVERY,up60,Q2,67612,0.0127207,1.15279e-08,-0.00568267,0.157818,0.0808172,0.0469991,0.323298,0.265397,0.188842,-0.12518
DISCOVERY,up60,Q3,67599,0.0146346,-1.88251e-09,-0.00376587,0.189853,0.0978782,0.0563595,0.36482,0.296554,0.218246,-0.137931
DISCOVERY,up60,Q4,67612,0.0155083,-0.003003,-0.00289418,0.229846,0.129663,0.0766796,0.431781,0.346229,0.24898,-0.152191
DISCOVERY,up60,Q5,67780,0.0213256,-0.00326798,0.00292054,0.300018,0.178824,0.110939,0.515891,0.422934,0.3092,-0.18219
DISCOVERY,up60,TOP20%_volbeta_ctl_lift,67869,,,0.0293216,1.12217,,,,,,
DISCOVERY,ucap60,Q1,67432,0.0075888,-0.0031348,-0.01081,0.1737,0.0916628,0.0519274,0.368402,0.28629,0.196787,-0.13914
DISCOVERY,ucap60,Q2,67612,0.0127275,1.07199e-08,-0.00567691,0.158166,0.0808284,0.0470414,0.323417,0.265715,0.188778,-0.12515
DISCOVERY,ucap60,Q3,67599,0.0146018,-2.33702e-09,-0.00379757,0.18956,0.0978649,0.0563455,0.364751,0.296457,0.21875,-0.137995
DISCOVERY,ucap60,Q4,67612,0.0155194,-0.003003,-0.00288417,0.229932,0.129794,0.0765453,0.431627,0.346216,0.248993,-0.152164
DISCOVERY,ucap60,Q5,67780,0.0213231,-0.00322759,0.00291806,0.299914,0.178633,0.110968,0.515832,0.423039,0.309039,-0.182356
DISCOVERY,ucap60,TOP20%_volbeta_ctl_lift,67869,,,0.0291645,1.12105,,,,,,
DISCOVERY,asym60,Q1,67432,0.0152077,-0.00147275,-0.00319422,0.224892,0.120619,0.0693128,0.430695,0.331786,0.239539,-0.14986
DISCOVERY,asym60,Q2,67612,0.0120385,-0.00125391,-0.00636318,0.177726,0.0921839,0.0535619,0.370318,0.28685,0.205283,-0.133946
DISCOVERY,asym60,Q3,67599,0.0136063,3.32182e-09,-0.00479119,0.174989,0.0932132,0.0531019,0.339252,0.287904,0.201987,-0.131894
DISCOVERY,asym60,Q4,67612,0.014934,-5.98205e-10,-0.00346957,0.196045,0.106439,0.0629521,0.359844,0.311922,0.225309,-0.142002
DISCOVERY,asym60,Q5,67780,0.0160083,-0.006993,-0.00239828,0.277822,0.166445,0.103969,0.504132,0.409715,0.300338,-0.181682
DISCOVERY,asym60,TOP20%_volbeta_ctl_lift,67863,,,0.0212966,1.10056,,,,,,
DISCOVERY,DRxUP_grid,DR_T1|UP_T1,22166,0.0152194,-0.00192123,-0.00544193,0.218457,0.11426,0.0661552,0.425406,0.322719,0.232805,-0.145583
DISCOVERY,DRxUP_grid,DR_T1|UP_T2,35658,0.0162041,-3.54071e-09,-0.00317392,0.211669,0.111332,0.0650771,0.407742,0.318564,0.237443,-0.143538
DISCOVERY,DRxUP_grid,DR_T1|UP_T3,54705,0.018011,-0.00267381,0.00116149,0.26196,0.15054,0.0923715,0.48873,0.380885,0.274766,-0.167175
DISCOVERY,DRxUP_grid,DR_T2|UP_T1,40185,0.00834776,-0.00174519,-0.00935829,0.155521,0.0765287,0.0399194,0.339016,0.261905,0.178822,-0.125
DISCOVERY,DRxUP_grid,DR_T2|UP_T2,42142,0.0133687,-7.87167e-10,-0.00468095,0.172486,0.0861361,0.0472811,0.340652,0.27619,0.198404,-0.128314
DISCOVERY,DRxUP_grid,DR_T2|UP_T3,30354,0.0195169,1.76304e-09,-0.000292609,0.265575,0.152506,0.0886898,0.442559,0.376341,0.270733,-0.159001
DISCOVERY,DRxUP_grid,DR_T3|UP_T1,50178,0.00858545,-0.00111296,-0.00936862,0.154289,0.0838516,0.0507654,0.320916,0.269374,0.186965,-0.134402
DISCOVERY,DRxUP_grid,DR_T3|UP_T2,34881,0.0134952,-2.5982e-09,-0.00434489,0.185778,0.102738,0.0618208,0.354208,0.30567,0.217574,-0.143794
DISCOVERY,DRxUP_grid,DR_T3|UP_T3,27766,0.020194,-0.00877193,0.000268331,0.308767,0.190224,0.120849,0.537966,0.442778,0.338235,-0.194495
STRICT_OOS,dr60,Q1,61551,0.0374834,0.00664451,0.00592705,0.388515,0.264617,0.182349,0.558168,0.58079,0.391625,-0.222222
STRICT_OOS,dr60,Q2,61735,0.0226045,-0.00163399,-0.00896313,0.310943,0.193936,0.12883,0.525763,0.464492,0.324043,-0.204
STRICT_OOS,dr60,Q3,61731,0.0177085,-0.00304878,-0.0138564,0.269153,0.168208,0.108965,0.500734,0.421218,0.308892,-0.196226
STRICT_OOS,dr60,Q4,61735,0.0126048,-0.00489597,-0.0189693,0.220857,0.135251,0.0907928,0.450006,0.371387,0.272684,-0.179128
STRICT_OOS,dr60,Q5,61893,0.00693173,-0.00847459,-0.0246288,0.214787,0.135935,0.0939649,0.47716,0.381862,0.287398,-0.207836
STRICT_OOS,dr60,TOP20%_volbeta_ctl_lift,58816,,,-0.00299727,0.921754,,,,,,
STRICT_OOS,dcap60,Q1,61551,0.0373906,0.00653595,0.00583428,0.388259,0.264497,0.182263,0.558099,0.580815,0.391304,-0.222222
STRICT_OOS,dcap60,Q2,61735,0.0227697,-0.00144716,-0.00879734,0.31116,0.194343,0.129016,0.525822,0.464979,0.324661,-0.204
STRICT_OOS,dcap60,Q3,61731,0.0174589,-0.00312886,-0.0141065,0.268015,0.167051,0.108301,0.500776,0.419714,0.307738,-0.195804
STRICT_OOS,dcap60,Q4,61735,0.0128481,-0.00481733,-0.018726,0.221472,0.135421,0.0910487,0.448692,0.372549,0.274154,-0.178741
STRICT_OOS,dcap60,Q5,61893,0.00686527,-0.00857142,-0.0246953,0.215348,0.136633,0.0942712,0.478436,0.382811,0.287596,-0.208798
STRICT_OOS,dcap60,TOP20%_volbeta_ctl_lift,58816,,,-0.00282486,0.923037,,,,,,
STRICT_OOS,up60,Q1,61551,-0.000351548,-0.007088,-0.0319085,0.135975,0.0738231,0.04581,0.388093,0.244908,0.171958,-0.158895
STRICT_OOS,up60,Q2,61735,0.00984921,-0.00563777,-0.0217193,0.213512,0.120362,0.0764309,0.458415,0.336265,0.243823,-0.176849
STRICT_OOS,up60,Q3,61731,0.0201921,-0.00321544,-0.0113611,0.283252,0.174712,0.116253,0.514495,0.440184,0.316176,-0.194639
STRICT_OOS,up60,Q4,61735,0.0264906,-2.30904e-09,-0.00508661,0.345822,0.226596,0.15219,0.556756,0.517699,0.360006,-0.218363
STRICT_OOS,up60,Q5,61893,0.0409544,0.00627945,0.00938683,0.424412,0.301467,0.213508,0.593268,0.644631,0.443848,-0.249114
STRICT_OOS,up60,TOP20%_volbeta_ctl_lift,58826,,,0.0328826,1.0939,,,,,,
STRICT_OOS,ucap60,Q1,61551,-0.000192804,-0.00701525,-0.0317498,0.13743,0.0748327,0.0463747,0.388367,0.247342,0.173406,-0.159222
STRICT_OOS,ucap60,Q2,61735,0.00973876,-0.0058309,-0.0218297,0.212881,0.120242,0.0763968,0.458807,0.33588,0.242684,-0.176957
STRICT_OOS,ucap60,Q3,61731,0.0203297,-0.00315458,-0.0112236,0.28315,0.174473,0.115929,0.514308,0.439164,0.316801,-0.194498
STRICT_OOS,ucap60,Q4,61735,0.0264251,-2.05333e-09,-0.00515208,0.345362,0.22634,0.152309,0.556295,0.517941,0.360006,-0.218202
STRICT_OOS,ucap60,Q5,61893,0.0408348,0.00620092,0.00926725,0.424157,0.301075,0.213184,0.593251,0.644164,0.443875,-0.249083
STRICT_OOS,ucap60,TOP20%_volbeta_ctl_lift,58826,,,0.0324526,1.09211,,,,,,
STRICT_OOS,asym60,Q1,61551,0.0173307,-0.00615008,-0.0142214,0.300317,0.188038,0.125216,0.53509,0.456625,0.313582,-0.207089
STRICT_OOS,asym60,Q2,61735,0.0161554,-0.00316456,-0.0154156,0.243475,0.14719,0.0959262,0.472346,0.390588,0.276078,-0.181552
STRICT_OOS,asym60,Q3,61731,0.016225,-5.66146e-09,-0.0153458,0.23589,0.141114,0.0893162,0.435406,0.374146,0.263485,-0.171613
STRICT_OOS,asym60,Q4,61735,0.0233945,0.00117925,-0.00817048,0.267531,0.171046,0.114929,0.460758,0.439492,0.321168,-0.188659
STRICT_OOS,asym60,Q5,61893,0.0241262,-0.0110236,-0.00743828,0.356439,0.250055,0.179139,0.607839,0.592368,0.430786,-0.247492
STRICT_OOS,asym60,TOP20%_volbeta_ctl_lift,58819,,,0.0329428,1.10443,,,,,,
STRICT_OOS,DRxUP_grid,DR_T1|UP_T1,11784,0.0123937,-0.0105587,-0.0194698,0.285554,0.17356,0.112598,0.560055,0.424015,0.299303,-0.199575
STRICT_OOS,DRxUP_grid,DR_T1|UP_T2,35589,0.0233183,-0.00190475,-0.00818087,0.312901,0.19482,0.132204,0.533622,0.47798,0.333333,-0.204668
STRICT_OOS,DRxUP_grid,DR_T1|UP_T3,55373,0.0414559,0.0106762,0.00991715,0.406037,0.280818,0.194271,0.556563,0.6,0.404291,-0.225792
STRICT_OOS,DRxUP_grid,DR_T2|UP_T1,33364,0.0038046,-0.00929479,-0.0265809,0.182575,0.0989961,0.0592422,0.450751,0.297835,0.21329,-0.166402
STRICT_OOS,DRxUP_grid,DR_T2|UP_T2,41011,0.0163522,-0.00119474,-0.0163937,0.256808,0.151111,0.0936717,0.488079,0.384555,0.271378,-0.184168
STRICT_OOS,DRxUP_grid,DR_T2|UP_T3,28514,0.0362548,0.00362855,0.00501758,0.387879,0.271232,0.188144,0.557183,0.590791,0.427509,-0.237998
STRICT_OOS,DRxUP_grid,DR_T3|UP_T1,57598,0.00136009,-0.00493829,-0.0308224,0.124475,0.0650444,0.0419192,0.357531,0.230429,0.165174,-0.153203
STRICT_OOS,DRxUP_grid,DR_T3|UP_T2,26289,0.0154616,-0.00892061,-0.0143201,0.272969,0.173639,0.121218,0.536143,0.461477,0.339466,-0.208995
STRICT_OOS,DRxUP_grid,DR_T3|UP_T3,19123,0.0217222,-0.0168726,-0.0104582,0.393696,0.274746,0.193121,0.66743,0.607509,0.435822,-0.261329
Y2023,dr60,Q1,33743,0.0188539,1.01621e-09,0.00631033,0.251163,0.134266,0.0797001,0.429859,0.352624,0.253569,-0.153842
Y2023,dr60,Q2,33844,0.0174009,3.08272e-08,0.00485979,0.200733,0.110149,0.0615321,0.339668,0.314686,0.231597,-0.131718
Y2023,dr60,Q3,33839,0.0171462,0.00204395,0.00459923,0.193758,0.102494,0.0532273,0.302577,0.303371,0.211002,-0.124102
Y2023,dr60,Q4,33844,0.0174414,0.00508045,0.00489866,0.164618,0.0837421,0.0468944,0.248744,0.274703,0.190081,-0.115571
Y2023,dr60,Q5,33928,0.0181063,0.00221976,0.00555699,0.21803,0.123961,0.078651,0.320264,0.344679,0.24137,-0.142483
Y2023,dr60,TOP20%_volbeta_ctl_lift,33976,,,0.00982848,1.0538,,,,,,
Y2023,dcap60,Q1,33743,0.0188875,8.95267e-10,0.0063439,0.251371,0.134385,0.0797593,0.429888,0.352888,0.253577,-0.153842
Y2023,dcap60,Q2,33844,0.0173654,3.51348e-08,0.00482433,0.200408,0.11006,0.0615025,0.339727,0.314524,0.231583,-0.1316
Y2023,dcap60,Q3,33839,0.017189,0.00208992,0.00464204,0.194261,0.102672,0.0532864,0.302459,0.303612,0.211191,-0.123981
Y2023,dcap60,Q4,33844,0.0173347,0.00504203,0.00479193,0.163879,0.0832693,0.0466284,0.248862,0.274077,0.189129,-0.115672
Y2023,dcap60,Q5,33928,0.018172,0.0022422,0.00562275,0.218383,0.124226,0.0788279,0.320176,0.345006,0.241639,-0.142483
Y2023,dcap60,TOP20%_volbeta_ctl_lift,33976,,,0.010182,1.05588,,,,,,
Y2023,up60,Q1,33743,0.01093,0.00145137,-0.00161151,0.172115,0.0883844,0.0488159,0.295296,0.281585,0.187137,-0.126238
Y2023,up60,Q2,33844,0.0176048,0.00536335,0.00506445,0.1525,0.0758364,0.0435926,0.234336,0.258427,0.181603,-0.10969
Y2023,up60,Q3,33839,0.0184498,0.00326087,0.0058981,0.192072,0.0971003,0.0519051,0.286305,0.295872,0.20757,-0.123035
Y2023,up60,Q4,33844,0.0198519,0.001355,0.00730823,0.228378,0.127973,0.0727772,0.360754,0.339462,0.238804,-0.134502
Y2023,up60,Q5,33928,0.0220784,-0.00155591,0.00953202,0.282821,0.165065,0.102753,0.463627,0.406053,0.297508,-0.1701
Y2023,up60,TOP20%_volbeta_ctl_lift,33980,,,0.0178794,1.0676,,,,,,
Y2023,ucap60,Q1,33743,0.0108733,0.00146207,-0.00166568,0.171775,0.088244,0.0487017,0.295649,0.281331,0.187011,-0.12627
Y2023,ucap60,Q2,33844,0.0177224,0.00542742,0.0051795,0.153521,0.0762729,0.0440911,0.234315,0.25978,0.182676,-0.109685
Y2023,ucap60,Q3,33839,0.0184418,0.0032334,0.00589006,0.191599,0.0970412,0.0516686,0.286039,0.295835,0.207702,-0.122945
Y2023,ucap60,Q4,33844,0.0198098,0.00135321,0.00726614,0.228319,0.127855,0.0725999,0.360577,0.339286,0.238479,-0.134503
Y2023,ucap60,Q5,33928,0.0220669,-0.00155885,0.00952055,0.282674,0.164947,0.102783,0.463745,0.406133,0.297442,-0.1701
Y2023,ucap60,TOP20%_volbeta_ctl_lift,33980,,,0.0176951,1.06682,,,,,,
Y2023,asym60,Q1,33743,0.0174732,0.00207037,0.00493113,0.223477,0.117949,0.0652438,0.367571,0.326372,0.231438,-0.139558
Y2023,asym60,Q2,33844,0.0160836,0.00230947,0.00354192,0.1786,0.0921368,0.0522739,0.299371,0.287736,0.20298,-0.122525
Y2023,asym60,Q3,33839,0.0167629,0.00396825,0.00421477,0.169012,0.0880823,0.0487113,0.264395,0.28,0.193477,-0.117785
Y2023,asym60,Q4,33844,0.0190281,0.00437956,0.00648544,0.187607,0.0967437,0.0543999,0.278589,0.29467,0.205605,-0.122904
Y2023,asym60,Q5,33928,0.0195928,-0.00254452,0.00704366,0.269388,0.159558,0.0992778,0.430715,0.398188,0.287279,-0.163306
Y2023,asym60,TOP20%_volbeta_ctl_lift,33979,,,0.0189305,1.10561,,,,,,
Y2023,DRxUP_grid,DR_T1|UP_T1,9712,0.0163589,-4.48529e-09,0.00454806,0.22355,0.115896,0.0658288,0.375502,0.323689,0.228063,-0.142054
Y2023,DRxUP_grid,DR_T1|UP_T2,17104,0.0179903,0.00251894,0.00482264,0.207719,0.107368,0.0564328,0.342749,0.310585,0.227156,-0.13386
Y2023,DRxUP_grid,DR_T1|UP_T3,29505,0.0189448,-0.00117372,0.0065255,0.248136,0.138524,0.0852088,0.437636,0.362488,0.264118,-0.15521
Y2023,DRxUP_grid,DR_T2|UP_T1,19876,0.0122922,0.0015015,0.000699161,0.153668,0.0770856,0.0389957,0.266781,0.265482,0.179703,-0.114421
Y2023,DRxUP_grid,DR_T2|UP_T2,21336,0.0175745,0.0033336,0.00499894,0.175745,0.087568,0.0439715,0.262094,0.281726,0.194444,-0.113518
Y2023,DRxUP_grid,DR_T2|UP_T3,15188,0.0223483,0.00308646,0.00859272,0.258954,0.146036,0.0816434,0.386226,0.362847,0.260192,-0.144615
Y2023,DRxUP_grid,DR_T3|UP_T1,26733,0.0138738,0.00457669,0.000363865,0.149832,0.0762813,0.046951,0.232997,0.257225,0.172972,-0.115238
Y2023,DRxUP_grid,DR_T3|UP_T2,17960,0.0201773,0.00526317,0.00824596,0.187559,0.100852,0.0596425,0.262572,0.301215,0.209094,-0.121549
Y2023,DRxUP_grid,DR_T3|UP_T3,11784,0.0248098,-0.00257069,0.0135163,0.308665,0.190783,0.121361,0.457948,0.44,0.332863,-0.179523
Y2024,dr60,Q1,39718,0.0127529,-0.00840336,-0.00855153,0.245298,0.138134,0.0832683,0.535667,0.36188,0.264263,-0.167232
Y2024,dr60,Q2,39823,0.00623993,-0.00970874,-0.0150651,0.194832,0.108893,0.0663753,0.478691,0.316895,0.225372,-0.157502
Y2024,dr60,Q3,39811,0.00679067,-0.00677966,-0.0144967,0.190207,0.0978294,0.0550698,0.444252,0.296409,0.208176,-0.147825
Y2024,dr60,Q4,39823,0.00408843,-0.0093023,-0.0172145,0.169153,0.0903908,0.0527175,0.435704,0.281861,0.21316,-0.151105
Y2024,dr60,Q5,39915,0.000788669,-0.0174672,-0.0205167,0.218277,0.132129,0.0829157,0.529067,0.358867,0.265326,-0.187621
Y2024,dr60,TOP20%_volbeta_ctl_lift,39953,,,0.00445206,1.00178,,,,,,
Y2024,dcap60,Q1,39718,0.0127469,-0.00845996,-0.00855931,0.24509,0.137954,0.0834173,0.535804,0.362282,0.264418,-0.167264
Y2024,dcap60,Q2,39823,0.00593616,-0.00981997,-0.0153688,0.19453,0.108566,0.0659986,0.478842,0.316326,0.225067,-0.157401
Y2024,dcap60,Q3,39811,0.00723931,-0.00675676,-0.0140463,0.191041,0.0987112,0.0556993,0.444162,0.297951,0.209872,-0.147817
Y2024,dcap60,Q4,39823,0.00381971,-0.00927254,-0.0174833,0.168701,0.0898634,0.0522654,0.435654,0.28125,0.211774,-0.151204
Y2024,dcap60,Q5,39915,0.000918214,-0.0173997,-0.0203871,0.218402,0.132279,0.0829658,0.528917,0.359098,0.265524,-0.1875
Y2024,dcap60,TOP20%_volbeta_ctl_lift,39953,,,0.00457402,1.00237,,,,,,
Y2024,up60,Q1,39718,-0.00267901,-0.0140845,-0.0239794,0.163926,0.0882583,0.0498577,0.464533,0.27972,0.19458,-0.156221
Y2024,up60,Q2,39823,0.00291295,-0.00882354,-0.0183923,0.154117,0.0792937,0.0458381,0.42264,0.260751,0.1875,-0.139992
Y2024,up60,Q3,39811,0.005675,-0.00838457,-0.0156181,0.174982,0.0916742,0.055924,0.450784,0.285307,0.213043,-0.152814
Y2024,up60,Q4,39823,0.00841855,-0.01,-0.0128826,0.22078,0.124517,0.0756442,0.504822,0.34188,0.25218,-0.169061
Y2024,up60,Q5,39915,0.0162559,-0.00938967,-0.00504936,0.303535,0.183374,0.112921,0.580287,0.425825,0.310672,-0.191423
Y2024,up60,TOP20%_volbeta_ctl_lift,39958,,,0.0415832,1.18154,,,,,,
Y2024,ucap60,Q1,39718,-0.00260431,-0.0141093,-0.0239047,0.164153,0.0884849,0.0500844,0.464457,0.279983,0.195416,-0.156159
Y2024,ucap60,Q2,39823,0.00286375,-0.00882353,-0.0184415,0.153916,0.0789672,0.0454865,0.422665,0.260447,0.187079,-0.139974
Y2024,ucap60,Q3,39811,0.00555127,-0.00847689,-0.01574,0.174811,0.0916263,0.0560511,0.451298,0.285116,0.214503,-0.153069
Y2024,ucap60,Q4,39823,0.0085113,-0.01,-0.0127917,0.220975,0.12489,0.0756172,0.504558,0.342209,0.252685,-0.168839
Y2024,ucap60,Q5,39915,0.0162615,-0.00927391,-0.00504381,0.303485,0.183148,0.112946,0.580087,0.425825,0.310468,-0.191666
Y2024,ucap60,TOP20%_volbeta_ctl_lift,39958,,,0.0414689,1.18028,,,,,,
Y2024,asym60,Q1,39718,0.00637476,-0.0117417,-0.014929,0.210032,0.113741,0.0658223,0.510035,0.321216,0.232953,-0.159773
Y2024,asym60,Q2,39823,0.00370731,-0.00925926,-0.0175926,0.168249,0.0857947,0.0505576,0.450522,0.275002,0.198738,-0.14451
Y2024,asym60,Q3,39811,0.0064604,-0.00660066,-0.0148318,0.169727,0.0924758,0.053737,0.42045,0.284084,0.201605,-0.14444
Y2024,asym60,Q4,39823,0.00671901,-0.00914356,-0.0145846,0.192767,0.108187,0.065545,0.44897,0.314653,0.236365,-0.159342
Y2024,asym60,Q5,39915,0.00736761,-0.01723,-0.0139381,0.276762,0.167034,0.104591,0.593189,0.410442,0.303965,-0.197674
Y2024,asym60,TOP20%_volbeta_ctl_lift,39953,,,0.026788,1.12288,,,,,,
Y2024,DRxUP_grid,DR_T1|UP_T1,14965,0.00586616,-0.0111866,-0.0178238,0.198075,0.104918,0.0596766,0.495122,0.307428,0.224328,-0.151171
Y2024,DRxUP_grid,DR_T1|UP_T2,21757,0.00892982,-0.00837696,-0.0131668,0.198961,0.105319,0.0663357,0.479796,0.309859,0.230158,-0.154453
Y2024,DRxUP_grid,DR_T1|UP_T3,29559,0.0143227,-0.00705883,-0.00518481,0.264565,0.156607,0.0954395,0.553116,0.389854,0.282056,-0.177092
Y2024,DRxUP_grid,DR_T2|UP_T1,23771,-0.000514233,-0.00950569,-0.0213606,0.148567,0.069971,0.0358901,0.420751,0.25,0.170397,-0.137474
Y2024,DRxUP_grid,DR_T2|UP_T2,24675,0.00536993,-0.00716846,-0.0153324,0.161667,0.0803065,0.0471056,0.423545,0.263374,0.191886,-0.142626
Y2024,DRxUP_grid,DR_T2|UP_T3,17918,0.0134124,-0.00637666,-0.0093064,0.25953,0.149244,0.0888542,0.505721,0.375429,0.275526,-0.170635
Y2024,DRxUP_grid,DR_T3|UP_T1,27545,-0.00345476,-0.0137143,-0.0238428,0.148397,0.0854363,0.0506881,0.438619,0.269962,0.19084,-0.156511
Y2024,DRxUP_grid,DR_T3|UP_T2,19932,0.000866297,-0.0121951,-0.0203108,0.173315,0.0972452,0.0590597,0.459481,0.294151,0.215577,-0.165936
Y2024,DRxUP_grid,DR_T3|UP_T3,18968,0.0122041,-0.0180995,-0.0105598,0.30029,0.18397,0.116689,0.608437,0.436639,0.33151,-0.201191
Y2025,dr60,Q1,34346,0.0179569,5.43769e-09,-0.00699419,0.311834,0.192301,0.116941,0.507221,0.431367,0.30396,-0.217678
Y2025,dr60,Q2,34461,0.014433,-1.18162e-09,-0.0105437,0.262394,0.152734,0.0925345,0.469,0.382979,0.268937,-0.198034
Y2025,dr60,Q3,34449,0.0130238,-0.00134409,-0.011948,0.220954,0.13047,0.080611,0.454802,0.353766,0.262484,-0.186256
Y2025,dr60,Q4,34461,0.00476824,-0.00711746,-0.0202106,0.1731,0.101991,0.0644918,0.436292,0.303964,0.220524,-0.170732
Y2025,dr60,Q5,34550,0.00194566,-0.00895857,-0.0230223,0.177028,0.105105,0.06868,0.464198,0.309282,0.242115,-0.192108
Y2025,dr60,TOP20%_volbeta_ctl_lift,34576,,,0.00059224,0.92685,,,,,,
Y2025,dcap60,Q1,34346,0.0177928,3.91851e-09,-0.00715836,0.311484,0.192068,0.116708,0.507047,0.430915,0.303167,-0.217678
Y2025,dcap60,Q2,34461,0.01476,-5.52965e-11,-0.010216,0.263199,0.153223,0.0928221,0.468842,0.384132,0.26995,-0.198033
Y2025,dcap60,Q3,34449,0.0124937,-0.00169635,-0.0124789,0.218667,0.128557,0.0794227,0.455454,0.35098,0.260762,-0.185868
Y2025,dcap60,Q4,34461,0.00478048,-0.00711628,-0.0201984,0.173245,0.101962,0.0648111,0.435711,0.303949,0.220845,-0.170969
Y2025,dcap60,Q5,34550,0.00229911,-0.00887577,-0.0226689,0.178707,0.106784,0.0694907,0.464458,0.312869,0.244255,-0.192279
Y2025,dcap60,TOP20%_volbeta_ctl_lift,34576,,,0.00169118,0.932027,,,,,,
Y2025,up60,Q1,34346,-0.00317609,-0.00826444,-0.0281274,0.113907,0.0574632,0.0346294,0.404602,0.215949,0.164612,-0.161505
Y2025,up60,Q2,34461,0.00165816,-0.00583573,-0.023317,0.153833,0.0771196,0.0453371,0.427249,0.259708,0.194094,-0.172414
Y2025,up60,Q3,34449,0.00905967,-0.00441718,-0.0159075,0.217735,0.124503,0.075172,0.46976,0.342104,0.246429,-0.188482
Y2025,up60,Q4,34461,0.0178552,-3.63127e-10,-0.00712671,0.293518,0.178718,0.109576,0.497257,0.421227,0.294102,-0.201989
Y2025,up60,Q5,34550,0.0265959,0.0041514,0.00162492,0.365179,0.243993,0.158039,0.532135,0.506411,0.352452,-0.228338
Y2025,up60,TOP20%_volbeta_ctl_lift,34581,,,0.0369638,1.12404,,,,,,
Y2025,ucap60,Q1,34346,-0.00283711,-0.00810809,-0.0277884,0.116033,0.0591816,0.0356488,0.404689,0.219398,0.167153,-0.161729
Y2025,ucap60,Q2,34461,0.00170728,-0.00588235,-0.0232679,0.153455,0.0773518,0.0456274,0.427539,0.25984,0.193662,-0.172562
Y2025,ucap60,Q3,34449,0.00898227,-0.00454545,-0.0159849,0.21698,0.123806,0.0744171,0.469615,0.340984,0.246479,-0.188442
Y2025,ucap60,Q4,34461,0.0178519,-5.55112e-16,-0.00713008,0.293315,0.17834,0.10975,0.496676,0.421769,0.294767,-0.201924
Y2025,ucap60,Q5,34550,0.0262905,0.003937,0.00131952,0.364397,0.243124,0.157316,0.532482,0.505533,0.351351,-0.228316
Y2025,ucap60,TOP20%_volbeta_ctl_lift,34581,,,0.0359498,1.11932,,,,,,
Y2025,asym60,Q1,34346,0.0060548,-0.00731771,-0.018894,0.241372,0.135393,0.0805254,0.490229,0.355455,0.254954,-0.206952
Y2025,asym60,Q2,34461,0.0104903,-0.00163534,-0.0144891,0.203245,0.114233,0.0688124,0.439807,0.329787,0.237147,-0.177791
Y2025,asym60,Q3,34449,0.00868571,-0.00210974,-0.0162936,0.192039,0.107314,0.0620481,0.417177,0.313779,0.222482,-0.167637
Y2025,asym60,Q4,34461,0.0118554,-6.59938e-09,-0.0131149,0.205928,0.122297,0.0750965,0.434294,0.339927,0.254852,-0.180304
Y2025,asym60,Q5,34550,0.0149686,-0.0106383,-0.0100002,0.30218,0.20293,0.136483,0.549726,0.487013,0.348025,-0.22111
Y2025,asym60,TOP20%_volbeta_ctl_lift,34578,,,0.0374792,1.14979,,,,,,
Y2025,DRxUP_grid,DR_T1|UP_T1,6938,0.00318813,-0.0124654,-0.0225729,0.220332,0.119683,0.0657534,0.519971,0.332448,0.248546,-0.209433
Y2025,DRxUP_grid,DR_T1|UP_T2,19724,0.00858632,-0.00292397,-0.0157872,0.241773,0.133715,0.0802191,0.481416,0.353078,0.249129,-0.201128
Y2025,DRxUP_grid,DR_T1|UP_T3,30677,0.0242548,0.0061425,-0.000921036,0.34056,0.215336,0.133212,0.499234,0.458333,0.317176,-0.216844
Y2025,DRxUP_grid,DR_T2|UP_T1,18888,0.00112209,-0.00827586,-0.0229984,0.145618,0.0714853,0.0418321,0.427959,0.248423,0.189655,-0.166308
Y2025,DRxUP_grid,DR_T2|UP_T2,22669,0.00994549,-0.0010043,-0.0164359,0.195702,0.108375,0.0634984,0.440958,0.317397,0.228421,-0.180053
Y2025,DRxUP_grid,DR_T2|UP_T3,15871,0.029862,0.00808625,0.00593736,0.349322,0.235991,0.152222,0.490199,0.504593,0.351341,-0.213786
Y2025,DRxUP_grid,DR_T3|UP_T1,31513,-0.00377234,-0.00668896,-0.0290732,0.0951398,0.0457446,0.0291419,0.378115,0.193974,0.145833,-0.152239
Y2025,DRxUP_grid,DR_T3|UP_T2,15035,0.00533396,-0.010989,-0.0182576,0.210365,0.126073,0.0815648,0.49531,0.35,0.26306,-0.194833
Y2025,DRxUP_grid,DR_T3|UP_T3,10952,0.0161494,-0.013245,-0.00980554,0.347794,0.232441,0.151795,0.610284,0.510807,0.355639,-0.228414
Y2026YTD,dr60,Q1,27205,0.062136,0.016129,0.0222405,0.49778,0.367661,0.275549,0.630762,0.782353,0.490738,-0.228829
Y2026YTD,dr60,Q2,27274,0.0329287,-0.00340813,-0.00696614,0.380174,0.25269,0.180588,0.606705,0.614043,0.410635,-0.210232
Y2026YTD,dr60,Q3,27282,0.0236226,-0.00490798,-0.0162657,0.337829,0.221979,0.149365,0.56618,0.522797,0.364427,-0.207653
Y2026YTD,dr60,Q4,27274,0.0225052,-0.00263854,-0.0174011,0.288954,0.182676,0.128295,0.469561,0.474781,0.34138,-0.19081
Y2026YTD,dr60,Q5,27343,0.0132313,-0.00791557,-0.0266585,0.268632,0.1799,0.130022,0.495644,0.5,0.347667,-0.226049
Y2026YTD,dr60,TOP20%_volbeta_ctl_lift,24240,,,-0.00819688,0.92004,,,,,,
Y2026YTD,dcap60,Q1,27205,0.0621334,0.0160643,0.0222378,0.497656,0.367703,0.275673,0.630845,0.7825,0.490771,-0.228829
Y2026YTD,dcap60,Q2,27274,0.03289,-0.00354826,-0.00700482,0.379553,0.25298,0.180629,0.607078,0.614043,0.410635,-0.210202
Y2026YTD,dcap60,Q3,27282,0.0237271,-0.0047619,-0.0161613,0.338326,0.221896,0.149448,0.565352,0.522068,0.364108,-0.207631
Y2026YTD,dcap60,Q4,27274,0.0230404,-0.0024213,-0.0168659,0.290237,0.183131,0.128461,0.467202,0.476031,0.34159,-0.189463
Y2026YTD,dcap60,Q5,27343,0.0126343,-0.00817216,-0.0272555,0.2676,0.179198,0.129609,0.498369,0.497377,0.347664,-0.227757
Y2026YTD,dcap60,TOP20%_volbeta_ctl_lift,24240,,,-0.00944555,0.916405,,,,,,
Y2026YTD,up60,Q1,27205,0.00321379,-0.00502513,-0.0366813,0.167413,0.0971289,0.0617376,0.364576,0.294556,0.181818,-0.155718
Y2026YTD,up60,Q2,27274,0.0201974,-0.00524476,-0.0197007,0.298609,0.182021,0.120768,0.502856,0.453846,0.30866,-0.180511
Y2026YTD,up60,Q3,27282,0.03425,-7.6172e-09,-0.00562013,0.376635,0.246275,0.174805,0.578257,0.571966,0.395129,-0.201606
Y2026YTD,up60,Q4,27274,0.0374003,-0.00110132,-0.0025092,0.420406,0.294868,0.212955,0.641598,0.661428,0.440503,-0.236463
Y2026YTD,up60,Q5,27343,0.0590953,0.00955308,0.0191934,0.508875,0.383421,0.292602,0.680441,0.853451,0.550332,-0.270506
Y2026YTD,up60,TOP20%_volbeta_ctl_lift,24245,,,0.0289406,1.07027,,,,,,
Y2026YTD,ucap60,Q1,27205,0.00314502,-0.00502513,-0.0367501,0.167911,0.0971289,0.0616546,0.365115,0.294556,0.181818,-0.156164
Y2026YTD,ucap60,Q2,27274,0.0198854,-0.00574713,-0.0200128,0.297616,0.181401,0.120272,0.503394,0.452828,0.308185,-0.18099
Y2026YTD,ucap60,Q3,27282,0.034659,-2.24118e-11,-0.00521111,0.377462,0.246689,0.175095,0.578009,0.572081,0.395253,-0.201477
Y2026YTD,ucap60,Q4,27274,0.0372563,-0.00113943,-0.00265312,0.419578,0.294785,0.212997,0.641308,0.662011,0.440536,-0.236419
Y2026YTD,ucap60,Q5,27343,0.0592105,0.00980503,0.0193086,0.509371,0.38371,0.29285,0.679904,0.853451,0.550332,-0.270506
Y2026YTD,ucap60,TOP20%_volbeta_ctl_lift,24245,,,0.0293972,1.07135,,,,,,
Y2026YTD,asym60,Q1,27205,0.0315674,-0.00411398,-0.00832191,0.384306,0.263051,0.188895,0.599012,0.615385,0.389711,-0.207253
Y2026YTD,asym60,Q2,27274,0.0233128,-0.00465998,-0.0165862,0.300844,0.194189,0.134592,0.518748,0.49007,0.329914,-0.187296
Y2026YTD,asym60,Q3,27282,0.0257435,1.22318e-09,-0.0141491,0.298374,0.189276,0.12817,0.461379,0.481262,0.319872,-0.175922
Y2026YTD,asym60,Q4,27274,0.0379714,0.0045977,-0.00192446,0.355366,0.240553,0.171723,0.498489,0.583624,0.397531,-0.1992
Y2026YTD,asym60,Q5,27343,0.0356964,-0.0116279,-0.00420147,0.433815,0.317258,0.239967,0.69071,0.742093,0.522556,-0.275406
Y2026YTD,asym60,TOP20%_volbeta_ctl_lift,24241,,,0.0247278,1.07462,,,,,,
Y2026YTD,DRxUP_grid,DR_T1|UP_T1,4846,0.0255704,-0.00809307,-0.0150283,0.38291,0.253982,0.182523,0.619888,0.591245,0.352689,-0.192097
Y2026YTD,DRxUP_grid,DR_T1|UP_T2,15865,0.0416368,-3.33067e-16,0.00127715,0.410258,0.278456,0.203359,0.60508,0.643479,0.42806,-0.208979
Y2026YTD,DRxUP_grid,DR_T1|UP_T3,24696,0.06282,0.0179417,0.0233784,0.500897,0.375685,0.282732,0.639618,0.816963,0.50435,-0.237567
Y2026YTD,DRxUP_grid,DR_T2|UP_T1,14476,0.00730485,-0.0105634,-0.0312555,0.235099,0.138095,0.0839856,0.483143,0.366024,0.247406,-0.166424
Y2026YTD,DRxUP_grid,DR_T2|UP_T2,18342,0.0242682,-0.00134229,-0.0163415,0.345158,0.2129,0.137297,0.556208,0.484995,0.323004,-0.189731
Y2026YTD,DRxUP_grid,DR_T2|UP_T3,12643,0.0442798,-0.00171087,0.00386294,0.441959,0.320661,0.238529,0.651136,0.739454,0.518399,-0.263645
Y2026YTD,DRxUP_grid,DR_T3|UP_T1,26085,0.00755887,-0.00332319,-0.0329351,0.165927,0.092316,0.059974,0.328444,0.285289,0.192085,-0.154846
Y2026YTD,DRxUP_grid,DR_T3|UP_T2,11254,0.0289918,-0.00475624,-0.00905969,0.365332,0.243816,0.179721,0.596388,0.584996,0.422754,-0.225034
Y2026YTD,DRxUP_grid,DR_T3|UP_T3,8171,0.0291914,-0.025974,-0.011333,0.457865,0.333887,0.250894,0.747319,0.769197,0.537192,-0.297366
