family,feature,period,quintile,n,fwd20_mean,fwd20_median,fwd20_ex_mean,p_leader20,p_leader30,p_leader40,p_mae10,maxc40_p90,fwd20_p95,fwd20_p05,table,stock_vs_sector_T,sector_vs_market_T
SECTOR_REL,srs_5,DISCOVERY,1,67432,0.0145485,-0.00236406,-0.00385291,0.229149,0.12719,0.0730655,0.447426,0.341556,0.241721,-0.153731,feature_quintiles,,
SECTOR_REL,srs_5,DISCOVERY,2,67612,0.0123752,-1.40353e-08,-0.00602751,0.182302,0.0936215,0.0532972,0.36817,0.289531,0.205607,-0.134509,feature_quintiles,,
SECTOR_REL,srs_5,DISCOVERY,3,67599,0.0129332,0.00108697,-0.00546762,0.16916,0.0864811,0.0484117,0.330478,0.277162,0.195522,-0.129618,feature_quintiles,,
SECTOR_REL,srs_5,DISCOVERY,4,67612,0.0148995,1.94232e-09,-0.00350268,0.193013,0.102608,0.0600086,0.359756,0.30426,0.22013,-0.137921,feature_quintiles,,
SECTOR_REL,srs_5,DISCOVERY,5,67780,0.0170338,-0.00864801,-0.00137035,0.277858,0.169008,0.108112,0.498465,0.418465,0.309113,-0.182065,feature_quintiles,,
SECTOR_REL,srs_5,STRICT_OOS,1,61551,0.0190575,-0.00611309,-0.0125,0.302148,0.195328,0.132181,0.547566,0.476785,0.336778,-0.211699,feature_quintiles,,
SECTOR_REL,srs_5,STRICT_OOS,2,61735,0.0175515,-0.00189887,-0.0140207,0.262275,0.161122,0.105487,0.477582,0.412656,0.290741,-0.187752,feature_quintiles,,
SECTOR_REL,srs_5,STRICT_OOS,3,61731,0.0164996,-2.29571e-08,-0.0150636,0.241218,0.14615,0.0930542,0.438399,0.382008,0.271242,-0.179012,feature_quintiles,,
SECTOR_REL,srs_5,STRICT_OOS,4,61735,0.0177307,-0.00161096,-0.0138364,0.252064,0.156077,0.102641,0.4618,0.406717,0.29299,-0.188306,feature_quintiles,,
SECTOR_REL,srs_5,STRICT_OOS,5,61893,0.0263915,-0.0075,-0.005172,0.345972,0.238811,0.171199,0.586178,0.575571,0.419519,-0.235123,feature_quintiles,,
SECTOR_REL,srs_5,Y2023,1,33743,0.0193195,0.0026178,0.00677495,0.227222,0.124103,0.0702176,0.378209,0.335209,0.237761,-0.138367,feature_quintiles,,
SECTOR_REL,srs_5,Y2023,2,33844,0.0162846,0.00346056,0.00374571,0.178616,0.0902536,0.0500621,0.292748,0.285116,0.198673,-0.122392,feature_quintiles,,
SECTOR_REL,srs_5,Y2023,3,33839,0.0158722,0.00396825,0.00332155,0.160608,0.081161,0.0433883,0.25436,0.270119,0.188469,-0.114461,feature_quintiles,,
SECTOR_REL,srs_5,Y2023,4,33844,0.0178623,0.00332594,0.00532031,0.187081,0.0963033,0.0549629,0.28498,0.29491,0.20915,-0.124904,feature_quintiles,,
SECTOR_REL,srs_5,Y2023,5,33928,0.0196074,-0.00372439,0.00705983,0.274555,0.162658,0.101285,0.430374,0.403109,0.289514,-0.167264,feature_quintiles,,
SECTOR_REL,srs_5,Y2024,1,39718,0.00397761,-0.0136325,-0.0173238,0.216998,0.121481,0.0698061,0.533568,0.334346,0.236586,-0.167151,feature_quintiles,,
SECTOR_REL,srs_5,Y2024,2,39823,0.00381097,-0.00973236,-0.0174943,0.176332,0.0912927,0.0530176,0.456765,0.284629,0.202523,-0.146424,feature_quintiles,,
SECTOR_REL,srs_5,Y2024,3,39811,0.00617814,-0.00552486,-0.0151168,0.167797,0.0864486,0.0498191,0.414682,0.275,0.194327,-0.144995,feature_quintiles,,
SECTOR_REL,srs_5,Y2024,4,39823,0.00751981,-0.00733049,-0.0137812,0.18767,0.102461,0.0603466,0.443295,0.304525,0.221499,-0.1514,feature_quintiles,,
SECTOR_REL,srs_5,Y2024,5,39915,0.00913179,-0.0186046,-0.0121707,0.268773,0.165568,0.107264,0.574954,0.417234,0.315913,-0.195376,feature_quintiles,,
SECTOR_REL,srs_5,Y2025,1,34346,0.00986802,-0.00645161,-0.0150772,0.246323,0.149273,0.0941077,0.499461,0.386171,0.276998,-0.200966,feature_quintiles,,
SECTOR_REL,srs_5,Y2025,2,34461,0.00817885,-0.00328678,-0.0168057,0.207593,0.116887,0.0692267,0.442703,0.330642,0.239129,-0.183807,feature_quintiles,,
SECTOR_REL,srs_5,Y2025,3,34449,0.00835289,-0.00220529,-0.0166181,0.194408,0.108992,0.0629446,0.414221,0.316248,0.228697,-0.177366,feature_quintiles,,
SECTOR_REL,srs_5,Y2025,4,34461,0.0101213,-0.00190201,-0.0148538,0.207836,0.11975,0.0719779,0.433232,0.333333,0.24187,-0.180613,feature_quintiles,,
SECTOR_REL,srs_5,Y2025,5,34550,0.0155448,-0.00791929,-0.00942584,0.288659,0.187353,0.124786,0.541678,0.456197,0.334595,-0.214728,feature_quintiles,,
SECTOR_REL,srs_5,Y2026YTD,1,27205,0.0306572,-0.00554786,-0.00924675,0.38167,0.260933,0.186416,0.61609,0.623594,0.419677,-0.224044,feature_quintiles,,
SECTOR_REL,srs_5,Y2026YTD,2,27274,0.0293918,2.22045e-16,-0.0105024,0.340245,0.224195,0.157189,0.527316,0.542639,0.361844,-0.191116,feature_quintiles,,
SECTOR_REL,srs_5,Y2026YTD,3,27282,0.0267863,6.66134e-16,-0.0131008,0.307928,0.199106,0.135965,0.472857,0.489251,0.327294,-0.180309,feature_quintiles,,
SECTOR_REL,srs_5,Y2026YTD,4,27274,0.0273461,-0.00130039,-0.0125509,0.315147,0.20789,0.146376,0.502546,0.52465,0.360098,-0.198142,feature_quintiles,,
SECTOR_REL,srs_5,Y2026YTD,5,27343,0.0400947,-0.00681463,0.000202127,0.427693,0.312183,0.237378,0.64963,0.743281,0.505615,-0.255721,feature_quintiles,,
SECTOR_REL,srs_10,DISCOVERY,1,67432,0.0132029,-0.00253164,-0.0051993,0.216978,0.117122,0.0662148,0.437501,0.327068,0.232558,-0.15109,feature_quintiles,,
SECTOR_REL,srs_10,DISCOVERY,2,67612,0.0120347,-4.43855e-09,-0.00636726,0.178279,0.0917133,0.0511671,0.36033,0.286948,0.2,-0.131363,feature_quintiles,,
SECTOR_REL,srs_10,DISCOVERY,3,67599,0.0129218,1.14314e-08,-0.00547584,0.166933,0.0853233,0.0483356,0.32959,0.27533,0.195313,-0.128898,feature_quintiles,,
SECTOR_REL,srs_10,DISCOVERY,4,67612,0.014705,-4.44089e-16,-0.00369921,0.197917,0.105585,0.0616384,0.36631,0.308932,0.221888,-0.139529,feature_quintiles,,
SECTOR_REL,srs_10,DISCOVERY,5,67780,0.0189173,-0.00804444,0.000512089,0.291306,0.17911,0.115502,0.510505,0.434013,0.322254,-0.186484,feature_quintiles,,
SECTOR_REL,srs_10,STRICT_OOS,1,61551,0.0168021,-0.00684933,-0.0147533,0.293422,0.18654,0.124166,0.541737,0.458737,0.314827,-0.208925,feature_quintiles,,
SECTOR_REL,srs_10,STRICT_OOS,2,61735,0.0169806,-2.74839e-08,-0.0145901,0.258317,0.157266,0.102126,0.469274,0.405263,0.279333,-0.186817,feature_quintiles,,
SECTOR_REL,srs_10,STRICT_OOS,3,61731,0.0162708,-6.95275e-10,-0.0152929,0.239,0.14458,0.0927983,0.439866,0.381579,0.269142,-0.177267,feature_quintiles,,
SECTOR_REL,srs_10,STRICT_OOS,4,61735,0.0184345,-0.00251097,-0.0131368,0.256479,0.160033,0.106359,0.465733,0.416645,0.305309,-0.188847,feature_quintiles,,
SECTOR_REL,srs_10,STRICT_OOS,5,61893,0.0287306,-0.00726392,-0.00283184,0.356411,0.249021,0.179073,0.594881,0.599249,0.437404,-0.237432,feature_quintiles,,
SECTOR_REL,srs_10,Y2023,1,33743,0.0183989,0.00164474,0.0058542,0.215948,0.115192,0.0645324,0.369201,0.323198,0.231431,-0.136555,feature_quintiles,,
SECTOR_REL,srs_10,Y2023,2,33844,0.016583,0.00373485,0.00404355,0.175148,0.0897163,0.0487589,0.283688,0.283784,0.195122,-0.119094,feature_quintiles,,
SECTOR_REL,srs_10,Y2023,3,33839,0.0167792,0.00429185,0.00423103,0.159096,0.0804788,0.0448352,0.247968,0.268016,0.186457,-0.114476,feature_quintiles,,
SECTOR_REL,srs_10,Y2023,4,33844,0.0173219,0.00328951,0.00477854,0.190366,0.096779,0.0537825,0.292346,0.296016,0.209099,-0.125006,feature_quintiles,,
SECTOR_REL,srs_10,Y2023,5,33928,0.0198598,-0.00375,0.00731191,0.287458,0.172262,0.107973,0.447399,0.417615,0.294957,-0.174212,feature_quintiles,,
SECTOR_REL,srs_10,Y2024,1,39718,0.00220922,-0.0128755,-0.0190928,0.204528,0.111506,0.0625771,0.525371,0.319694,0.224257,-0.165992,feature_quintiles,,
SECTOR_REL,srs_10,Y2024,2,39823,0.00317346,-0.00933611,-0.01813,0.172163,0.08853,0.0497275,0.448904,0.280165,0.195752,-0.144834,feature_quintiles,,
SECTOR_REL,srs_10,Y2024,3,39811,0.00487841,-0.00705219,-0.0164145,0.164552,0.0845622,0.0483105,0.419596,0.27178,0.19393,-0.144287,feature_quintiles,,
SECTOR_REL,srs_10,Y2024,4,39823,0.00828752,-0.00769231,-0.0130164,0.194606,0.108014,0.0654964,0.44745,0.315053,0.229559,-0.154679,feature_quintiles,,
SECTOR_REL,srs_10,Y2024,5,39915,0.0120579,-0.0173473,-0.0092449,0.281659,0.174593,0.114107,0.581909,0.431424,0.333333,-0.196899,feature_quintiles,,
SECTOR_REL,srs_10,Y2025,1,34346,0.00746971,-0.00743495,-0.0174824,0.237149,0.141101,0.0864956,0.49486,0.366998,0.262633,-0.202823,feature_quintiles,,
SECTOR_REL,srs_10,Y2025,2,34461,0.00732919,-0.00255754,-0.0176492,0.200331,0.112182,0.0663222,0.435956,0.322401,0.233333,-0.184572,feature_quintiles,,
SECTOR_REL,srs_10,Y2025,3,34449,0.0086677,-0.00204082,-0.0163059,0.194211,0.109546,0.0628303,0.417949,0.317645,0.227879,-0.17456,feature_quintiles,,
SECTOR_REL,srs_10,Y2025,4,34461,0.0109394,-0.00257732,-0.0140368,0.213195,0.123737,0.0755834,0.435127,0.34221,0.25,-0.180662,feature_quintiles,,
SECTOR_REL,srs_10,Y2025,5,34550,0.0176469,-0.00694043,-0.00731931,0.299873,0.19564,0.131768,0.547368,0.473253,0.349584,-0.213259,feature_quintiles,,
SECTOR_REL,srs_10,Y2026YTD,1,27205,0.0285841,-0.0058939,-0.011308,0.373594,0.251276,0.177835,0.608522,0.596,0.392575,-0.215687,feature_quintiles,,
SECTOR_REL,srs_10,Y2026YTD,2,27274,0.0291737,1.88217e-09,-0.0107254,0.341004,0.221555,0.153181,0.516783,0.524785,0.344444,-0.188857,feature_quintiles,,
SECTOR_REL,srs_10,Y2026YTD,3,27282,0.0258703,0.00156495,-0.0140138,0.302826,0.194505,0.135504,0.471099,0.488928,0.324602,-0.181319,feature_quintiles,,
SECTOR_REL,srs_10,Y2026YTD,4,27274,0.0279035,-0.00244722,-0.0119997,0.318199,0.211788,0.150242,0.509375,0.530081,0.368722,-0.197003,feature_quintiles,,
SECTOR_REL,srs_10,Y2026YTD,5,27343,0.0427339,-0.00783324,0.00283771,0.437036,0.325144,0.246532,0.662634,0.778981,0.526539,-0.263924,feature_quintiles,,
SECTOR_REL,sec_outp_10,DISCOVERY,1,78410,0.0112582,-0.00291121,-0.00743243,0.184084,0.0960089,0.0546436,0.39836,0.293388,0.208123,-0.138137,feature_quintiles,,
SECTOR_REL,sec_outp_10,DISCOVERY,2,70660,0.0134797,-0.00118872,-0.00438842,0.19827,0.104776,0.0597769,0.379753,0.308471,0.220723,-0.141831,feature_quintiles,,
SECTOR_REL,sec_outp_10,DISCOVERY,3,44433,0.0191125,0.00458016,-0.00418975,0.214665,0.116223,0.0652458,0.38434,0.323846,0.236184,-0.146101,feature_quintiles,,
SECTOR_REL,sec_outp_10,DISCOVERY,4,69783,0.01397,-0.00255102,-0.00357195,0.21193,0.118298,0.0714316,0.409657,0.330635,0.244094,-0.153647,feature_quintiles,,
SECTOR_REL,sec_outp_10,DISCOVERY,5,73998,0.0161573,-0.00325733,-0.000326462,0.24503,0.144301,0.0909165,0.423943,0.377778,0.274009,-0.166318,feature_quintiles,,
SECTOR_REL,sec_outp_10,STRICT_OOS,1,67692,0.0149436,-0.00447403,-0.0159694,0.266681,0.163714,0.106198,0.499727,0.415385,0.288031,-0.196688,feature_quintiles,,
SECTOR_REL,sec_outp_10,STRICT_OOS,2,65049,0.0174678,-0.00319414,-0.0116614,0.269448,0.169665,0.111822,0.494217,0.428571,0.300848,-0.192861,feature_quintiles,,
SECTOR_REL,sec_outp_10,STRICT_OOS,3,43149,0.0200849,-0.00182648,-0.0118101,0.28318,0.177816,0.119387,0.508335,0.443995,0.331385,-0.215588,feature_quintiles,,
SECTOR_REL,sec_outp_10,STRICT_OOS,4,64765,0.0212774,-0.00306279,-0.0112406,0.283124,0.184821,0.127061,0.491464,0.471338,0.331494,-0.194964,feature_quintiles,,
SECTOR_REL,sec_outp_10,STRICT_OOS,5,66688,0.0242669,-0.00254453,-0.00875328,0.301393,0.200411,0.139785,0.516632,0.50062,0.374059,-0.213327,feature_quintiles,,
SECTOR_REL,sec_outp_10,Y2023,1,39448,0.0144507,4.00818e-09,0.00291707,0.177513,0.090886,0.0512866,0.328863,0.285315,0.202003,-0.12837,feature_quintiles,,
SECTOR_REL,sec_outp_10,Y2023,2,37783,0.0174663,0.00281096,0.00533684,0.194711,0.100069,0.0550379,0.315296,0.300101,0.212065,-0.127318,feature_quintiles,,
SECTOR_REL,sec_outp_10,Y2023,3,22018,0.0285202,0.0135672,0.00649618,0.218821,0.115996,0.0628577,0.279771,0.321681,0.233555,-0.126012,feature_quintiles,,
SECTOR_REL,sec_outp_10,Y2023,4,33139,0.0154587,-9.19561e-10,0.00472848,0.203259,0.111332,0.0651577,0.342478,0.317754,0.230635,-0.137326,feature_quintiles,,
SECTOR_REL,sec_outp_10,Y2023,5,36497,0.0175639,-6.2375e-09,0.00754972,0.240368,0.139667,0.086343,0.355428,0.369511,0.257097,-0.152341,feature_quintiles,,
SECTOR_REL,sec_outp_10,Y2024,1,46041,0.00206592,-0.0120968,-0.0205274,0.178546,0.0935199,0.0530489,0.488997,0.289102,0.203226,-0.151326,feature_quintiles,,
SECTOR_REL,sec_outp_10,Y2024,2,39163,0.00381099,-0.0115157,-0.0177176,0.190919,0.103657,0.0609071,0.469712,0.307436,0.220553,-0.156806,feature_quintiles,,
SECTOR_REL,sec_outp_10,Y2024,3,28168,0.00405469,-0.010343,-0.0164255,0.195306,0.107683,0.061173,0.493254,0.31238,0.226274,-0.164286,feature_quintiles,,
SECTOR_REL,sec_outp_10,Y2024,4,41872,0.00864084,-0.00787402,-0.0123314,0.211489,0.119169,0.0725666,0.475672,0.333957,0.245274,-0.166667,feature_quintiles,,
SECTOR_REL,sec_outp_10,Y2024,5,43325,0.0114882,-0.00909091,-0.00911333,0.239151,0.141482,0.0903278,0.495522,0.373913,0.282576,-0.177483,feature_quintiles,,
SECTOR_REL,sec_outp_10,Y2025,1,39454,0.00730524,-0.0048251,-0.0170617,0.216397,0.125311,0.075166,0.462937,0.34375,0.246259,-0.192677,feature_quintiles,,
SECTOR_REL,sec_outp_10,Y2025,2,38137,0.00761522,-0.00480768,-0.0152337,0.218145,0.129124,0.0767193,0.464329,0.348896,0.251385,-0.194329,feature_quintiles,,
SECTOR_REL,sec_outp_10,Y2025,3,22159,0.00644799,-0.00515199,-0.0140183,0.233144,0.13652,0.0841682,0.476758,0.360606,0.270292,-0.226945,feature_quintiles,,
SECTOR_REL,sec_outp_10,Y2025,4,34696,0.0120912,-0.0041841,-0.0147187,0.227857,0.137816,0.0876773,0.455397,0.370115,0.267099,-0.178337,feature_quintiles,,
SECTOR_REL,sec_outp_10,Y2025,5,37108,0.0170271,-0.00108696,-0.0113061,0.249946,0.152577,0.0988786,0.475442,0.396722,0.290323,-0.184499,feature_quintiles,,
SECTOR_REL,sec_outp_10,Y2026YTD,1,28238,0.0256153,-0.00403973,-0.0144434,0.347236,0.225237,0.155911,0.558665,0.537071,0.348066,-0.201309,feature_quintiles,,
SECTOR_REL,sec_outp_10,Y2026YTD,2,26912,0.0314279,-2.22045e-16,-0.00659985,0.353842,0.236355,0.169565,0.543384,0.578,0.369688,-0.190397,feature_quintiles,,
SECTOR_REL,sec_outp_10,Y2026YTD,3,20990,0.0344833,0.00210313,-0.0094787,0.339251,0.224093,0.158853,0.543721,0.543845,0.404816,-0.202359,feature_quintiles,,
SECTOR_REL,sec_outp_10,Y2026YTD,4,30069,0.0318758,-0.00131406,-0.007228,0.355225,0.246145,0.17844,0.538517,0.60975,0.406513,-0.214082,feature_quintiles,,
SECTOR_REL,sec_outp_10,Y2026YTD,5,29580,0.0333478,-0.00425532,-0.00555122,0.374531,0.268414,0.197938,0.57519,0.657715,0.462842,-0.24536,feature_quintiles,,
,,DISCOVERY,,31105,0.0159463,0.00118485,-0.00628137,0.2202,0.116531,0.0678157,0.408277,0.327439,0.228207,-0.142857,stock_vs_sector_x_sector_vs_market,1,1
,,DISCOVERY,,36351,0.0118095,-0.0015083,-0.0060548,0.194524,0.102146,0.0558063,0.41552,0.303264,0.214103,-0.143156,stock_vs_sector_x_sector_vs_market,1,2
,,DISCOVERY,,45073,0.0105617,-0.00434468,-0.00562862,0.197213,0.105086,0.0587778,0.409625,0.30814,0.220013,-0.145833,stock_vs_sector_x_sector_vs_market,1,3
,,DISCOVERY,,40078,0.0155781,0.0039722,-0.00566438,0.171973,0.0890059,0.0494061,0.321814,0.280932,0.194966,-0.125895,stock_vs_sector_x_sector_vs_market,2,1
,,DISCOVERY,,40082,0.012598,0.00112932,-0.00470851,0.160944,0.0814702,0.0464867,0.316424,0.267844,0.187815,-0.126781,stock_vs_sector_x_sector_vs_market,2,2
,,DISCOVERY,,32521,0.011234,-0.00360578,-0.00502066,0.17966,0.0945352,0.0538795,0.368792,0.290612,0.210693,-0.136847,stock_vs_sector_x_sector_vs_market,2,3
,,DISCOVERY,,41495,0.021781,0.00137269,0.00111257,0.247349,0.141473,0.0875108,0.402921,0.369527,0.274453,-0.156776,stock_vs_sector_x_sector_vs_market,3,1
,,DISCOVERY,,36245,0.0197468,-0.00228687,0.00104497,0.257327,0.149732,0.0940173,0.443071,0.385416,0.28641,-0.166667,stock_vs_sector_x_sector_vs_market,3,2
,,DISCOVERY,,35085,0.00964625,-0.0157895,-0.00577153,0.271058,0.167213,0.107352,0.538525,0.416799,0.305085,-0.188235,stock_vs_sector_x_sector_vs_market,3,3
,,DISCOVERY,,67867,,,0.0402727,1.19159,,,,,,,stock_vs_sector_x_sector_vs_market,stock_specific_top20,volbeta_ctl_lift
,,DISCOVERY,,67600,,,0.000176583,1.01051,,,,,,,stock_vs_sector_x_sector_vs_market,sector_beta_top20,volbeta_ctl_lift
,,DISCOVERY,,67867,,,0.0439097,1.21769,,,,,,,stock_vs_sector_x_sector_vs_market,market_rel_top20,volbeta_ctl_lift
,,STRICT_OOS,,28339,0.0318947,0.00262813,-0.00743196,0.305836,0.188356,0.123198,0.545183,0.448588,0.327365,-0.17008,stock_vs_sector_x_sector_vs_market,1,1
,,STRICT_OOS,,34245,0.00876334,-0.00610998,-0.0177119,0.259107,0.160708,0.106604,0.477035,0.417722,0.283691,-0.228574,stock_vs_sector_x_sector_vs_market,1,2
,,STRICT_OOS,,40162,0.013811,-0.0069525,-0.0166072,0.283299,0.181319,0.119289,0.5252,0.449235,0.301857,-0.199829,stock_vs_sector_x_sector_vs_market,1,3
,,STRICT_OOS,,37263,0.0250003,0.00360685,-0.0151442,0.241118,0.137565,0.084023,0.423315,0.362222,0.264962,-0.147303,stock_vs_sector_x_sector_vs_market,2,1
,,STRICT_OOS,,34580,0.00791513,-0.00126422,-0.0187068,0.220175,0.132499,0.0847228,0.4166,0.359974,0.25,-0.208128,stock_vs_sector_x_sector_vs_market,2,2
,,STRICT_OOS,,31046,0.0151717,-0.00604596,-0.0115995,0.263307,0.171436,0.117448,0.502592,0.443336,0.30301,-0.188629,stock_vs_sector_x_sector_vs_market,2,3
,,STRICT_OOS,,37279,0.0300197,5.216e-09,-0.00850338,0.29469,0.187858,0.125221,0.503887,0.464561,0.360979,-0.191389,stock_vs_sector_x_sector_vs_market,3,1
,,STRICT_OOS,,34057,0.0149266,-0.00822707,-0.0104452,0.30442,0.203164,0.140063,0.528203,0.494983,0.357711,-0.238855,stock_vs_sector_x_sector_vs_market,3,2
,,STRICT_OOS,,31674,0.0297009,-0.010929,-0.000346978,0.367623,0.265128,0.199415,0.62228,0.660666,0.449526,-0.233189,stock_vs_sector_x_sector_vs_market,3,3
,,STRICT_OOS,,58818,,,0.0396875,1.13724,,,,,,,stock_vs_sector_x_sector_vs_market,stock_specific_top20,volbeta_ctl_lift
,,STRICT_OOS,,57479,,,0.0317448,1.09987,,,,,,,stock_vs_sector_x_sector_vs_market,sector_beta_top20,volbeta_ctl_lift
,,STRICT_OOS,,58818,,,0.0473996,1.16826,,,,,,,stock_vs_sector_x_sector_vs_market,market_rel_top20,volbeta_ctl_lift
,,Y2023,,15594,0.0224583,0.0080483,0.004043,0.225629,0.121408,0.0688173,0.315482,0.333333,0.227339,-0.123162,stock_vs_sector_x_sector_vs_market,1,1
,,Y2023,,17731,0.0214171,0.00634921,0.00898491,0.194562,0.0970271,0.0523495,0.318666,0.295726,0.218219,-0.125985,stock_vs_sector_x_sector_vs_market,1,2
,,Y2023,,22996,0.0105926,-0.00509684,0.00194874,0.187231,0.099639,0.0549298,0.371983,0.299486,0.213434,-0.138544,stock_vs_sector_x_sector_vs_market,1,3
,,Y2023,,20021,0.0219149,0.00960721,0.00523538,0.169572,0.088607,0.0481994,0.216523,0.281437,0.189796,-0.105769,stock_vs_sector_x_sector_vs_market,2,1
,,Y2023,,20430,0.0169609,0.00435576,0.00576365,0.150739,0.0728973,0.0399491,0.23191,0.256292,0.180204,-0.110327,stock_vs_sector_x_sector_vs_market,2,2
,,Y2023,,15949,0.0115665,-0.00334171,0.00247837,0.171454,0.0903048,0.0506083,0.327292,0.284541,0.19963,-0.128608,stock_vs_sector_x_sector_vs_market,2,3
,,Y2023,,20784,0.0254057,0.00656168,0.00883019,0.242241,0.132814,0.080025,0.31192,0.354839,0.251142,-0.134375,stock_vs_sector_x_sector_vs_market,3,1
,,Y2023,,18238,0.0207105,8.09468e-09,0.00850478,0.24841,0.137969,0.0819259,0.37766,0.35913,0.267646,-0.152691,stock_vs_sector_x_sector_vs_market,3,2
,,Y2023,,17455,0.00921559,-0.0144928,0.00111521,0.271873,0.165072,0.104165,0.500487,0.410496,0.288897,-0.181167,stock_vs_sector_x_sector_vs_market,3,3
,,Y2023,,33979,,,0.0366609,1.19727,,,,,,,stock_vs_sector_x_sector_vs_market,stock_specific_top20,volbeta_ctl_lift
,,Y2023,,33833,,,-0.00159342,1.00099,,,,,,,stock_vs_sector_x_sector_vs_market,sector_beta_top20,volbeta_ctl_lift
,,Y2023,,33979,,,0.0400033,1.21223,,,,,,,stock_vs_sector_x_sector_vs_market,market_rel_top20,volbeta_ctl_lift
,,Y2024,,18176,0.004334,-0.0110999,-0.0156797,0.202124,0.105437,0.0609729,0.487893,0.310202,0.220819,-0.155702,stock_vs_sector_x_sector_vs_market,1,1
,,Y2024,,21740,0.00144287,-0.0123311,-0.0196709,0.189565,0.100672,0.0547069,0.508144,0.301291,0.20526,-0.155903,stock_vs_sector_x_sector_vs_market,1,2
,,Y2024,,26365,0.00184652,-0.0111625,-0.0204915,0.190464,0.103558,0.0581898,0.500266,0.306864,0.214874,-0.163932,stock_vs_sector_x_sector_vs_market,1,3
,,Y2024,,23594,0.00633083,-0.00578035,-0.0139534,0.165437,0.0854527,0.0475161,0.398694,0.273135,0.19025,-0.138847,stock_vs_sector_x_sector_vs_market,2,1
,,Y2024,,23069,0.00554721,-0.00522236,-0.0158537,0.163357,0.0827625,0.0487731,0.410648,0.268136,0.19065,-0.142304,stock_vs_sector_x_sector_vs_market,2,2
,,Y2024,,19701,0.00354421,-0.0107405,-0.0188586,0.174315,0.0928426,0.0539594,0.463299,0.286413,0.213914,-0.153547,stock_vs_sector_x_sector_vs_market,2,3
,,Y2024,,24593,0.014201,-0.00660501,-0.00507144,0.238482,0.140731,0.0868133,0.470744,0.368402,0.276132,-0.166885,stock_vs_sector_x_sector_vs_market,3,1
,,Y2024,,21554,0.0128173,-0.0121294,-0.00937665,0.250336,0.150137,0.0979255,0.527962,0.394265,0.292933,-0.181281,stock_vs_sector_x_sector_vs_market,3,2
,,Y2024,,20298,0.00434373,-0.0241449,-0.0184726,0.263057,0.162791,0.106671,0.61214,0.41438,0.322976,-0.200574,stock_vs_sector_x_sector_vs_market,3,3
,,Y2024,,39955,,,0.0445115,1.20396,,,,,,,stock_vs_sector_x_sector_vs_market,stock_specific_top20,volbeta_ctl_lift
,,Y2024,,39817,,,0.00404954,1.0303,,,,,,,stock_vs_sector_x_sector_vs_market,sector_beta_top20,volbeta_ctl_lift
,,Y2024,,39955,,,0.0463591,1.22423,,,,,,,stock_vs_sector_x_sector_vs_market,market_rel_top20,volbeta_ctl_lift
,,Y2025,,15986,0.021326,0.001349,-0.0180863,0.242301,0.132198,0.0802454,0.474962,0.349941,0.258328,-0.150968,stock_vs_sector_x_sector_vs_market,1,1
,,Y2025,,19060,-0.00279304,-0.00810809,-0.0202033,0.219552,0.132235,0.0828567,0.449126,0.355947,0.239041,-0.23815,stock_vs_sector_x_sector_vs_market,1,2
,,Y2025,,22293,0.00658902,-0.00683566,-0.0144854,0.214715,0.12777,0.073755,0.490444,0.348091,0.255706,-0.194916,stock_vs_sector_x_sector_vs_market,1,3
,,Y2025,,20241,0.0192351,0.0036309,-0.0197157,0.19666,0.102777,0.0556873,0.376618,0.304943,0.226346,-0.135553,stock_vs_sector_x_sector_vs_market,2,1
,,Y2025,,19406,-0.000193692,-0.00343643,-0.0185894,0.195248,0.112365,0.0673677,0.402093,0.320611,0.216545,-0.216568,stock_vs_sector_x_sector_vs_market,2,2
,,Y2025,,17781,0.006121,-0.0083647,-0.0100915,0.194285,0.117505,0.0700304,0.492913,0.331892,0.250057,-0.182612,stock_vs_sector_x_sector_vs_market,2,3
,,Y2025,,21195,0.0219193,0.00327883,-0.0144587,0.245988,0.144421,0.0904285,0.44124,0.375,0.281737,-0.168707,stock_vs_sector_x_sector_vs_market,3,1
,,Y2025,,18956,0.00879073,-0.00664586,-0.00792714,0.281191,0.180811,0.119327,0.494881,0.447264,0.311675,-0.232332,stock_vs_sector_x_sector_vs_market,3,2
,,Y2025,,17349,0.0135032,-0.0171702,-0.00656629,0.278623,0.183789,0.12758,0.594489,0.463641,0.351072,-0.204142,stock_vs_sector_x_sector_vs_market,3,3
,,Y2025,,34577,,,0.0360731,1.17518,,,,,,,stock_vs_sector_x_sector_vs_market,stock_specific_top20,volbeta_ctl_lift
,,Y2025,,34450,,,-0.0145212,0.937367,,,,,,,stock_vs_sector_x_sector_vs_market,sector_beta_top20,volbeta_ctl_lift
,,Y2025,,34577,,,0.0422311,1.20591,,,,,,,stock_vs_sector_x_sector_vs_market,market_rel_top20,volbeta_ctl_lift
,,Y2026YTD,,12161,0.0440621,0.00487805,0.00419114,0.378913,0.250277,0.169155,0.613154,0.550501,0.403794,-0.187919,stock_vs_sector_x_sector_vs_market,1,1
,,Y2026YTD,,15369,0.0235148,-0.00636943,-0.0134413,0.338631,0.223194,0.160684,0.574753,0.56047,0.379323,-0.234251,stock_vs_sector_x_sector_vs_market,1,2
,,Y2026YTD,,17877,0.0238738,-0.00500626,-0.0185434,0.373999,0.251807,0.178011,0.547255,0.603373,0.352622,-0.194244,stock_vs_sector_x_sector_vs_market,1,3
,,Y2026YTD,,17108,0.02983,0.00331309,-0.0111219,0.281753,0.169964,0.110002,0.466506,0.423959,0.304268,-0.159212,stock_vs_sector_x_sector_vs_market,2,1
,,Y2026YTD,,15056,0.0189381,-3.25574e-08,-0.0196895,0.285004,0.183057,0.131442,0.481526,0.479783,0.320949,-0.209821,stock_vs_sector_x_sector_vs_market,2,2
,,Y2026YTD,,13297,0.0290582,-2.22045e-16,-0.0109305,0.3601,0.247472,0.181001,0.489671,0.597715,0.368636,-0.185714,stock_vs_sector_x_sector_vs_market,2,3
,,Y2026YTD,,16190,0.0377957,-0.002849,-0.00271243,0.348241,0.236992,0.164131,0.570347,0.564753,0.440727,-0.209975,stock_vs_sector_x_sector_vs_market,3,1
,,Y2026YTD,,15034,0.0216998,-0.0130011,-0.0154663,0.361197,0.255219,0.186155,0.62118,0.617511,0.440152,-0.270209,stock_vs_sector_x_sector_vs_market,3,2
,,Y2026YTD,,14286,0.0535149,5.91313e-09,0.0114345,0.485523,0.372369,0.294862,0.640536,0.873452,0.537001,-0.248647,stock_vs_sector_x_sector_vs_market,3,3
,,Y2026YTD,,24241,,,0.0446895,1.11325,,,,,,,stock_vs_sector_x_sector_vs_market,stock_specific_top20,volbeta_ctl_lift
,,Y2026YTD,,24460,,,0.0632228,1.1513,,,,,,,stock_vs_sector_x_sector_vs_market,sector_beta_top20,volbeta_ctl_lift
,,Y2026YTD,,24241,,,0.0551441,1.14456,,,,,,,stock_vs_sector_x_sector_vs_market,market_rel_top20,volbeta_ctl_lift
