section,metric,value,note
trade_level,n_probes,385,
trade_level,probes_per_year,230.5266393442623,
trade_level,win_rate,0.18961038961038962,
trade_level,pf,1.123279192671483,
trade_level,payoff,4.8008644947055155,
trade_level,ev_slots_per_probe,0.0018832010916492842,
trade_level,total_pnl_slots,0.7250324202849744,
trade_level,slot_days,1631.0,
trade_level,pnl_per_100_slot_days,0.04445324465266551,
trade_level,avg_winner_ret,0.11943458864159943,
trade_level,avg_loser_ret,-0.04469486031612963,
trade_level,avg_winner_slots,0.09049664925114559,
trade_level,avg_loser_slots,-0.018850073637976455,
trade_level,median_holding,5.0,
trade_level,ge10,27,
trade_level,ge20,14,
trade_level,ge30,7,
trade_level,ge40,5,
trade_level,ge20_rate,0.03636363636363636,
trade_level,top1pct_share,3.2481613053653007,
trade_level,top5pct_share,7.212972159075675,
trade_level,top5_trades_share,3.7139609029580156,
trade_level,pnl_ex_top5_slots,-1.9677096420304458,
trade_level,ret_p95,0.1579558306569016,
trade_level,ret_p99,0.4519868428337023,
trade_level,ret_max,0.6931293318538949,
trade_level,skew,3.7757225922126874,
trade_level,false_probe_rate,0.7636363636363637,
trade_level,avg_failed_loss_ret,-0.02679943164721139,
trade_level,median_failed_loss_ret,-0.033180361809490716,
trade_level,avg_failed_loss_slots,-0.006699857911802848,
trade_level,failed_mae_mean,-0.03471721477123579,
trade_level,failed_worst5pct_ret,-0.08491383656245718,
trade_level,failed_holding_median,3.0,
trade_level,failed_slot_days,285.5,
trade_level,confirmation_rate,0.22337662337662337,
trade_level,add_rate,0.22337662337662337,
trade_level,full_rate,0.22337662337662337,
trade_level,days_probe_to_confirm_mean,3.1744186046511627,
trade_level,days_probe_to_confirm_median,3.0,
trade_level,add_premium_mean,0.09978736962696991,
trade_level,add_premium_median,0.08641663545747669,
trade_level,add_mfe_mean,0.17151938164392302,
trade_level,add_mae_mean,-0.07282961485009558,
trade_level,add_leg_pf,1.224197886147029,
trade_level,add_payoff,2.2851693874744545,
trade_level,add_reward_risk_at_add,0.9959036728290606,
portfolio,total_return,-0.004699187108248237,
portfolio,cagr,-0.002933772894347708,
portfolio,mdd,-0.09249133747312055,
portfolio,sharpe,0.01229062272427749,
portfolio,calmar,-0.03171943421404528,
portfolio,vol,0.08998388179906883,
portfolio,avg_occupancy,0.10030864197530864,
portfolio,avg_probe_capital_pct,0.028347317703525984,
portfolio,probe_capital_utilization,0.5506172839506173,
portfolio,avg_cash_pct,0.8894828874216613,
portfolio,turnover_annual,2.9520250094469973,
portfolio,failed_probe_slot_days,95.25,
portfolio,opportunity_cost_pct,0.01940236675988575,
portfolio,missed_for_capacity,0,
portfolio,pnl_per_100_slot_days_pct,-0.011533117582662454,
portfolio,trades_per_year,75.28888888888889,
portfolio,c_n_probes,121,
portfolio,c_probes_per_year,75.28888888888889,
portfolio,c_win_rate,0.19008264462809918,
portfolio,c_pf,0.9609059597657827,
portfolio,c_payoff,4.094294959002031,
portfolio,c_ev_slots_per_probe,-0.0006505786749837867,
portfolio,c_total_pnl_slots,-0.0787200196730382,
portfolio,c_slot_days,406.25,
portfolio,c_pnl_per_100_slot_days,-0.019377235611824785,
portfolio,c_avg_winner_ret,0.1199256171113653,
portfolio,c_avg_loser_ret,-0.04882564216704039,
portfolio,c_avg_winner_slots,0.08412550598007149,
portfolio,c_avg_loser_slots,-0.02054700670627227,
portfolio,c_median_holding,4.0,
portfolio,c_ge10,9,
portfolio,c_ge20,5,
portfolio,c_ge30,1,
portfolio,c_ge40,1,
portfolio,c_ge20_rate,0.04132231404958678,
portfolio,c_top1pct_share,,
portfolio,c_top5pct_share,,
portfolio,c_top5_trades_share,,
portfolio,c_pnl_ex_top5_slots,-1.538420720106539,
portfolio,c_ret_p95,0.18378363792845115,
portfolio,c_ret_p99,0.26266861204897707,
portfolio,c_ret_max,0.6545146007757876,
portfolio,c_skew,3.7623875524630996,
portfolio,c_false_probe_rate,0.8016528925619835,
portfolio,c_avg_failed_loss_ret,-0.028037239460290114,
portfolio,c_median_failed_loss_ret,-0.03839205299009068,
portfolio,c_avg_failed_loss_slots,-0.007043627857425551,
portfolio,c_failed_mae_mean,-0.036208450029512604,
portfolio,c_failed_worst5pct_ret,-0.07874373673089331,
portfolio,c_failed_holding_median,4.0,
portfolio,c_failed_slot_days,95.25,
portfolio,c_confirmation_rate,0.19008264462809918,
portfolio,c_add_rate,0.19008264462809918,
portfolio,c_full_rate,0.19008264462809918,
portfolio,c_days_probe_to_confirm_mean,2.6956521739130435,
portfolio,c_days_probe_to_confirm_median,2.0,
portfolio,c_add_premium_mean,0.13005152624739463,
portfolio,c_add_premium_median,0.13684208292184286,
portfolio,c_add_mfe_mean,0.20133977241126408,
portfolio,c_add_mae_mean,-0.09746939833950083,
portfolio,c_add_leg_pf,1.0094077278296292,
portfolio,c_add_payoff,1.8926394896805547,
portfolio,c_add_reward_risk_at_add,1.0457218841098597,
verdict,DISCOVERY,REJECT,OOS lift20=1.18 lift30=1.27 (Discovery lift20=1.26) MAE10 lift=1.11
verdict,PROBE,WATCH,OOS PF=1.12 EV/probe=0.0019 slots n=385 placebo p=0.488
verdict,FAILED_PROBE_EXIT,ACCEPT,OOS avg=-2.68% worst5%=-8.49% median hold=3.0 (Discovery avg=-3.52%)
verdict,CONFIRMATION,WATCH,OOS add-leg PF=1.22 P(>=20%|conf)=11.63% vs all=3.64% add premium med=8.64% R/R med=1.00
verdict,ADD,ACCEPT,OOS PnL with add=0.73 vs probe-only=0.18 slots; eff 0.044 vs 0.026; PF 1.12 vs 1.06; Calmar -0.03 vs -0.19
verdict,FULL_SYSTEM,REJECT,CAGR>0:✘; Sharpe>=0.8:✘; MDD>=-25%:✔; PF>=1.3:✘; stress CAGR>0:✘; stress PF>=1.1:✘; ex-top5>0:✘; 2025>0:✘; 2026YTD>0:✘; PROBE!=REJECT:✔
